latitude,longitude,elevation,utc_offset_seconds,timezone,timezone_abbreviation
6.3620386,2.4120603,8.0,3600,Africa/Porto-Novo,GMT+1

time,weather_code (wmo code),temperature_2m_max (°C),temperature_2m_min (°C),temperature_2m_mean (°C),precipitation_sum (mm),rain_sum (mm),precipitation_hours (h),wind_speed_10m_max (km/h),wind_gusts_10m_max (km/h),wind_direction_10m_dominant (°),relative_humidity_2m_mean (%),surface_pressure_mean (hPa),cloud_cover_mean (%),sunshine_duration (s)
2015-01-01,2,29.3,24.5,26.9,0.00,0.00,0.0,17.0,34.9,215,79,1010.2,10,41319.21
2015-01-02,0,29.2,24.6,27.0,0.00,0.00,0.0,15.1,32.0,204,78,1011.0,4,41278.21
2015-01-03,3,28.9,24.7,26.9,0.00,0.00,0.0,16.7,31.3,174,83,1012.2,39,40985.12
2015-01-04,3,29.4,23.9,26.5,0.00,0.00,0.0,12.7,24.5,117,73,1012.6,15,41837.27
2015-01-05,0,29.1,23.0,25.8,0.00,0.00,0.0,12.3,24.1,91,57,1012.2,0,41934.91
2015-01-06,3,28.4,22.0,25.3,0.00,0.00,0.0,13.5,27.7,163,59,1011.4,68,41942.25
2015-01-07,3,28.8,21.8,25.4,0.00,0.00,0.0,14.8,29.2,175,66,1011.3,51,41950.01
2015-01-08,3,28.3,22.0,25.3,0.00,0.00,0.0,13.7,27.7,170,72,1012.0,39,41958.19
2015-01-09,3,28.9,22.6,25.7,0.00,0.00,0.0,14.8,29.2,105,67,1012.5,53,41966.77
2015-01-10,3,28.2,21.7,25.0,0.00,0.00,0.0,14.1,27.0,87,57,1012.8,66,41975.74
2015-01-11,3,27.9,21.4,24.9,0.00,0.00,0.0,13.7,25.2,80,57,1013.1,9,41985.09
2015-01-12,2,29.0,20.8,24.8,0.00,0.00,0.0,14.4,28.8,54,53,1011.5,17,41994.80
2015-01-13,0,28.1,21.2,24.4,0.00,0.00,0.0,14.4,31.7,67,55,1011.2,1,42004.85
2015-01-14,0,27.7,20.8,24.3,0.00,0.00,0.0,13.3,28.1,142,62,1011.1,3,42015.23
2015-01-15,3,27.7,21.2,24.7,0.00,0.00,0.0,14.0,31.7,183,74,1011.3,48,42025.92
2015-01-16,0,28.1,22.3,25.3,0.00,0.00,0.0,15.2,32.8,197,81,1011.5,2,42036.92
2015-01-17,3,29.1,23.5,25.9,0.00,0.00,0.0,17.4,33.8,221,83,1011.5,22,41026.31
2015-01-18,3,29.1,24.9,26.4,0.00,0.00,0.0,16.9,32.8,211,83,1011.8,26,40556.85
2015-01-19,53,29.5,25.3,26.8,0.70,0.70,2.0,13.7,33.5,219,84,1010.7,40,39798.21
2015-01-20,53,28.1,25.6,26.7,1.30,1.30,3.0,14.5,30.6,212,86,1009.3,54,39373.87
2015-01-21,51,29.1,25.8,27.0,0.20,0.20,1.0,15.3,31.3,212,84,1010.3,32,41125.85
2015-01-22,3,29.7,25.6,27.1,0.00,0.00,0.0,17.9,32.4,221,84,1010.8,66,37694.76
2015-01-23,3,30.1,25.9,27.4,0.00,0.00,0.0,18.3,37.1,220,84,1010.0,86,41415.29
2015-01-24,61,28.8,25.8,27.0,3.50,3.50,7.0,16.3,32.8,221,86,1008.8,89,40696.63
2015-01-25,61,28.7,25.7,26.8,2.80,2.80,6.0,16.3,35.6,221,86,1008.8,55,35739.42
2015-01-26,55,28.7,26.0,27.0,2.40,2.40,8.0,16.6,29.9,221,85,1009.9,55,38070.09
2015-01-27,61,29.6,26.2,27.4,2.20,2.20,1.0,18.5,32.8,223,85,1009.7,62,40994.81
2015-01-28,51,29.5,26.0,27.3,0.90,0.90,5.0,19.6,38.5,218,85,1009.2,69,37048.36
2015-01-29,51,28.8,26.0,27.1,0.40,0.40,3.0,18.3,36.0,210,85,1009.4,40,39808.76
2015-01-30,53,29.0,26.2,27.2,1.10,1.10,4.0,16.1,33.8,215,85,1010.1,42,40556.29
2015-01-31,53,29.4,26.1,27.2,0.60,0.60,1.0,19.8,33.8,219,84,1010.5,54,39695.89
2015-02-01,53,29.9,26.0,27.3,1.10,1.10,2.0,15.8,31.3,227,84,1009.5,64,40162.98
2015-02-02,51,29.0,26.3,27.4,0.80,0.80,4.0,17.1,32.0,222,84,1009.1,78,39415.54
2015-02-03,53,29.1,26.6,27.5,0.70,0.70,2.0,16.8,37.4,219,85,1009.3,86,39639.41
2015-02-04,53,29.5,26.4,27.6,0.70,0.70,3.0,16.0,32.0,214,84,1009.3,97,39890.48
2015-02-05,51,29.6,26.6,27.7,0.60,0.60,3.0,15.8,35.3,221,84,1008.9,53,40866.06
2015-02-06,53,29.4,26.6,27.7,1.50,1.50,5.0,18.7,36.0,219,84,1008.7,41,40788.19
2015-02-07,51,29.8,26.5,27.7,0.90,0.90,5.0,17.4,40.0,222,83,1009.1,47,41360.80
2015-02-08,51,29.8,26.6,27.9,0.30,0.30,1.0,17.9,36.0,217,83,1008.8,75,40884.44
2015-02-09,3,30.0,26.7,27.9,0.00,0.00,0.0,19.5,35.6,217,84,1008.3,89,40408.36
2015-02-10,51,30.1,26.7,28.1,0.60,0.60,5.0,17.0,32.8,211,83,1008.5,62,40651.23
2015-02-11,53,30.4,27.0,28.3,1.40,1.40,3.0,18.1,31.0,224,83,1008.8,85,41609.87
2015-02-12,61,28.8,26.9,27.6,3.10,3.10,6.0,19.2,34.9,229,83,1010.2,89,32432.40
2015-02-13,55,29.9,26.8,28.0,1.80,1.80,6.0,19.6,36.4,224,81,1011.1,80,39508.63
2015-02-14,53,29.0,26.3,27.6,1.70,1.70,5.0,19.4,32.4,215,83,1011.1,97,30275.42
2015-02-15,51,29.8,26.7,27.9,1.00,1.00,3.0,18.3,35.6,212,82,1010.4,49,40647.08
2015-02-16,51,30.0,26.7,28.0,0.20,0.20,1.0,15.9,35.6,223,81,1009.9,56,41118.04
2015-02-17,53,30.0,27.0,28.1,1.30,1.30,4.0,16.8,33.8,223,82,1008.6,61,41586.79
2015-02-18,63,28.6,25.6,27.0,13.80,13.80,12.0,19.1,35.3,211,84,1008.2,76,38313.29
2015-02-19,63,28.8,25.0,26.9,10.00,10.00,8.0,14.6,29.2,196,82,1008.3,96,39469.91
2015-02-20,61,29.3,25.0,27.2,3.70,3.70,6.0,15.3,31.3,220,83,1007.6,59,42605.35
2015-02-21,61,29.9,25.9,27.5,1.60,1.60,1.0,17.4,37.1,231,84,1007.8,87,42496.98
2015-02-22,61,28.5,24.7,26.6,5.10,5.10,9.0,17.1,31.0,241,85,1009.1,98,32401.96
2015-02-23,53,28.2,25.6,27.0,2.30,2.30,7.0,15.6,35.3,217,86,1010.0,89,28521.41
2015-02-24,51,29.3,25.7,27.3,0.10,0.10,1.0,15.4,30.2,216,85,1009.6,99,38459.01
2015-02-25,3,29.8,26.5,27.7,0.00,0.00,0.0,19.5,37.4,222,85,1007.9,98,41345.68
2015-02-26,51,30.0,26.8,27.9,0.20,0.20,1.0,18.4,37.1,217,84,1007.8,96,34265.64
2015-02-27,55,28.3,25.8,26.8,5.30,5.30,8.0,16.1,31.3,200,85,1009.1,91,41952.28
2015-02-28,61,29.3,25.7,27.4,3.00,3.00,3.0,14.5,25.6,192,82,1009.6,85,38240.93
2015-03-01,63,30.0,26.3,27.8,6.40,6.40,4.0,15.9,29.9,222,83,1009.0,68,41327.12
2015-03-02,51,29.9,26.5,27.9,0.10,0.10,1.0,17.9,31.7,216,83,1008.5,51,39411.41
2015-03-03,61,29.7,26.5,27.7,4.10,4.10,7.0,15.2,33.8,216,85,1008.9,69,42826.51
2015-03-04,63,29.1,26.4,27.4,5.10,5.10,4.0,14.2,28.4,207,84,1009.7,68,41643.83
2015-03-05,3,30.0,26.3,27.8,0.00,0.00,0.0,13.6,30.2,220,83,1009.1,48,42867.47
2015-03-06,61,29.9,26.8,28.0,1.50,1.50,1.0,15.8,31.3,218,84,1008.9,66,42888.16
2015-03-07,51,29.5,26.5,27.8,0.80,0.80,5.0,17.6,34.2,219,85,1008.7,94,40890.21
2015-03-08,53,29.9,26.5,27.8,0.80,0.80,1.0,18.1,36.4,217,84,1008.1,51,42929.89
2015-03-09,63,30.1,26.7,28.0,3.80,3.80,8.0,16.5,34.2,212,85,1008.5,46,39534.39
2015-03-10,51,29.8,26.9,28.1,1.50,1.50,7.0,18.3,37.4,215,85,1008.9,63,41761.95
2015-03-11,51,29.9,27.2,28.3,1.60,1.60,9.0,15.8,32.0,204,83,1009.6,66,42993.12
2015-03-12,63,30.1,27.1,28.3,3.00,3.00,4.0,17.5,29.5,201,84,1007.9,54,43014.30
2015-03-13,61,29.5,26.7,27.8,1.90,1.90,5.0,13.9,31.7,210,84,1007.2,92,38439.32
2015-03-14,63,30.3,26.6,28.0,4.20,4.20,4.0,14.4,27.4,219,82,1006.5,64,43056.74
2015-03-15,61,30.3,27.3,28.5,3.50,3.50,3.0,17.7,35.3,222,84,1006.8,67,41310.77
2015-03-16,55,29.7,27.3,28.1,1.50,1.50,4.0,19.6,38.9,213,87,1008.1,99,29961.04
2015-03-17,51,29.3,26.6,27.7,0.60,0.60,4.0,17.2,33.8,200,87,1008.6,69,40263.27
2015-03-18,3,30.6,26.2,27.8,0.00,0.00,0.0,18.6,34.2,231,83,1007.6,83,40371.77
2015-03-19,51,29.9,26.8,28.0,0.50,0.50,2.0,16.5,36.4,218,84,1006.6,44,42732.39
2015-03-20,53,29.9,26.6,28.0,0.60,0.60,2.0,18.6,39.6,213,83,1006.5,63,40648.42
2015-03-21,63,28.5,26.3,27.3,7.50,7.50,8.0,16.1,37.1,219,85,1008.1,94,36003.15
2015-03-22,3,29.6,25.6,27.8,0.00,0.00,0.0,22.4,31.0,233,81,1008.6,100,20812.62
2015-03-23,3,30.3,26.8,28.2,0.00,0.00,0.0,17.6,37.1,224,82,1008.1,73,42037.31
2015-03-24,63,30.3,26.8,28.1,4.30,4.30,4.0,19.0,40.0,221,84,1007.7,66,42748.41
2015-03-25,63,28.1,25.3,26.8,10.30,10.30,6.0,16.9,32.0,231,86,1008.6,100,3859.91
2015-03-26,63,29.0,26.2,27.5,10.30,10.30,6.0,13.2,22.3,225,85,1010.3,95,33660.51
2015-03-27,53,30.3,26.2,28.2,2.60,2.60,6.0,18.9,33.8,234,82,1011.5,97,28871.54
2015-03-28,55,30.0,27.1,28.1,2.00,2.00,4.0,19.4,34.9,229,83,1010.6,92,37232.11
2015-03-29,63,29.1,27.1,27.8,5.10,5.10,9.0,19.1,33.8,216,85,1009.5,88,36329.50
2015-03-30,63,28.0,26.4,27.1,6.30,6.30,11.0,19.5,33.8,218,84,1009.4,94,34668.41
2015-03-31,63,27.7,25.2,26.3,10.50,10.50,13.0,13.5,28.4,173,86,1010.3,99,20356.14
2015-04-01,53,27.6,24.6,26.2,2.40,2.40,7.0,9.9,18.0,245,86,1010.9,100,1424.11
2015-04-02,3,29.0,25.4,27.3,0.00,0.00,0.0,14.7,27.0,210,83,1010.0,94,42968.74
2015-04-03,3,29.0,26.4,27.4,0.00,0.00,0.0,14.9,27.0,212,85,1008.8,66,35521.35
2015-04-04,51,29.3,26.7,27.6,0.20,0.20,1.0,17.6,38.5,215,85,1008.4,48,41494.20
2015-04-05,51,28.9,26.0,27.1,1.00,1.00,5.0,17.7,36.4,213,86,1008.6,48,42946.39
2015-04-06,53,29.1,25.9,27.2,1.40,1.40,5.0,14.1,30.6,215,85,1008.8,64,40518.47
2015-04-07,63,29.5,26.1,27.3,3.00,3.00,4.0,19.8,33.5,211,85,1009.5,65,35321.66
2015-04-08,53,29.5,26.4,27.7,1.40,1.40,5.0,14.2,28.4,200,83,1009.2,61,35754.41
2015-04-09,53,29.6,26.6,27.7,1.80,1.80,3.0,14.9,32.4,211,84,1009.2,76,41676.15
2015-04-10,55,29.3,26.6,27.6,2.20,2.20,6.0,17.6,33.5,204,84,1009.4,79,39940.52
2015-04-11,61,28.9,26.8,27.5,3.60,3.60,8.0,16.0,31.3,203,84,1009.7,74,40985.74
2015-04-12,61,28.4,25.9,26.9,6.70,6.70,8.0,10.7,25.2,189,85,1011.3,99,20602.70
2015-04-13,3,30.1,26.3,27.8,0.00,0.00,0.0,13.0,31.3,220,81,1011.2,81,42901.06
2015-04-14,51,30.0,26.5,27.9,0.10,0.10,1.0,17.3,35.6,219,83,1009.6,98,41888.18
2015-04-15,3,30.3,26.8,28.0,0.00,0.00,0.0,18.8,37.4,223,83,1009.0,61,42891.55
2015-04-16,51,29.1,26.9,27.9,0.70,0.70,5.0,16.9,31.0,218,83,1009.9,52,42887.06
2015-04-17,53,29.9,27.2,28.3,0.70,0.70,1.0,15.6,31.0,212,82,1010.2,56,42882.78
2015-04-18,53,29.9,27.0,28.2,1.30,1.30,4.0,14.2,29.9,213,82,1010.0,30,42878.77
2015-04-19,51,30.0,27.1,28.3,1.00,1.00,4.0,15.7,33.5,208,82,1009.1,28,42875.03
2015-04-20,51,30.1,27.2,28.4,1.50,1.50,7.0,16.4,31.7,206,81,1009.1,80,42871.60
2015-04-21,51,29.9,27.2,28.4,0.80,0.80,4.0,17.7,33.1,202,81,1008.8,59,42868.50
2015-04-22,2,30.3,27.4,28.5,0.00,0.00,0.0,17.5,31.3,208,80,1009.4,30,42865.78
2015-04-23,51,30.1,27.3,28.4,0.40,0.40,2.0,17.3,35.3,217,81,1009.5,47,42863.45
2015-04-24,51,29.9,27.0,28.2,0.60,0.60,5.0,18.3,37.1,212,82,1010.1,62,42861.55
2015-04-25,61,30.0,27.1,28.1,2.90,2.90,6.0,16.6,31.3,219,81,1010.8,71,31120.54
2015-04-26,51,30.1,27.3,28.3,0.50,0.50,3.0,15.6,32.0,194,82,1010.9,70,42859.14
2015-04-27,3,30.0,26.6,28.1,0.00,0.00,0.0,14.3,28.8,213,80,1010.0,55,41961.53
2015-04-28,53,30.6,27.2,28.6,0.50,0.50,1.0,16.9,36.0,213,79,1009.4,39,42858.79
2015-04-29,53,30.4,26.9,28.6,1.40,1.40,5.0,17.4,33.5,215,78,1009.2,63,42620.41
2015-04-30,63,30.2,27.6,28.6,4.00,4.00,6.0,16.5,33.1,207,78,1008.6,31,42753.99
2015-05-01,51,30.4,27.6,28.8,0.40,0.40,2.0,18.0,33.5,205,79,1008.1,55,42862.33
2015-05-02,51,30.6,27.3,28.9,0.20,0.20,2.0,16.3,33.8,204,79,1008.1,96,42285.61
2015-05-03,63,30.2,26.7,28.3,5.40,5.40,8.0,16.5,37.4,205,81,1008.7,68,40608.92
2015-05-04,63,29.8,26.3,27.5,8.10,8.10,9.0,15.9,32.4,217,84,1008.7,96,27517.12
2015-05-05,63,28.7,25.7,26.9,14.60,14.60,15.0,11.4,32.4,210,85,1010.4,87,28084.86
2015-05-06,63,29.2,25.8,27.6,5.40,5.40,9.0,11.8,24.5,237,83,1010.1,88,30660.95
2015-05-07,53,30.4,27.2,28.5,0.50,0.50,1.0,18.9,38.2,225,81,1009.7,31,42881.25
2015-05-08,51,30.0,26.9,28.3,0.40,0.40,3.0,17.8,35.3,208,82,1010.9,66,42885.85
2015-05-09,53,29.4,26.6,27.9,1.20,1.20,3.0,18.2,36.7,223,83,1010.9,43,41831.38
2015-05-10,63,29.8,25.8,27.9,7.50,7.50,9.0,14.3,32.8,216,82,1010.2,51,42076.97
2015-05-11,61,30.2,25.7,28.1,3.00,3.00,6.0,15.1,31.0,224,81,1010.0,61,42198.54
2015-05-12,63,29.9,26.2,28.1,11.50,11.50,10.0,14.9,34.9,215,83,1010.4,32,38299.13
2015-05-13,63,29.9,26.5,28.1,7.00,7.00,9.0,14.7,27.0,213,84,1009.8,75,41203.43
2015-05-14,63,28.6,25.9,27.6,16.50,16.50,13.0,17.0,30.2,194,85,1009.2,91,34149.38
2015-05-15,63,29.9,25.0,27.5,8.00,8.00,9.0,9.6,24.1,204,85,1009.9,94,35636.17
2015-05-16,51,30.9,26.4,28.4,0.30,0.30,1.0,18.6,31.0,228,82,1010.3,44,42936.47
2015-05-17,53,30.3,27.3,28.5,2.60,2.60,11.0,16.8,29.9,223,82,1010.2,95,34029.11
2015-05-18,61,29.7,27.3,28.0,7.70,7.70,15.0,15.8,32.8,217,84,1010.2,91,31893.23
2015-05-19,53,29.2,26.1,27.7,3.20,3.20,10.0,15.5,33.5,226,83,1010.7,93,41146.59
2015-05-20,51,29.0,26.5,27.7,0.40,0.40,3.0,15.5,29.5,214,83,1010.5,97,29733.38
2015-05-21,51,29.8,26.9,28.2,0.50,0.50,4.0,14.7,29.5,221,81,1011.4,69,41605.35
2015-05-22,53,29.1,26.2,27.6,3.10,3.10,11.0,17.5,30.6,214,84,1011.2,88,40806.25
2015-05-23,63,27.6,25.3,26.5,17.00,17.00,16.0,20.7,32.8,196,86,1011.7,100,8552.33
2015-05-24,61,29.2,24.7,27.0,9.30,9.30,8.0,17.4,31.7,221,83,1012.0,94,42332.91
2015-05-25,51,29.3,26.5,27.8,0.20,0.20,1.0,16.3,31.0,213,81,1010.7,77,40747.68
2015-05-26,61,29.0,26.3,27.5,4.40,4.40,10.0,17.2,34.2,212,83,1010.1,68,36642.26
2015-05-27,63,28.2,25.6,26.7,6.60,6.60,16.0,17.9,35.6,196,86,1010.3,77,38009.96
2015-05-28,63,28.5,25.4,26.7,3.90,3.90,10.0,16.6,35.6,191,85,1010.3,80,36472.68
2015-05-29,63,28.3,25.8,26.8,6.40,6.40,9.0,15.1,32.0,233,85,1009.9,96,25384.49
2015-05-30,51,28.7,25.7,27.1,2.10,2.10,9.0,16.7,36.4,214,83,1010.3,75,40096.85
2015-05-31,61,26.8,24.6,26.0,12.10,12.10,14.0,12.2,23.4,169,88,1010.9,100,1481.22
2015-06-01,61,28.6,25.7,26.8,3.20,3.20,7.0,17.8,33.1,216,85,1010.2,87,31860.37
2015-06-02,63,27.9,25.0,26.3,6.90,6.90,12.0,14.4,33.5,200,86,1010.4,87,30448.61
2015-06-03,63,26.3,25.1,25.8,11.60,11.60,13.0,12.6,21.6,211,86,1011.6,99,6588.49
2015-06-04,63,27.2,25.1,26.1,6.40,6.40,11.0,12.8,31.3,222,85,1011.9,94,23367.25
2015-06-05,63,27.8,25.1,26.2,9.20,9.20,7.0,15.3,37.8,244,86,1011.0,98,21169.93
2015-06-06,55,27.7,25.2,26.3,2.50,2.50,8.0,16.6,29.2,219,84,1011.1,87,39637.41
2015-06-07,61,27.2,24.9,26.1,5.60,5.60,13.0,15.5,33.5,210,84,1011.3,99,24244.92
2015-06-08,63,27.1,24.7,25.8,12.10,12.10,16.0,15.6,27.4,204,86,1011.3,99,18624.21
2015-06-09,63,26.2,24.4,25.5,12.30,12.30,18.0,12.7,28.4,206,87,1011.5,99,23121.77
2015-06-10,53,27.5,24.6,25.9,3.20,3.20,11.0,15.1,31.7,218,86,1012.4,72,41561.64
2015-06-11,51,28.0,25.0,26.4,0.90,0.90,4.0,17.1,33.1,233,84,1012.2,70,43200.00
2015-06-12,51,27.9,25.3,26.5,0.90,0.90,5.0,18.0,34.2,208,85,1012.0,92,42125.78
2015-06-13,51,27.5,25.2,26.3,1.00,1.00,6.0,17.7,38.2,208,85,1011.7,63,40744.80
2015-06-14,61,26.8,23.9,25.5,6.60,6.60,14.0,16.2,26.6,181,86,1012.0,82,35576.31
2015-06-15,53,27.1,24.7,25.8,2.40,2.40,15.0,18.4,36.0,224,85,1012.4,67,26147.31
2015-06-16,51,27.2,25.2,26.1,1.30,1.30,8.0,20.6,41.8,228,82,1012.0,60,40359.96
2015-06-17,51,27.6,25.3,26.3,0.80,0.80,3.0,17.4,36.7,235,83,1010.9,48,43200.00
2015-06-18,55,27.8,25.0,26.1,2.40,2.40,8.0,20.2,39.2,233,85,1010.7,94,37182.88
2015-06-19,61,27.3,24.6,25.9,3.00,3.00,10.0,19.1,35.6,225,85,1011.8,59,40865.43
2015-06-20,63,27.6,24.6,25.9,8.00,8.00,18.0,16.6,38.5,229,84,1012.9,81,36646.90
2015-06-21,53,26.7,24.4,25.4,5.70,5.70,21.0,15.9,34.2,215,86,1014.0,78,43200.00
2015-06-22,55,27.0,24.1,25.6,4.60,4.60,16.0,16.7,36.4,218,85,1014.7,70,42095.49
2015-06-23,51,27.5,25.3,26.2,1.40,1.40,11.0,18.8,41.0,223,80,1014.8,47,43200.00
2015-06-24,51,27.3,24.9,26.0,1.70,1.70,9.0,18.7,38.9,230,82,1015.1,42,42710.64
2015-06-25,51,27.1,24.6,25.7,1.60,1.60,9.0,18.8,36.0,230,84,1016.1,69,38157.29
2015-06-26,63,26.9,25.0,25.9,7.60,7.60,14.0,18.9,33.5,231,83,1015.0,71,35048.47
2015-06-27,63,27.1,24.6,25.7,9.50,9.50,16.0,18.2,34.9,226,85,1013.7,71,35893.32
2015-06-28,63,25.3,23.9,24.6,25.30,25.30,22.0,15.0,29.9,236,91,1014.0,95,6991.15
2015-06-29,61,26.8,24.0,25.1,10.30,10.30,19.0,15.0,28.1,241,88,1014.2,70,34082.69
2015-06-30,53,26.9,24.4,25.3,1.80,1.80,7.0,18.8,36.7,234,87,1013.8,72,41262.13
2015-07-01,51,27.4,24.7,25.8,0.50,0.50,3.0,16.9,34.9,230,85,1012.9,74,43181.06
2015-07-02,61,26.9,24.6,25.5,6.50,6.50,15.0,19.1,38.5,230,87,1012.6,95,39204.83
2015-07-03,65,24.9,24.1,24.4,90.30,90.30,20.0,14.8,31.0,231,93,1012.7,99,0.00
2015-07-04,53,26.2,24.4,25.1,2.90,2.90,13.0,15.3,29.9,226,89,1013.2,79,28713.52
2015-07-05,61,27.3,24.5,25.4,3.70,3.70,7.0,12.8,27.4,228,88,1012.0,96,33980.44
2015-07-06,51,26.9,24.3,25.4,1.00,1.00,5.0,13.6,28.1,211,88,1011.4,73,28800.00
2015-07-07,55,26.8,24.3,25.5,1.30,1.30,2.0,14.6,25.6,220,88,1011.4,72,31971.43
2015-07-08,63,26.9,24.9,25.8,6.60,6.60,4.0,13.2,27.4,220,87,1011.4,81,39238.29
2015-07-09,53,27.5,24.7,25.8,0.90,0.90,4.0,15.7,32.0,231,88,1011.8,73,39601.26
2015-07-10,63,27.3,24.9,25.7,6.20,6.20,4.0,13.2,22.7,248,88,1012.8,99,23476.94
2015-07-11,61,27.7,24.9,26.0,2.00,2.00,1.0,16.7,28.1,218,87,1013.3,85,41876.18
2015-07-12,51,26.6,24.9,25.7,1.30,1.30,9.0,17.4,33.1,213,88,1012.9,77,34420.99
2015-07-13,53,27.2,24.3,25.6,2.40,2.40,9.0,16.1,33.5,224,87,1012.3,59,39489.24
2015-07-14,51,27.0,24.9,25.7,1.30,1.30,7.0,17.3,38.2,222,87,1011.7,71,41086.55
2015-07-15,63,26.8,24.6,25.4,5.00,5.00,10.0,18.5,32.8,216,87,1011.7,86,41834.08
2015-07-16,61,25.2,24.2,24.7,4.90,4.90,12.0,15.1,29.9,220,88,1013.1,94,3279.81
2015-07-17,51,26.7,24.2,25.3,0.20,0.20,1.0,13.0,29.2,224,86,1012.7,59,43200.00
2015-07-18,51,27.1,24.6,25.5,0.70,0.70,3.0,17.9,35.6,222,88,1012.5,70,36004.08
2015-07-19,53,26.7,24.2,25.3,2.30,2.30,10.0,22.0,40.3,224,87,1012.1,77,37952.51
2015-07-20,55,26.6,24.2,25.1,2.50,2.50,9.0,23.4,42.5,234,85,1012.4,96,36358.14
2015-07-21,51,26.1,23.9,24.8,1.00,1.00,6.0,18.8,35.6,226,86,1013.7,74,40717.28
2015-07-22,51,26.2,23.9,24.9,0.10,0.10,1.0,16.1,31.7,227,84,1013.7,57,42788.30
2015-07-23,51,26.4,23.8,24.9,0.30,0.30,3.0,19.3,34.2,232,84,1013.4,61,43017.75
2015-07-24,51,25.4,24.0,24.5,0.30,0.30,3.0,18.8,38.5,231,85,1013.1,85,13393.53
2015-07-25,53,26.4,23.8,24.8,2.10,2.10,4.0,18.4,34.2,231,84,1013.1,59,39128.69
2015-07-26,3,26.5,23.8,24.9,0.00,0.00,0.0,18.6,37.4,235,82,1013.2,72,39190.31
2015-07-27,51,25.9,23.9,24.7,0.50,0.50,4.0,22.5,42.8,226,83,1012.8,91,27394.09
2015-07-28,51,25.8,23.8,24.6,1.50,1.50,7.0,21.3,43.6,225,81,1013.7,51,40601.65
2015-07-29,51,25.9,23.5,24.5,1.20,1.20,6.0,16.9,36.0,223,82,1014.3,85,41956.28
2015-07-30,53,25.6,23.6,24.4,1.60,1.60,7.0,17.8,40.0,231,84,1013.8,85,34424.76
2015-07-31,51,26.2,23.7,24.8,0.30,0.30,1.0,18.4,33.1,234,83,1013.0,69,41016.58
2015-08-01,51,26.5,23.7,24.7,0.50,0.50,2.0,18.1,37.8,227,86,1012.4,77,34878.25
2015-08-02,51,26.2,23.7,24.8,0.30,0.30,2.0,16.2,33.1,219,86,1012.5,97,41662.50
2015-08-03,51,26.2,23.7,24.7,1.00,1.00,5.0,16.2,34.9,228,88,1013.3,99,40082.37
2015-08-04,51,26.1,23.5,24.6,1.60,1.60,8.0,17.9,33.5,226,87,1013.1,80,39582.55
2015-08-05,51,27.0,23.8,25.0,0.60,0.60,3.0,17.9,36.4,234,85,1012.4,62,43200.00
2015-08-06,53,26.5,23.9,24.9,0.90,0.90,4.0,15.8,33.8,224,86,1011.4,83,42589.77
2015-08-07,51,26.7,23.9,25.0,0.60,0.60,3.0,19.5,41.4,223,87,1011.4,57,43200.00
2015-08-08,51,26.4,23.6,24.9,1.50,1.50,7.0,15.0,32.0,211,87,1012.0,50,42001.19
2015-08-09,51,26.5,23.9,25.0,0.40,0.40,3.0,17.6,33.1,229,87,1012.2,50,42181.39
2015-08-10,61,26.0,24.0,24.8,4.00,4.00,11.0,21.6,39.6,228,86,1011.3,54,43200.00
2015-08-11,51,26.5,23.8,24.9,0.60,0.60,4.0,17.4,36.4,229,86,1012.3,83,43200.00
2015-08-12,51,26.3,23.6,24.8,0.20,0.20,1.0,17.2,31.3,228,87,1013.8,68,40769.76
2015-08-13,51,26.0,23.9,24.8,0.60,0.60,3.0,16.3,31.7,221,87,1013.3,76,18936.84
2015-08-14,63,26.8,24.0,25.1,4.70,4.70,6.0,15.5,34.9,225,87,1012.6,88,32424.29
2015-08-15,51,26.0,24.1,24.9,1.20,1.20,9.0,16.9,38.2,219,87,1012.6,69,39600.00
2015-08-16,3,26.4,23.8,24.8,0.00,0.00,0.0,16.3,31.3,228,88,1013.6,76,34119.81
2015-08-17,61,26.6,24.0,25.0,3.10,3.10,4.0,17.1,31.7,225,88,1012.9,87,35193.94
2015-08-18,51,26.6,24.3,25.2,0.70,0.70,5.0,17.6,33.5,222,85,1012.0,78,43200.00
2015-08-19,3,26.4,24.0,25.1,0.00,0.00,0.0,15.1,35.3,227,87,1011.5,95,24844.15
2015-08-20,61,26.3,23.9,24.9,8.80,8.80,21.0,16.1,33.1,236,87,1011.2,96,26017.89
2015-08-21,65,24.9,23.7,24.3,34.30,34.30,20.0,17.9,35.3,227,90,1011.7,99,12529.09
2015-08-22,51,26.5,23.9,25.0,0.50,0.50,3.0,15.3,30.2,233,86,1012.1,95,36032.18
2015-08-23,55,26.5,24.1,24.9,4.10,4.10,8.0,15.5,30.6,240,88,1011.2,95,28630.50
2015-08-24,51,26.5,24.4,25.2,0.20,0.20,2.0,18.8,37.1,217,88,1011.6,86,31292.71
2015-08-25,53,26.3,23.9,25.0,1.70,1.70,8.0,17.7,38.5,227,87,1012.4,90,28610.38
2015-08-26,51,26.9,24.3,25.3,1.40,1.40,8.0,15.5,31.7,225,86,1012.4,51,42612.50
2015-08-27,53,26.8,24.2,25.2,1.50,1.50,6.0,17.1,33.1,231,85,1011.4,95,33479.66
2015-08-28,51,26.3,24.3,25.1,0.70,0.70,4.0,17.1,36.4,230,85,1011.4,87,39933.91
2015-08-29,51,26.5,23.9,25.0,0.50,0.50,2.0,17.5,35.3,226,86,1013.5,67,42929.45
2015-08-30,51,26.5,23.8,25.0,1.00,1.00,6.0,16.3,34.2,228,84,1014.2,61,42901.79
2015-08-31,51,26.7,24.1,25.2,0.70,0.70,4.0,19.3,36.4,238,84,1013.3,95,33707.74
2015-09-01,51,25.6,24.1,24.7,1.40,1.40,8.0,17.6,37.1,234,86,1012.9,81,11590.72
2015-09-02,51,26.3,23.6,24.8,1.70,1.70,9.0,17.9,38.9,230,85,1013.2,64,42815.17
2015-09-03,51,26.6,24.1,25.1,1.00,1.00,5.0,16.3,34.6,227,85,1013.0,83,42229.75
2015-09-04,51,26.6,24.2,25.2,0.70,0.70,4.0,15.5,30.6,224,86,1012.6,82,40482.61
2015-09-05,51,26.2,24.3,25.2,0.50,0.50,3.0,16.7,29.9,238,85,1012.5,99,3151.90
2015-09-06,51,26.5,24.5,25.3,0.70,0.70,7.0,20.1,40.3,227,85,1013.5,89,31078.63
2015-09-07,63,27.2,24.2,25.2,3.50,3.50,6.0,16.9,34.6,231,86,1013.1,85,38738.61
2015-09-08,55,26.4,23.4,24.9,5.20,5.20,15.0,18.4,28.4,236,88,1011.2,99,21670.20
2015-09-09,51,26.8,24.2,25.3,1.60,1.60,8.0,16.9,34.6,218,85,1011.4,75,39638.62
2015-09-10,51,26.5,23.9,25.1,0.10,0.10,1.0,14.5,26.3,227,86,1011.7,89,36396.33
2015-09-11,63,27.2,24.1,25.2,4.40,4.40,1.0,14.4,31.3,223,87,1011.6,82,34515.99
2015-09-12,51,26.8,24.0,25.2,0.50,0.50,3.0,15.1,30.2,214,88,1010.8,57,40359.06
2015-09-13,53,26.5,24.3,25.2,2.50,2.50,9.0,17.1,35.3,225,87,1011.7,73,20444.53
2015-09-14,3,27.0,24.2,25.4,0.00,0.00,0.0,18.9,36.7,234,86,1012.7,90,35149.63
2015-09-15,63,25.6,23.9,24.5,17.50,17.50,22.0,18.4,37.4,234,91,1012.9,98,16056.11
2015-09-16,51,26.5,24.4,25.3,0.50,0.50,3.0,17.7,31.3,237,86,1012.0,94,24597.32
2015-09-17,63,27.2,24.3,25.3,7.20,7.20,6.0,16.7,33.8,234,87,1010.6,84,33479.93
2015-09-18,51,26.6,24.3,25.4,1.70,1.70,10.0,19.1,38.2,225,87,1010.8,78,32848.68
2015-09-19,51,26.9,24.4,25.4,0.70,0.70,3.0,14.4,32.0,225,87,1012.5,88,33998.16
2015-09-20,63,27.1,24.4,25.4,6.80,6.80,5.0,12.6,29.9,215,86,1013.4,93,35262.01
2015-09-21,53,26.4,23.5,25.0,1.20,1.20,6.0,14.7,26.3,210,88,1012.9,82,25737.69
2015-09-22,61,26.6,24.1,25.3,2.40,2.40,8.0,13.4,26.6,226,86,1012.3,56,40873.41
2015-09-23,51,27.4,24.6,25.8,1.00,1.00,5.0,14.8,31.0,225,85,1011.8,67,41094.51
2015-09-24,63,26.6,24.8,25.6,6.00,6.00,9.0,15.3,30.6,231,86,1011.8,83,32265.79
2015-09-25,63,26.5,24.5,25.3,11.80,11.80,12.0,13.2,28.1,239,88,1012.0,94,11512.23
2015-09-26,51,27.3,24.5,25.6,1.20,1.20,7.0,14.3,29.9,226,87,1011.1,62,36189.51
2015-09-27,51,28.1,24.7,25.9,0.30,0.30,2.0,14.8,34.2,228,86,1010.0,45,40233.74
2015-09-28,61,27.0,24.9,25.8,3.90,3.90,10.0,15.4,32.0,227,86,1009.9,77,37908.99
2015-09-29,63,27.3,24.5,25.6,8.00,8.00,7.0,17.6,32.4,233,87,1010.2,73,24618.37
2015-09-30,61,26.8,24.4,25.5,6.40,6.40,12.0,15.1,27.7,225,86,1010.5,99,17582.98
2015-10-01,51,27.2,24.6,25.7,1.00,1.00,6.0,16.1,36.7,221,86,1010.2,64,38537.02
2015-10-02,51,27.4,24.8,25.9,1.00,1.00,5.0,15.8,35.3,225,85,1009.5,59,40103.96
2015-10-03,61,27.1,24.6,25.6,7.00,7.00,12.0,15.1,33.1,226,87,1010.6,55,26692.97
2015-10-04,51,27.4,24.5,25.9,3.20,3.20,13.0,13.1,24.5,234,85,1012.1,85,17217.80
2015-10-05,53,27.8,24.8,26.1,1.50,1.50,6.0,15.3,31.7,225,85,1012.3,69,40358.57
2015-10-06,63,28.7,25.1,26.4,4.70,4.70,4.0,11.2,31.7,235,85,1011.9,82,39517.01
2015-10-07,63,28.1,24.2,25.9,13.50,13.50,12.0,14.5,26.6,247,86,1011.5,97,31859.84
2015-10-08,61,28.6,24.0,26.1,2.50,2.50,3.0,13.9,31.7,217,87,1011.8,77,35118.69
2015-10-09,63,27.6,24.5,25.9,6.50,6.50,8.0,12.6,28.8,216,86,1011.9,59,39145.87
2015-10-10,63,28.0,24.7,26.2,3.00,3.00,3.0,11.6,26.6,229,85,1011.8,65,34221.69
2015-10-11,51,28.3,24.7,26.4,0.90,0.90,4.0,12.4,28.1,228,85,1012.0,29,39693.41
2015-10-12,51,28.5,25.0,26.6,0.30,0.30,1.0,14.2,31.0,216,85,1012.2,44,39992.90
2015-10-13,63,28.5,25.5,26.8,7.10,7.10,7.0,14.7,29.5,221,85,1011.4,55,39025.85
2015-10-14,61,28.1,25.0,26.5,4.20,4.20,8.0,12.6,29.2,210,86,1010.7,88,37149.42
2015-10-15,63,28.7,25.1,26.6,3.90,3.90,6.0,10.0,27.7,213,85,1010.6,86,39799.92
2015-10-16,65,29.0,25.6,26.9,10.70,10.70,8.0,13.8,29.9,227,84,1010.4,92,27924.26
2015-10-17,55,27.9,25.7,26.7,1.80,1.80,8.0,14.1,27.4,221,85,1010.9,64,39825.73
2015-10-18,61,27.9,25.5,26.6,2.20,2.20,5.0,13.3,27.4,224,84,1011.9,67,38315.01
2015-10-19,63,28.9,25.4,26.9,4.80,4.80,9.0,16.9,32.0,228,84,1011.7,57,36004.87
2015-10-20,63,28.5,24.8,26.4,8.10,8.10,10.0,13.9,26.3,220,85,1011.2,79,37211.08
2015-10-21,63,27.3,24.9,26.0,12.20,12.20,11.0,14.9,27.7,234,87,1010.8,100,6504.69
2015-10-22,51,28.8,24.9,26.7,1.20,1.20,5.0,13.3,32.0,219,84,1011.2,79,37952.16
2015-10-23,53,28.5,25.3,26.8,0.90,0.90,4.0,14.7,29.5,229,84,1011.4,60,37480.79
2015-10-24,55,29.1,26.0,27.1,1.80,1.80,5.0,14.5,29.2,229,83,1011.1,62,30387.88
2015-10-25,61,27.9,25.5,26.6,4.50,4.50,10.0,16.7,31.0,221,85,1011.4,56,39600.00
2015-10-26,61,29.1,25.3,26.9,2.00,2.00,5.0,12.4,25.2,233,84,1011.2,59,37108.58
2015-10-27,63,29.1,25.7,26.9,10.30,10.30,9.0,13.6,27.4,224,84,1011.3,79,25549.14
2015-10-28,63,28.1,24.9,26.3,12.40,12.40,12.0,10.8,24.1,230,87,1010.6,85,29661.01
2015-10-29,53,28.0,24.9,26.4,1.60,1.60,8.0,11.4,24.8,215,86,1010.3,97,35633.35
2015-10-30,63,27.7,25.3,26.5,6.70,6.70,5.0,10.2,24.5,211,86,1009.4,81,35972.13
2015-10-31,63,28.5,24.6,26.4,8.50,8.50,8.0,14.8,28.1,208,86,1009.8,92,39600.00
2015-11-01,63,28.5,24.1,26.1,5.20,5.20,5.0,10.5,24.8,228,85,1010.9,97,35878.33
2015-11-02,63,26.8,25.2,25.7,15.40,15.40,14.0,12.1,28.1,232,87,1011.0,98,4788.72
2015-11-03,53,28.7,24.8,26.5,0.90,0.90,4.0,12.7,28.8,120,85,1010.4,59,36857.08
2015-11-04,51,28.8,26.2,27.4,0.60,0.60,4.0,14.1,32.0,192,82,1010.5,60,39600.00
2015-11-05,63,28.8,25.2,26.9,3.80,3.80,3.0,13.7,30.6,221,84,1010.9,54,39600.00
2015-11-06,55,28.3,25.2,26.5,3.70,3.70,10.0,12.9,29.5,206,85,1010.8,73,39600.00
2015-11-07,61,28.2,24.2,26.6,4.60,4.60,6.0,10.2,24.1,216,84,1010.6,74,39600.00
2015-11-08,63,28.3,25.7,26.8,10.50,10.50,8.0,11.4,23.4,213,84,1011.5,83,36671.92
2015-11-09,63,27.4,24.8,26.3,9.60,9.60,12.0,12.1,27.7,201,85,1012.5,65,37104.60
2015-11-10,63,28.8,25.5,27.0,6.40,6.40,2.0,10.1,25.6,206,83,1011.7,70,39125.94
2015-11-11,53,28.6,25.0,27.0,1.60,1.60,5.0,11.2,28.8,208,84,1010.0,41,39600.00
2015-11-12,63,29.2,26.0,27.3,4.90,4.90,3.0,12.4,26.6,217,84,1009.5,38,39600.00
2015-11-13,51,29.4,26.1,27.6,0.30,0.30,2.0,13.7,25.2,224,83,1010.6,22,39600.00
2015-11-14,3,30.1,26.2,27.8,0.00,0.00,0.0,16.5,27.4,230,83,1010.9,65,38454.15
2015-11-15,51,29.0,25.8,27.5,0.50,0.50,4.0,15.6,28.8,223,84,1010.7,78,39596.67
2015-11-16,61,29.0,26.0,27.2,4.80,4.80,5.0,12.3,27.4,216,84,1009.5,32,39600.00
2015-11-17,53,27.9,25.8,27.0,2.40,2.40,7.0,11.0,25.6,206,84,1009.2,28,39600.00
2015-11-18,2,28.5,25.6,27.2,0.00,0.00,0.0,12.7,25.6,206,84,1008.5,33,39600.00
2015-11-19,51,29.5,25.9,27.7,0.10,0.10,1.0,13.1,27.4,216,82,1008.8,29,39600.00
2015-11-20,63,29.4,26.5,27.7,4.20,4.20,4.0,12.6,25.6,218,82,1009.4,34,39495.57
2015-11-21,51,28.8,26.3,27.5,0.70,0.70,3.0,13.5,28.8,212,83,1008.2,38,39600.00
2015-11-22,51,29.1,26.1,27.5,0.30,0.30,2.0,13.2,26.6,225,84,1007.8,57,38248.27
2015-11-23,63,29.1,26.4,27.6,8.80,8.80,8.0,13.8,28.1,222,84,1008.5,37,39600.00
2015-11-24,53,28.7,26.1,27.4,2.30,2.30,6.0,14.4,28.8,203,85,1010.4,55,39600.00
2015-11-25,53,29.1,26.4,27.6,1.40,1.40,4.0,13.3,27.4,192,84,1009.8,77,37331.48
2015-11-26,51,28.8,26.7,27.6,0.40,0.40,3.0,13.3,25.2,209,83,1008.8,39,39754.70
2015-11-27,51,29.6,26.3,27.8,0.40,0.40,2.0,14.2,29.5,221,82,1009.1,37,38823.51
2015-11-28,53,29.3,26.3,27.8,1.10,1.10,5.0,13.0,29.2,214,84,1010.1,27,39600.00
2015-11-29,51,29.4,26.0,27.7,0.80,0.80,5.0,12.7,27.4,226,83,1011.1,28,37656.76
2015-11-30,51,30.1,26.6,28.0,0.40,0.40,2.0,12.8,27.7,216,82,1011.7,24,39600.00
2015-12-01,53,29.8,26.5,27.9,0.90,0.90,3.0,14.3,29.5,213,83,1011.2,27,37925.61
2015-12-02,51,28.5,26.1,27.2,0.80,0.80,6.0,11.8,26.3,204,85,1011.2,46,36839.54
2015-12-03,53,27.9,25.5,26.8,2.60,2.60,7.0,9.6,28.8,122,84,1011.3,45,38505.70
2015-12-04,2,29.9,25.1,27.3,0.00,0.00,0.0,12.1,20.2,108,73,1011.4,22,39949.04
2015-12-05,0,29.5,24.2,26.9,0.00,0.00,0.0,12.7,27.4,142,72,1011.2,2,39940.69
2015-12-06,1,29.7,24.4,27.1,0.00,0.00,0.0,13.9,27.4,160,74,1011.5,11,39931.92
2015-12-07,2,29.7,24.7,27.3,0.00,0.00,0.0,11.3,21.2,154,76,1011.6,28,37331.46
2015-12-08,0,29.7,24.1,26.8,0.00,0.00,0.0,13.0,23.8,133,68,1011.2,1,40163.61
2015-12-09,1,28.7,23.7,26.5,0.00,0.00,0.0,13.0,25.9,174,73,1011.6,1,40153.14
2015-12-10,0,29.0,23.7,26.4,0.00,0.00,0.0,13.1,27.7,184,78,1011.4,0,40142.10
2015-12-11,1,29.0,24.3,26.8,0.00,0.00,0.0,13.0,26.6,199,81,1012.2,3,40130.56
2015-12-12,1,29.1,24.3,26.7,0.00,0.00,0.0,15.5,29.9,207,81,1011.7,9,40118.50
2015-12-13,2,28.8,24.1,26.5,0.00,0.00,0.0,14.5,27.4,198,81,1011.1,12,40106.02
2015-12-14,1,29.1,24.4,26.8,0.00,0.00,0.0,13.7,25.2,169,77,1010.9,13,40345.39
2015-12-15,0,30.5,23.6,26.8,0.00,0.00,0.0,14.8,25.6,80,66,1010.9,0,40332.27
2015-12-16,0,29.6,22.7,25.9,0.00,0.00,0.0,14.0,25.2,65,57,1011.5,0,40571.32
2015-12-17,0,29.4,22.4,26.0,0.00,0.00,0.0,13.4,26.3,141,60,1011.4,1,40557.68
2015-12-18,3,30.1,22.7,26.6,0.00,0.00,0.0,14.4,26.6,100,60,1011.9,54,40543.80
2015-12-19,3,29.5,23.9,26.8,0.00,0.00,0.0,13.5,23.4,161,62,1011.9,26,40529.69
2015-12-20,1,29.4,23.6,26.8,0.00,0.00,0.0,13.8,25.9,160,68,1011.8,7,40515.40
2015-12-21,1,29.4,23.9,26.8,0.00,0.00,0.0,14.2,27.7,187,68,1011.4,6,40753.81
2015-12-22,0,29.9,23.6,26.8,0.00,0.00,0.0,13.2,24.8,169,69,1011.4,0,40739.33
2015-12-23,0,29.8,23.3,26.5,0.00,0.00,0.0,14.3,24.8,168,65,1011.2,0,40959.58
2015-12-24,0,29.5,23.1,26.5,0.00,0.00,0.0,12.9,21.2,104,64,1011.8,1,40916.48
2015-12-25,1,29.9,23.4,26.5,0.00,0.00,0.0,14.0,27.0,70,56,1011.6,9,41127.03
2015-12-26,0,28.9,23.0,25.8,0.00,0.00,0.0,12.9,25.6,93,58,1010.8,0,41085.39
2015-12-27,0,29.5,22.7,26.2,0.00,0.00,0.0,12.1,24.1,154,64,1010.0,0,41296.14
2015-12-28,0,29.1,23.1,26.0,0.00,0.00,0.0,15.6,29.9,217,72,1010.8,0,41253.53
2015-12-29,0,28.6,22.8,25.7,0.00,0.00,0.0,12.8,29.5,210,85,1011.9,2,41210.52
2015-12-30,3,28.9,24.2,26.2,0.00,0.00,0.0,15.5,31.7,206,86,1011.8,22,35957.73
2015-12-31,3,29.3,24.8,26.8,0.00,0.00,0.0,16.4,33.1,209,85,1011.4,33,41140.03
2016-01-01,3,29.3,25.4,27.0,0.00,0.00,0.0,11.7,25.9,181,83,1011.1,31,37209.86
2016-01-02,2,29.9,24.6,27.0,0.00,0.00,0.0,13.8,27.4,158,70,1011.0,14,41540.83
2016-01-03,2,30.6,23.5,26.9,0.00,0.00,0.0,13.0,25.9,97,60,1010.3,23,41749.12
2016-01-04,2,30.4,23.7,26.9,0.00,0.00,0.0,14.8,25.9,158,60,1009.9,13,41453.78
2016-01-05,2,29.4,23.8,26.6,0.00,0.00,0.0,15.5,33.5,214,74,1010.2,29,41662.44
2016-01-06,3,29.7,24.4,26.8,0.00,0.00,0.0,13.3,30.2,216,82,1010.4,23,41871.25
2016-01-07,1,31.0,24.3,27.4,0.00,0.00,0.0,14.9,28.4,197,69,1010.2,7,41949.03
2016-01-08,3,29.2,23.4,26.6,0.00,0.00,0.0,15.7,32.0,180,80,1010.8,28,41956.85
2016-01-09,3,29.3,25.6,27.0,0.00,0.00,0.0,17.2,33.8,203,83,1011.7,34,40797.79
2016-01-10,3,29.9,25.6,27.2,0.00,0.00,0.0,19.4,37.1,216,83,1010.6,38,41036.00
2016-01-11,3,29.6,25.8,27.2,0.00,0.00,0.0,17.7,34.9,215,85,1009.8,29,40334.31
2016-01-12,3,29.7,25.3,27.3,0.00,0.00,0.0,16.2,31.3,210,85,1008.7,29,39135.13
2016-01-13,2,30.1,26.2,27.6,0.00,0.00,0.0,16.6,32.4,219,84,1009.1,30,37549.44
2016-01-14,2,29.8,26.2,27.5,0.00,0.00,0.0,14.1,29.9,218,84,1009.0,44,38879.59
2016-01-15,3,30.5,26.4,27.9,0.00,0.00,0.0,17.1,31.3,222,83,1009.0,53,38986.58
2016-01-16,51,30.3,26.5,27.8,0.20,0.20,1.0,15.2,33.5,219,86,1009.4,41,40702.02
2016-01-17,53,29.4,26.4,27.5,1.10,1.10,4.0,15.6,29.5,215,87,1009.4,87,37899.48
2016-01-18,53,28.8,26.1,27.3,1.70,1.70,6.0,16.2,30.6,212,86,1009.5,70,39925.11
2016-01-19,65,28.5,26.3,27.0,11.00,11.00,7.0,14.3,31.0,209,86,1009.7,57,40405.62
2016-01-20,61,28.5,25.9,27.0,2.00,2.00,3.0,13.7,28.4,190,86,1009.2,47,39070.78
2016-01-21,3,29.9,26.0,27.6,0.00,0.00,0.0,17.8,31.7,216,83,1009.4,31,39139.13
2016-01-22,51,30.0,26.1,27.7,0.30,0.30,2.0,16.8,36.4,219,82,1010.4,55,39659.06
2016-01-23,51,29.8,25.5,27.4,0.30,0.30,2.0,15.8,29.5,216,84,1011.3,69,38848.02
2016-01-24,3,30.0,26.3,27.7,0.00,0.00,0.0,13.8,31.3,216,84,1012.9,81,38841.02
2016-01-25,3,29.5,24.6,27.1,0.00,0.00,0.0,14.0,31.7,129,63,1013.2,51,41695.58
2016-01-26,3,29.5,24.5,26.9,0.00,0.00,0.0,11.2,21.6,202,61,1013.5,70,40487.00
2016-01-27,2,29.7,22.9,26.5,0.00,0.00,0.0,14.9,30.6,101,59,1012.1,9,42179.17
2016-01-28,1,29.8,22.9,26.5,0.00,0.00,0.0,13.9,27.0,90,54,1011.2,2,42194.35
2016-01-29,0,30.0,23.7,26.8,0.00,0.00,0.0,14.6,27.7,95,54,1010.3,4,42209.74
2016-01-30,0,29.8,23.2,26.4,0.00,0.00,0.0,13.5,26.6,114,58,1010.7,0,42225.35
2016-01-31,0,28.9,23.0,25.9,0.00,0.00,0.0,15.2,34.2,208,72,1011.0,0,42241.13
2016-02-01,3,28.8,24.0,25.7,0.00,0.00,0.0,15.8,34.6,212,85,1010.2,25,39856.22
2016-02-02,3,28.3,23.9,25.5,0.00,0.00,0.0,15.9,34.6,201,86,1009.6,45,37503.33
2016-02-03,2,28.7,24.6,26.1,0.00,0.00,0.0,16.8,33.5,207,85,1009.8,33,38928.88
2016-02-04,2,29.2,24.8,26.5,0.00,0.00,0.0,17.5,34.9,215,84,1010.3,26,40860.09
2016-02-05,3,29.7,25.1,27.0,0.00,0.00,0.0,18.6,37.8,220,83,1009.8,43,41592.68
2016-02-06,2,29.9,25.3,27.1,0.00,0.00,0.0,19.6,37.1,211,84,1010.6,24,39909.95
2016-02-07,3,30.0,25.4,27.2,0.00,0.00,0.0,19.9,37.4,215,84,1011.5,31,39676.02
2016-02-08,1,30.1,25.2,27.3,0.00,0.00,0.0,18.5,37.4,221,84,1012.2,17,42326.84
2016-02-09,1,30.5,25.9,27.7,0.00,0.00,0.0,18.0,35.3,230,83,1011.4,11,41367.39
2016-02-10,0,30.6,24.6,27.3,0.00,0.00,0.0,17.3,36.7,210,75,1009.8,1,42410.44
2016-02-11,0,29.9,24.5,26.9,0.00,0.00,0.0,20.1,38.9,215,82,1009.7,2,42428.82
2016-02-12,3,30.0,24.8,27.0,0.00,0.00,0.0,18.7,35.6,215,82,1009.7,21,40650.76
2016-02-13,51,30.2,26.1,27.7,0.10,0.10,1.0,16.9,36.4,217,80,1010.0,25,39934.01
2016-02-14,51,30.4,26.5,27.9,0.20,0.20,1.0,15.8,35.6,217,82,1010.0,28,40648.17
2016-02-15,51,30.3,26.5,27.9,0.10,0.10,1.0,16.5,33.5,214,84,1008.5,57,40130.72
2016-02-16,3,30.2,26.7,28.0,0.00,0.00,0.0,14.1,32.8,214,85,1009.2,84,34910.06
2016-02-17,51,30.5,26.6,28.1,0.20,0.20,1.0,17.1,36.0,214,85,1010.0,40,40400.28
2016-02-18,53,30.7,26.8,28.1,0.90,0.90,2.0,19.0,39.6,216,85,1009.4,36,39537.80
2016-02-19,2,30.5,26.5,28.2,0.00,0.00,0.0,20.1,39.6,223,84,1007.6,34,41810.05
2016-02-20,3,31.1,26.8,28.4,0.00,0.00,0.0,18.3,41.4,220,84,1007.0,52,40147.29
2016-02-21,51,29.6,26.9,28.1,1.10,1.10,6.0,17.3,35.3,213,86,1008.1,31,42501.70
2016-02-22,53,30.7,27.2,28.4,0.80,0.80,2.0,17.6,32.8,218,84,1008.4,33,40840.91
2016-02-23,51,30.7,26.9,28.5,0.40,0.40,3.0,16.8,36.0,223,85,1008.2,37,41538.95
2016-02-24,2,31.2,27.0,28.6,0.00,0.00,0.0,19.5,40.3,220,84,1007.9,24,39646.54
2016-02-25,51,30.1,27.0,28.3,0.80,0.80,4.0,17.1,33.1,221,84,1008.7,44,39938.83
2016-02-26,3,30.5,27.1,28.3,0.00,0.00,0.0,16.6,32.8,222,84,1008.9,72,39861.81
2016-02-27,61,30.3,26.8,28.1,1.50,1.50,2.0,18.0,33.8,217,86,1007.6,89,40319.24
2016-02-28,51,30.7,26.4,28.1,0.40,0.40,1.0,18.4,36.7,216,85,1007.8,56,40774.70
2016-02-29,63,29.8,26.9,28.1,4.70,4.70,4.0,16.8,35.3,222,85,1009.1,80,39589.52
2016-03-01,61,30.8,27.1,28.4,1.90,1.90,3.0,17.3,41.4,222,83,1010.7,69,39853.54
2016-03-02,51,31.1,27.2,28.6,0.30,0.30,2.0,21.3,38.2,214,81,1009.6,42,41429.70
2016-03-03,3,30.1,27.1,28.4,0.00,0.00,0.0,18.2,33.8,205,82,1007.3,59,42842.03
2016-03-04,3,31.5,27.2,28.9,0.00,0.00,0.0,20.0,41.8,217,81,1007.4,36,42862.88
2016-03-05,3,30.7,27.7,28.8,0.00,0.00,0.0,16.5,38.2,214,84,1009.2,95,24217.85
2016-03-06,3,29.7,27.4,28.3,0.00,0.00,0.0,19.8,32.8,207,85,1009.4,94,19785.77
2016-03-07,2,30.6,27.0,28.4,0.00,0.00,0.0,18.0,33.8,191,84,1008.1,30,42735.24
2016-03-08,53,30.4,26.4,28.3,1.80,1.80,4.0,16.6,30.2,204,82,1008.5,98,34124.76
2016-03-09,53,30.9,27.3,28.7,1.40,1.40,3.0,19.2,38.2,217,83,1008.0,78,42792.44
2016-03-10,55,30.4,27.5,28.6,1.20,1.20,2.0,18.3,34.9,218,84,1008.3,91,40349.28
2016-03-11,63,29.7,26.8,28.0,13.00,13.00,11.0,21.7,39.6,220,85,1008.6,74,34448.23
2016-03-12,51,30.3,26.4,28.3,1.30,1.30,6.0,18.0,41.0,228,82,1009.5,94,42169.45
2016-03-13,63,29.3,25.5,27.6,15.10,15.10,12.0,14.5,29.9,214,85,1010.1,96,24192.03
2016-03-14,61,29.5,25.8,27.6,5.30,5.30,11.0,14.8,32.8,228,83,1011.4,100,20174.72
2016-03-15,51,30.9,26.6,28.5,0.30,0.30,1.0,15.6,34.2,212,82,1010.4,43,43093.80
2016-03-16,61,30.8,27.1,28.5,5.00,5.00,5.0,14.3,28.4,219,82,1010.5,70,41715.70
2016-03-17,63,30.8,26.3,28.4,11.60,11.60,6.0,17.4,37.8,227,84,1010.4,94,35226.49
2016-03-18,63,29.2,26.4,27.5,4.60,4.60,4.0,16.2,32.4,208,85,1010.3,100,24567.41
2016-03-19,63,29.8,27.0,28.1,6.50,6.50,6.0,15.3,33.8,214,84,1010.0,68,39669.18
2016-03-20,51,30.0,27.0,28.4,0.50,0.50,4.0,14.5,32.4,211,85,1010.4,37,43065.05
2016-03-21,63,28.2,27.0,27.5,6.60,6.60,4.0,14.2,24.1,196,86,1011.0,90,27701.23
2016-03-22,3,29.8,26.8,28.2,0.00,0.00,0.0,16.5,31.7,203,82,1010.3,55,43049.54
2016-03-23,53,30.7,27.4,28.7,0.50,0.50,1.0,20.3,38.9,223,84,1008.7,47,43041.51
2016-03-24,63,29.7,26.2,27.6,14.30,14.30,8.0,17.6,39.2,229,85,1009.2,93,22089.10
2016-03-25,63,30.2,26.6,28.2,4.20,4.20,2.0,14.3,33.5,230,84,1010.6,84,38693.31
2016-03-26,63,30.3,27.0,28.3,6.50,6.50,7.0,15.2,28.1,224,85,1010.9,66,43016.95
2016-03-27,55,29.9,27.1,28.2,1.50,1.50,3.0,15.8,31.7,209,86,1009.9,67,42535.51
2016-03-28,63,30.4,27.4,28.4,5.60,5.60,8.0,16.0,31.7,212,86,1008.7,79,38178.20
2016-03-29,53,30.4,27.6,28.8,1.60,1.60,7.0,17.8,34.9,220,85,1008.2,66,42992.80
2016-03-30,55,30.1,27.5,28.5,4.10,4.10,12.0,18.3,39.2,213,85,1009.2,94,35698.29
2016-03-31,53,29.8,27.4,28.2,3.20,3.20,9.0,17.2,34.2,219,86,1009.9,98,40193.29
2016-04-01,63,29.7,27.0,27.9,6.10,6.10,5.0,25.8,42.5,221,85,1009.1,98,39746.86
2016-04-02,53,29.7,26.5,27.8,1.60,1.60,3.0,15.3,33.5,225,85,1008.9,99,29465.78
2016-04-03,51,29.9,26.6,28.1,0.10,0.10,1.0,15.1,31.7,211,86,1008.9,81,42957.23
2016-04-04,53,30.4,27.0,28.4,1.10,1.10,3.0,18.5,37.4,219,86,1009.2,44,42581.24
2016-04-05,61,30.5,26.8,28.3,2.70,2.70,4.0,22.8,44.6,230,84,1008.7,96,42944.95
2016-04-06,63,30.1,26.8,28.0,5.90,5.90,8.0,19.1,41.4,230,83,1007.7,97,33888.24
2016-04-07,61,28.8,25.9,27.4,8.20,8.20,6.0,14.3,31.0,199,84,1009.4,90,37122.21
2016-04-08,63,29.7,26.5,27.8,3.80,3.80,8.0,17.8,29.9,216,85,1009.5,44,42373.44
2016-04-09,63,30.6,25.8,27.9,9.60,9.60,6.0,13.8,33.8,239,84,1010.1,98,42380.15
2016-04-10,53,29.8,26.0,27.6,2.00,2.00,4.0,17.3,31.3,199,86,1009.3,95,35945.82
2016-04-11,61,29.9,26.6,28.1,2.40,2.40,2.0,15.9,32.0,215,85,1009.2,79,40111.64
2016-04-12,51,29.9,27.1,28.1,1.30,1.30,5.0,14.5,31.3,203,86,1009.5,75,38361.59
2016-04-13,3,29.8,26.9,28.1,0.00,0.00,0.0,13.8,26.3,200,86,1007.8,70,42897.00
2016-04-14,51,30.4,26.9,28.4,0.30,0.30,1.0,19.5,36.4,224,85,1007.2,53,42891.75
2016-04-15,61,29.3,26.2,27.8,4.70,4.70,7.0,19.5,34.2,222,86,1008.8,99,15004.25
2016-04-16,51,30.0,27.0,28.2,0.30,0.30,1.0,16.8,35.3,216,85,1010.0,63,42882.14
2016-04-17,3,30.0,27.1,28.1,0.00,0.00,0.0,15.0,33.1,203,86,1010.4,54,42877.86
2016-04-18,51,30.3,27.0,28.5,0.20,0.20,1.0,15.4,34.2,206,83,1011.3,28,42873.98
2016-04-19,51,30.5,27.1,28.5,0.30,0.30,1.0,15.3,31.7,210,83,1010.1,34,42870.53
2016-04-20,53,30.6,27.6,28.9,0.50,0.50,1.0,15.9,32.8,215,81,1009.3,35,42867.55
2016-04-21,51,30.7,27.6,28.9,0.70,0.70,4.0,14.8,32.4,206,82,1009.4,20,42865.08
2016-04-22,51,30.7,27.5,28.9,0.80,0.80,5.0,16.2,34.9,212,82,1009.0,42,42863.15
2016-04-23,3,30.9,27.7,29.1,0.00,0.00,0.0,16.4,34.2,216,80,1008.1,51,42861.80
2016-04-24,53,31.1,27.7,28.9,2.40,2.40,8.0,18.4,42.5,222,83,1007.4,48,42482.76
2016-04-25,53,30.8,27.6,28.9,0.90,0.90,1.0,19.5,36.7,219,82,1007.1,79,42860.54
2016-04-26,61,29.8,27.1,28.1,7.70,7.70,15.0,18.4,34.9,216,85,1007.6,77,41303.99
2016-04-27,61,29.4,26.8,27.9,4.40,4.40,11.0,17.1,30.6,216,86,1008.5,63,40545.13
2016-04-28,51,29.7,27.1,28.2,1.20,1.20,8.0,15.5,32.4,217,84,1008.8,72,38302.99
2016-04-29,3,30.1,26.9,28.4,0.00,0.00,0.0,14.6,26.3,201,81,1008.4,65,42862.35
2016-04-30,63,29.9,27.4,28.3,5.50,5.50,6.0,15.9,34.2,212,83,1008.6,52,39600.00
2016-05-01,55,30.5,27.5,28.5,3.30,3.30,7.0,17.5,31.7,215,83,1007.6,49,42840.97
2016-05-02,53,28.9,26.9,27.9,3.10,3.10,12.0,18.4,35.3,217,85,1007.9,46,42048.57
2016-05-03,61,30.2,26.7,28.1,3.60,3.60,6.0,16.7,37.8,220,83,1009.4,77,37383.69
2016-05-04,51,30.1,27.4,28.5,0.10,0.10,1.0,16.7,38.2,209,80,1010.4,92,39291.15
2016-05-05,3,30.2,27.0,28.5,0.00,0.00,0.0,16.3,32.0,216,81,1010.1,92,38141.14
2016-05-06,63,29.5,26.8,27.9,8.70,8.70,13.0,18.6,33.5,223,83,1010.1,95,27261.36
2016-05-07,61,30.2,26.7,28.2,2.30,2.30,5.0,19.0,34.9,234,81,1010.1,47,42884.36
2016-05-08,63,30.0,26.7,27.9,5.20,5.20,3.0,15.9,35.6,214,82,1010.7,83,27396.04
2016-05-09,51,29.8,26.2,28.1,0.50,0.50,3.0,15.0,27.0,210,82,1011.0,61,42483.99
2016-05-10,51,29.9,26.7,28.2,0.30,0.30,2.0,13.6,31.7,215,84,1011.0,84,42323.06
2016-05-11,3,30.6,27.0,28.5,0.00,0.00,0.0,16.2,32.4,218,82,1010.0,71,42083.10
2016-05-12,63,28.5,26.2,27.5,4.10,4.10,5.0,14.8,28.4,221,86,1009.8,96,3119.70
2016-05-13,51,29.8,26.2,27.7,0.90,0.90,5.0,20.5,35.6,211,84,1009.9,67,42918.03
2016-05-14,55,29.3,25.7,27.3,3.90,3.90,14.0,18.5,36.0,223,85,1010.9,66,42090.40
2016-05-15,63,29.0,25.7,27.2,11.80,11.80,13.0,16.1,33.5,226,85,1012.2,98,35194.80
2016-05-16,61,27.2,25.5,26.3,9.80,9.80,17.0,14.5,22.7,206,87,1012.5,94,1667.07
2016-05-17,61,28.6,25.5,26.7,11.90,11.90,15.0,16.1,31.7,209,86,1012.4,93,37208.39
2016-05-18,63,28.5,25.3,26.6,13.30,13.30,16.0,12.6,27.4,205,87,1012.1,92,26089.47
2016-05-19,53,29.3,25.6,27.3,2.20,2.20,5.0,14.0,27.0,235,83,1011.8,54,42969.42
2016-05-20,63,29.8,26.8,27.8,4.20,4.20,1.0,17.6,32.4,227,83,1010.6,88,42979.71
2016-05-21,63,28.7,25.7,27.2,9.00,9.00,11.0,15.6,31.0,220,85,1010.4,98,21945.77
2016-05-22,63,28.4,25.7,26.7,17.30,17.30,19.0,17.2,39.2,227,86,1011.8,92,32441.68
2016-05-23,65,26.8,25.2,25.7,56.20,56.20,24.0,15.3,29.2,242,91,1013.9,100,0.00
2016-05-24,63,27.3,24.9,26.2,7.70,7.70,17.0,13.3,27.0,214,88,1013.7,78,25242.65
2016-05-25,61,28.1,25.0,26.8,3.90,3.90,10.0,12.0,27.0,228,85,1012.7,62,39707.78
2016-05-26,63,29.3,25.9,27.3,6.10,6.10,4.0,12.7,27.4,223,85,1011.1,93,37163.82
2016-05-27,51,29.1,26.1,27.5,2.60,2.60,11.0,17.1,35.6,208,83,1011.8,62,43060.65
2016-05-28,51,28.5,25.9,27.2,0.20,0.20,1.0,19.6,36.0,230,84,1012.7,95,26849.61
2016-05-29,63,28.0,25.2,26.5,20.10,20.10,19.0,16.6,31.7,224,86,1011.8,89,26329.90
2016-05-30,53,27.9,25.0,26.3,3.00,3.00,12.0,15.6,31.7,202,86,1011.2,77,39527.92
2016-05-31,61,27.6,24.7,26.4,7.30,7.30,13.0,10.0,18.7,213,86,1011.1,76,41715.92
2016-06-01,51,29.0,25.4,27.3,0.30,0.30,2.0,12.7,23.8,227,83,1011.8,52,43123.33
2016-06-02,51,29.4,26.4,27.7,0.20,0.20,2.0,11.9,32.8,195,81,1012.1,66,41647.91
2016-06-03,63,28.5,25.7,27.0,8.70,8.70,10.0,14.9,28.8,211,84,1012.3,87,39959.66
2016-06-04,53,29.5,25.5,27.4,2.20,2.20,8.0,12.7,26.3,237,83,1011.3,66,43161.68
2016-06-05,51,28.7,26.4,27.4,1.50,1.50,9.0,14.0,35.3,234,83,1011.4,81,43073.37
2016-06-06,63,28.1,26.0,26.9,5.70,5.70,10.0,13.4,27.7,221,85,1011.3,84,41307.81
2016-06-07,65,27.6,25.8,26.5,9.40,9.40,7.0,12.6,25.9,192,86,1012.0,86,12410.60
2016-06-08,63,28.5,25.1,26.7,7.30,7.30,11.0,13.7,29.5,182,86,1011.7,94,27821.45
2016-06-09,63,28.2,25.3,26.5,11.80,11.80,14.0,17.1,36.0,207,87,1011.5,93,28217.81
2016-06-10,51,28.2,25.4,26.5,1.20,1.20,7.0,15.5,33.1,223,86,1012.0,98,32790.24
2016-06-11,63,26.9,25.1,25.7,16.80,16.80,15.0,17.9,32.0,258,88,1013.0,98,11018.11
2016-06-12,61,27.7,25.1,26.1,8.10,8.10,14.0,17.2,31.0,253,86,1013.8,100,6501.23
2016-06-13,61,27.5,24.9,26.2,8.30,8.30,16.0,18.5,37.1,237,84,1013.8,99,12323.19
2016-06-14,63,26.6,25.0,25.8,11.20,11.20,15.0,19.6,35.3,237,85,1014.5,91,11705.48
2016-06-15,61,28.1,25.2,26.1,8.40,8.40,16.0,21.5,42.5,244,83,1014.9,99,25678.87
2016-06-16,53,26.0,24.5,25.3,7.70,7.70,20.0,17.2,34.6,244,86,1014.3,94,3899.78
2016-06-17,51,27.4,24.2,26.0,1.40,1.40,8.0,14.7,24.5,234,83,1013.6,88,25471.14
2016-06-18,53,28.3,25.0,26.5,1.30,1.30,4.0,18.6,30.2,236,83,1013.0,84,40340.51
2016-06-19,63,26.9,25.1,25.9,7.80,7.80,14.0,23.2,40.7,234,85,1012.5,100,10356.58
2016-06-20,63,26.1,24.2,24.8,16.50,16.50,23.0,16.3,36.7,212,89,1013.2,99,22760.87
2016-06-21,63,26.2,23.9,25.0,10.30,10.30,16.0,13.2,24.5,219,88,1013.3,86,41067.79
2016-06-22,51,27.3,24.1,25.7,0.40,0.40,3.0,14.5,28.1,227,83,1013.2,39,43200.00
2016-06-23,51,27.2,24.6,25.7,0.70,0.70,5.0,17.8,38.2,227,82,1013.0,64,43118.19
2016-06-24,63,25.9,24.6,25.3,11.50,11.50,14.0,17.7,34.6,234,85,1012.3,95,9209.99
2016-06-25,53,26.6,24.6,25.4,2.40,2.40,7.0,17.1,39.6,240,84,1012.3,91,17565.47
2016-06-26,63,27.3,24.4,25.7,6.20,6.20,4.0,17.2,33.1,237,85,1012.8,76,42263.75
2016-06-27,63,26.5,24.8,25.6,10.70,10.70,17.0,18.8,34.2,231,85,1013.1,93,27378.93
2016-06-28,61,26.7,24.1,25.3,13.40,13.40,16.0,14.6,29.2,232,87,1014.0,93,30379.60
2016-06-29,61,27.2,24.2,25.5,2.70,2.70,6.0,18.1,36.0,236,86,1013.4,60,40183.43
2016-06-30,63,26.8,24.6,25.4,5.30,5.30,6.0,17.4,35.3,233,86,1013.6,87,33516.33
2016-07-01,51,27.1,24.3,25.6,0.40,0.40,2.0,15.7,34.6,226,87,1014.1,63,42621.42
2016-07-02,51,27.1,24.4,25.6,0.30,0.30,2.0,13.8,28.8,220,88,1013.7,44,43200.00
2016-07-03,51,27.3,24.5,25.7,0.20,0.20,2.0,16.5,34.6,230,87,1013.7,70,40734.12
2016-07-04,51,27.1,24.6,25.7,1.10,1.10,5.0,18.7,38.5,222,86,1013.6,45,43200.00
2016-07-05,61,27.3,24.3,25.6,3.20,3.20,9.0,16.3,33.1,234,87,1014.1,93,39087.39
2016-07-06,61,27.0,24.6,25.5,4.50,4.50,12.0,17.9,34.6,229,88,1013.4,77,39168.02
2016-07-07,63,26.6,24.3,25.3,5.90,5.90,7.0,17.9,34.2,223,88,1012.8,66,43200.00
2016-07-08,51,27.1,24.2,25.5,0.90,0.90,5.0,19.1,38.5,229,87,1013.1,70,43200.00
2016-07-09,61,26.6,24.7,25.4,3.60,3.60,8.0,20.5,36.4,228,88,1012.5,98,22212.85
2016-07-10,51,26.9,24.7,25.4,1.20,1.20,9.0,20.9,44.6,226,88,1012.7,95,34789.56
2016-07-11,61,26.5,23.7,25.0,5.00,5.00,15.0,19.9,37.8,225,87,1013.1,87,34045.79
2016-07-12,51,27.2,24.0,25.4,0.20,0.20,1.0,18.9,38.2,236,84,1012.7,56,43200.00
2016-07-13,3,26.7,24.5,25.3,0.00,0.00,0.0,15.9,33.1,235,84,1012.2,96,21409.12
2016-07-14,51,26.4,24.6,25.3,0.80,0.80,5.0,18.6,38.9,234,84,1011.6,91,27409.68
2016-07-15,51,27.0,24.3,25.5,1.40,1.40,5.0,17.8,36.0,235,83,1010.7,87,41902.13
2016-07-16,61,26.9,24.4,25.3,6.50,6.50,8.0,19.7,38.2,236,85,1010.7,99,31334.75
2016-07-17,53,25.9,23.9,24.9,5.90,5.90,14.0,19.4,42.1,215,86,1011.7,86,29835.04
2016-07-18,51,26.6,24.3,25.2,0.80,0.80,6.0,14.0,33.1,217,84,1013.1,77,43200.00
2016-07-19,55,27.0,24.1,25.3,1.20,1.20,2.0,15.5,29.2,231,86,1012.4,91,35260.81
2016-07-20,53,26.4,24.6,25.3,2.60,2.60,8.0,18.9,37.4,231,86,1011.8,93,36371.81
2016-07-21,63,27.3,24.2,25.3,7.70,7.70,5.0,16.4,33.1,237,86,1012.3,93,30351.69
2016-07-22,51,26.1,24.3,25.0,2.00,2.00,9.0,17.9,36.0,237,87,1012.7,99,9010.47
2016-07-23,61,25.9,24.1,24.7,6.90,6.90,15.0,17.7,28.8,241,88,1012.4,100,8962.51
2016-07-24,63,25.7,23.4,24.3,15.30,15.30,23.0,17.3,28.4,252,90,1012.0,96,18727.60
2016-07-25,51,25.8,23.4,24.6,0.50,0.50,4.0,19.7,38.9,241,87,1011.5,90,40968.06
2016-07-26,51,26.5,23.7,24.8,0.40,0.40,1.0,16.6,33.8,235,87,1012.0,96,33390.68
2016-07-27,51,26.4,23.6,24.8,0.80,0.80,5.0,14.0,30.2,224,88,1011.8,81,39600.00
2016-07-28,53,27.0,23.9,25.0,1.20,1.20,5.0,16.8,36.4,229,87,1012.4,81,41538.25
2016-07-29,51,26.7,23.8,25.0,0.90,0.90,5.0,15.0,34.9,223,86,1012.5,69,43200.00
2016-07-30,61,26.3,24.1,25.0,3.90,3.90,7.0,17.1,33.1,232,86,1012.2,96,22840.11
2016-07-31,63,25.8,24.1,24.8,5.80,5.80,10.0,17.1,34.9,229,86,1012.3,70,32669.59
2016-08-01,51,26.2,23.8,24.9,0.60,0.60,2.0,17.6,36.0,235,86,1013.0,77,36770.52
2016-08-02,51,25.9,24.1,24.9,0.20,0.20,1.0,19.7,40.3,232,86,1013.5,87,22746.07
2016-08-03,51,25.9,24.0,24.8,1.40,1.40,8.0,20.5,41.8,229,86,1012.7,89,36680.35
2016-08-04,3,26.4,23.7,25.0,0.00,0.00,0.0,16.2,36.7,229,84,1012.4,89,43200.00
2016-08-05,51,26.6,23.9,25.0,0.20,0.20,2.0,19.4,39.6,231,85,1012.6,91,40827.39
2016-08-06,61,24.6,23.6,24.3,12.60,12.60,13.0,17.1,29.5,240,90,1013.0,99,1408.26
2016-08-07,51,26.4,24.2,25.1,0.90,0.90,6.0,21.1,43.9,227,87,1012.9,68,41124.65
2016-08-08,51,26.3,24.0,25.0,0.40,0.40,4.0,16.6,37.4,215,87,1013.3,53,42343.39
2016-08-09,51,26.0,23.8,24.7,1.10,1.10,4.0,16.6,37.8,217,87,1013.0,52,43200.00
2016-08-10,55,26.3,24.0,24.9,2.10,2.10,5.0,15.2,31.0,226,86,1012.9,83,39571.83
2016-08-11,61,26.5,24.0,25.0,1.60,1.60,1.0,14.6,31.0,225,87,1012.7,93,31963.91
2016-08-12,63,26.9,24.0,25.1,4.70,4.70,4.0,16.2,34.2,229,87,1012.8,70,41840.42
2016-08-13,55,26.4,24.0,25.0,2.40,2.40,8.0,17.8,39.6,229,87,1012.2,56,43200.00
2016-08-14,51,26.0,23.8,24.7,0.40,0.40,3.0,17.4,34.6,240,88,1012.0,95,26683.56
2016-08-15,51,26.0,23.8,24.7,0.60,0.60,4.0,20.4,39.6,238,87,1012.2,92,28514.90
2016-08-16,53,25.7,23.7,24.5,2.20,2.20,5.0,17.9,34.6,235,85,1012.2,91,15582.47
2016-08-17,51,26.5,23.7,24.9,0.20,0.20,1.0,15.1,35.3,230,85,1013.0,89,29220.94
2016-08-18,51,26.6,23.6,25.0,0.30,0.30,2.0,13.6,31.0,234,85,1012.5,64,43186.18
2016-08-19,63,26.3,23.8,25.0,7.60,7.60,5.0,14.3,29.2,228,87,1012.2,90,40201.35
2016-08-20,63,26.4,24.1,24.9,5.50,5.50,7.0,14.8,29.2,222,88,1011.9,73,26570.87
2016-08-21,51,26.6,23.9,25.1,0.30,0.30,3.0,16.6,34.9,224,87,1012.2,89,43116.92
2016-08-22,51,26.8,24.0,25.2,1.20,1.20,7.0,17.6,39.2,227,87,1012.2,91,41195.42
2016-08-23,53,26.5,24.3,25.0,3.10,3.10,7.0,17.4,36.7,233,88,1012.3,94,19579.10
2016-08-24,63,26.8,24.2,25.1,5.50,5.50,10.0,17.6,35.6,228,89,1011.9,91,35531.72
2016-08-25,65,27.0,24.1,25.1,8.80,8.80,4.0,17.9,38.2,227,88,1011.6,90,34542.02
2016-08-26,63,26.6,24.1,25.0,4.30,4.30,6.0,17.1,32.8,229,88,1011.1,87,22794.99
2016-08-27,53,26.2,24.1,24.7,4.80,4.80,11.0,18.4,35.6,231,88,1010.5,94,16536.28
2016-08-28,51,25.9,24.1,24.8,1.90,1.90,7.0,20.4,37.8,219,87,1012.7,98,32338.76
2016-08-29,53,26.3,23.5,24.9,2.10,2.10,8.0,15.3,27.4,218,88,1013.4,90,34209.68
2016-08-30,63,26.6,23.9,24.8,8.60,8.60,8.0,15.4,29.9,245,88,1012.6,89,20520.98
2016-08-31,51,27.1,23.9,25.3,0.40,0.40,3.0,16.9,33.8,220,87,1012.6,73,40513.40
2016-09-01,63,26.2,24.3,25.1,8.00,8.00,7.0,16.5,29.5,236,88,1013.2,98,11353.11
2016-09-02,51,26.8,23.9,25.2,1.50,1.50,8.0,18.6,35.3,231,87,1011.6,87,33620.64
2016-09-03,61,26.4,24.3,25.2,3.50,3.50,11.0,16.1,35.6,217,87,1011.1,69,41054.43
2016-09-04,51,27.5,24.1,25.5,1.10,1.10,5.0,16.6,34.9,226,86,1011.7,69,42463.64
2016-09-05,63,26.4,24.2,25.1,13.50,13.50,12.0,15.1,29.9,221,88,1012.7,95,31976.23
2016-09-06,63,25.3,24.1,24.7,32.10,32.10,19.0,12.6,27.0,231,91,1013.3,99,8423.01
2016-09-07,53,26.9,24.2,25.4,1.30,1.30,4.0,14.7,33.1,229,88,1012.9,79,32321.68
2016-09-08,63,27.5,24.4,25.6,3.80,3.80,6.0,15.9,33.1,224,86,1012.5,87,34811.04
2016-09-09,63,27.4,24.1,25.5,5.80,5.80,10.0,17.1,36.0,220,86,1013.1,92,40009.84
2016-09-10,63,26.5,24.5,25.3,6.80,6.80,5.0,15.6,27.0,233,86,1013.4,98,25781.56
2016-09-11,63,25.9,24.4,25.0,25.80,25.80,18.0,17.6,28.4,239,88,1012.1,96,12340.13
2016-09-12,61,27.5,24.2,25.3,6.30,6.30,10.0,18.0,33.1,236,87,1011.8,93,32231.73
2016-09-13,63,27.0,24.4,25.4,9.10,9.10,12.0,16.9,36.4,233,87,1011.4,91,31893.84
2016-09-14,61,25.6,24.4,24.7,14.30,14.30,22.0,16.3,32.0,219,88,1012.0,96,21394.60
2016-09-15,65,26.1,23.6,25.0,21.20,21.20,14.0,16.3,30.6,223,86,1012.7,97,21537.68
2016-09-16,61,27.7,24.2,25.5,2.50,2.50,3.0,13.5,32.4,234,87,1012.8,83,39794.58
2016-09-17,63,27.7,24.5,25.7,3.70,3.70,4.0,13.8,29.9,225,86,1012.1,78,38138.22
2016-09-18,53,27.0,24.3,25.5,1.30,1.30,6.0,13.9,29.9,207,86,1012.1,54,36591.90
2016-09-19,63,27.6,24.6,25.9,4.40,4.40,4.0,16.6,30.6,229,85,1012.0,79,36305.64
2016-09-20,63,27.5,24.8,25.7,7.70,7.70,11.0,14.4,33.8,229,85,1010.8,86,35533.73
2016-09-21,53,26.9,24.3,25.6,3.70,3.70,13.0,15.8,32.0,222,86,1011.0,90,34779.83
2016-09-22,51,27.1,24.9,26.0,1.80,1.80,9.0,16.1,36.7,228,85,1011.9,93,30249.06
2016-09-23,63,28.1,24.5,26.1,4.10,4.10,5.0,16.5,29.5,239,86,1012.4,93,31402.94
2016-09-24,63,27.2,24.4,25.6,18.00,18.00,15.0,16.9,31.0,239,87,1011.1,97,26011.39
2016-09-25,61,26.5,24.1,25.2,8.20,8.20,12.0,14.8,28.8,211,88,1010.8,96,23199.26
2016-09-26,63,26.9,24.1,25.6,6.00,6.00,11.0,12.2,33.8,223,86,1011.2,82,40531.16
2016-09-27,65,27.6,24.1,25.8,13.80,13.80,8.0,16.3,30.6,213,86,1011.6,83,33523.46
2016-09-28,51,27.4,24.1,25.9,1.50,1.50,7.0,13.6,28.8,213,86,1011.3,70,41608.08
2016-09-29,61,27.4,24.5,26.0,2.30,2.30,6.0,12.5,27.0,222,87,1011.1,58,40972.29
2016-09-30,61,28.3,25.1,26.4,2.60,2.60,5.0,14.9,31.7,230,86,1010.7,75,37699.53
2016-10-01,63,27.3,24.7,25.4,23.30,23.30,17.0,12.0,19.1,244,89,1010.2,98,14412.81
2016-10-02,55,26.3,24.2,25.3,5.50,5.50,10.0,15.5,28.1,233,89,1010.7,99,555.36
2016-10-03,53,28.4,25.1,26.3,1.70,1.70,3.0,12.5,28.4,238,87,1010.5,66,39150.77
2016-10-04,63,28.6,25.2,26.4,3.20,3.20,2.0,14.3,28.4,226,88,1010.4,43,37522.26
2016-10-05,51,28.2,25.4,26.5,0.60,0.60,2.0,12.9,29.9,222,86,1009.3,51,39977.50
2016-10-06,55,28.3,25.3,26.6,2.10,2.10,5.0,12.6,29.2,220,87,1008.3,42,40382.97
2016-10-07,63,28.2,25.7,26.6,6.00,6.00,10.0,13.3,27.7,214,86,1008.6,75,35038.79
2016-10-08,61,27.4,24.8,25.9,6.00,6.00,15.0,9.6,28.4,207,86,1010.3,99,13691.43
2016-10-09,63,27.3,24.5,25.9,7.80,7.80,12.0,14.8,24.5,229,87,1011.0,98,12332.19
2016-10-10,63,28.1,24.9,26.2,6.30,6.30,5.0,16.9,36.4,208,86,1010.8,73,35664.64
2016-10-11,63,28.1,25.3,26.4,5.60,5.60,6.0,12.2,26.3,219,86,1010.5,95,24456.83
2016-10-12,51,28.2,25.3,26.6,0.80,0.80,6.0,13.0,29.5,208,85,1010.4,86,38356.81
2016-10-13,61,29.2,25.4,27.0,3.10,3.10,2.0,12.8,30.2,230,86,1010.4,84,39600.00
2016-10-14,63,28.3,25.8,26.6,10.00,10.00,9.0,14.8,28.8,229,88,1010.1,90,28932.59
2016-10-15,55,28.0,25.0,26.4,3.50,3.50,9.0,15.3,25.2,219,86,1010.1,98,32654.64
2016-10-16,63,28.6,25.4,26.6,3.50,3.50,2.0,13.3,24.8,235,85,1010.2,69,38345.87
2016-10-17,63,28.8,25.2,26.8,4.90,4.90,10.0,13.1,28.8,210,84,1010.4,62,39305.20
2016-10-18,63,28.8,25.4,26.7,4.70,4.70,6.0,15.6,30.2,224,85,1010.4,43,39016.75
2016-10-19,53,28.4,24.8,26.5,1.40,1.40,3.0,16.0,25.2,204,83,1010.8,85,34153.17
2016-10-20,61,29.4,25.5,27.1,2.50,2.50,2.0,10.9,27.4,218,83,1009.8,25,38438.68
2016-10-21,63,28.3,25.4,26.7,7.90,7.90,11.0,13.1,27.0,201,85,1010.5,49,39600.00
2016-10-22,63,28.3,25.0,26.3,9.20,9.20,9.0,12.1,28.8,209,86,1011.6,86,27047.90
2016-10-23,53,28.6,25.0,26.6,0.80,0.80,3.0,9.7,25.9,224,86,1010.7,68,40137.73
2016-10-24,61,29.2,25.8,27.3,2.40,2.40,4.0,11.6,27.7,225,84,1008.8,84,39600.00
2016-10-25,53,29.5,26.2,27.5,0.70,0.70,2.0,13.5,29.2,227,84,1008.0,71,39684.18
2016-10-26,53,28.6,26.2,27.3,1.50,1.50,6.0,16.2,32.8,214,84,1007.6,62,38270.92
2016-10-27,51,29.6,26.0,27.6,0.20,0.20,1.0,12.3,26.3,219,82,1008.4,31,39701.74
2016-10-28,63,28.6,26.4,27.3,4.10,4.10,5.0,12.3,27.4,207,85,1009.7,44,39600.00
2016-10-29,61,28.5,25.8,26.6,3.50,3.50,5.0,14.8,27.4,220,86,1010.0,48,37710.50
2016-10-30,63,28.2,24.5,26.4,11.70,11.70,6.0,12.6,30.6,198,86,1009.9,90,29829.97
2016-10-31,63,29.2,25.1,26.8,6.40,6.40,8.0,7.3,25.2,195,84,1010.3,77,34944.39
2016-11-01,53,28.8,24.9,27.1,1.20,1.20,3.0,13.4,28.1,211,83,1011.2,61,39487.32
2016-11-02,63,29.0,26.2,27.3,6.50,6.50,8.0,14.7,27.7,220,82,1011.0,63,34753.20
2016-11-03,61,29.9,26.2,27.5,3.30,3.30,7.0,15.5,27.4,209,83,1011.5,51,39600.00
2016-11-04,63,29.0,25.1,27.1,4.20,4.20,5.0,9.9,25.2,194,84,1011.9,58,39757.49
2016-11-05,53,29.0,25.4,27.1,2.80,2.80,6.0,10.9,25.9,210,84,1012.1,35,38850.17
2016-11-06,61,29.3,26.3,27.5,2.10,2.10,3.0,10.8,26.3,222,84,1010.9,68,39600.00
2016-11-07,51,28.5,26.4,27.4,0.90,0.90,5.0,14.0,28.1,185,85,1010.6,70,39209.42
2016-11-08,63,27.7,26.2,27.0,4.40,4.40,5.0,11.5,26.6,174,86,1010.9,49,37669.10
2016-11-09,2,30.1,26.0,27.8,0.00,0.00,0.0,14.8,27.0,213,82,1010.4,28,37437.18
2016-11-10,1,30.5,26.5,28.3,0.00,0.00,0.0,17.0,32.4,231,81,1009.4,15,39600.00
2016-11-11,51,30.2,26.4,28.0,0.90,0.90,4.0,15.3,29.9,227,82,1008.9,55,39600.00
2016-11-12,53,29.4,26.3,27.6,0.50,0.50,1.0,14.5,29.5,209,81,1008.6,70,39506.36
2016-11-13,3,29.6,26.3,27.9,0.00,0.00,0.0,10.7,28.1,207,81,1007.9,62,39545.29
2016-11-14,55,30.0,26.6,28.0,1.40,1.40,2.0,13.0,29.5,206,83,1007.4,27,39600.00
2016-11-15,51,30.2,26.2,28.0,0.40,0.40,2.0,11.9,28.8,220,83,1007.6,58,38990.41
2016-11-16,61,29.8,26.8,28.0,2.60,2.60,3.0,13.2,30.6,220,83,1007.8,45,37581.02
2016-11-17,63,29.5,26.9,28.0,4.10,4.10,8.0,14.1,31.0,213,84,1007.6,32,39600.00
2016-11-18,53,29.3,26.6,27.8,1.30,1.30,4.0,12.7,29.9,198,83,1007.8,39,39600.00
2016-11-19,63,29.5,26.9,27.8,4.80,4.80,3.0,12.3,23.4,192,82,1008.2,61,39600.00
2016-11-20,3,29.6,26.4,27.9,0.00,0.00,0.0,16.4,28.8,208,83,1007.9,52,39600.00
2016-11-21,53,29.9,26.6,27.8,2.00,2.00,4.0,16.0,34.9,217,83,1008.5,69,39600.00
2016-11-22,51,29.7,26.5,27.8,0.60,0.60,4.0,14.1,24.5,216,83,1008.7,59,37281.02
2016-11-23,61,29.0,25.6,27.5,4.00,4.00,7.0,12.4,28.1,182,83,1010.3,63,39600.00
2016-11-24,63,29.3,26.4,27.5,4.40,4.40,4.0,13.9,26.3,213,84,1010.2,64,38738.40
2016-11-25,51,30.3,26.8,28.3,0.20,0.20,2.0,16.0,26.6,218,82,1008.7,61,39600.00
2016-11-26,53,28.9,26.6,27.8,1.70,1.70,8.0,15.8,31.7,214,84,1007.7,50,39600.00
2016-11-27,53,28.9,26.1,27.5,1.30,1.30,6.0,14.6,32.0,220,84,1008.1,28,39600.00
2016-11-28,51,29.6,26.4,27.9,1.20,1.20,5.0,14.3,29.9,225,82,1008.5,33,39466.05
2016-11-29,53,29.4,25.8,27.8,1.70,1.70,6.0,14.0,27.7,219,83,1009.1,50,36133.59
2016-11-30,53,29.5,26.8,28.0,0.90,0.90,4.0,14.7,28.1,224,83,1010.4,48,39600.00
2016-12-01,51,29.7,27.1,28.1,1.80,1.80,8.0,13.8,28.1,206,82,1010.3,29,39600.00
2016-12-02,53,29.4,26.7,27.8,1.10,1.10,3.0,14.0,29.5,218,84,1009.8,32,39711.12
2016-12-03,63,29.1,26.8,27.7,4.70,4.70,8.0,13.5,24.1,217,85,1009.1,93,38236.08
2016-12-04,3,30.0,26.7,28.0,0.00,0.00,0.0,15.9,31.3,201,82,1009.4,78,38872.73
2016-12-05,3,29.0,26.6,27.7,0.00,0.00,0.0,12.8,24.5,199,82,1010.6,82,39600.00
2016-12-06,53,30.1,26.7,28.0,0.50,0.50,1.0,13.4,27.0,217,82,1010.0,56,39672.89
2016-12-07,53,29.4,26.5,27.9,1.80,1.80,4.0,13.3,26.3,213,83,1009.5,69,38662.42
2016-12-08,61,30.2,26.9,28.1,2.60,2.60,2.0,14.0,30.2,217,82,1010.1,37,39650.91
2016-12-09,51,29.8,26.9,28.0,1.00,1.00,5.0,12.1,28.4,209,83,1009.8,37,39041.01
2016-12-10,53,29.5,26.8,27.8,1.20,1.20,3.0,14.5,30.6,203,84,1009.0,73,39627.36
2016-12-11,51,29.0,26.8,27.5,0.90,0.90,4.0,12.6,32.0,196,84,1008.9,39,38996.19
2016-12-12,63,29.4,26.4,27.3,8.00,8.00,4.0,15.8,28.8,216,83,1009.1,48,35089.86
2016-12-13,51,29.6,26.0,27.7,0.50,0.50,2.0,14.8,28.4,218,84,1009.0,45,39600.00
2016-12-14,61,29.9,26.6,27.9,1.50,1.50,2.0,14.3,29.2,225,84,1009.1,58,38027.77
2016-12-15,53,28.4,25.9,27.4,2.20,2.20,9.0,13.5,27.7,211,84,1010.1,69,35269.06
2016-12-16,51,29.2,26.0,27.6,0.80,0.80,3.0,13.2,29.2,216,82,1010.5,34,39803.00
2016-12-17,51,29.7,26.4,27.8,0.20,0.20,1.0,15.3,29.9,211,84,1008.5,43,37708.16
2016-12-18,53,29.3,26.5,27.7,1.90,1.90,5.0,11.3,27.4,229,84,1008.5,44,35887.38
2016-12-19,53,29.8,26.8,27.9,1.10,1.10,2.0,14.0,28.1,223,84,1008.6,42,39762.97
2016-12-20,51,29.9,26.3,28.0,0.90,0.90,6.0,13.0,24.8,222,83,1007.8,29,38063.64
2016-12-21,51,30.2,26.7,28.0,0.20,0.20,1.0,13.1,28.1,222,85,1006.3,26,37599.97
2016-12-22,2,30.5,26.8,28.2,0.00,0.00,0.0,14.8,30.2,226,82,1007.1,23,39148.31
2016-12-23,3,30.4,26.3,28.0,0.00,0.00,0.0,16.5,34.9,225,86,1007.1,34,40432.99
2016-12-24,51,30.2,27.0,28.1,0.10,0.10,1.0,17.6,34.6,221,84,1007.9,83,38548.30
2016-12-25,3,30.4,26.5,28.0,0.00,0.00,0.0,13.8,26.6,224,85,1007.8,61,37616.15
2016-12-26,3,29.8,26.6,27.8,0.00,0.00,0.0,13.7,29.2,203,86,1008.4,37,38629.49
2016-12-27,3,29.5,25.1,27.3,0.00,0.00,0.0,13.2,27.7,143,84,1009.8,50,37863.14
2016-12-28,2,29.4,24.8,27.0,0.00,0.00,0.0,14.0,31.3,178,82,1009.7,26,41219.47
2016-12-29,2,28.7,23.8,26.3,0.00,0.00,0.0,15.7,34.2,182,83,1009.7,15,41174.13
2016-12-30,3,28.4,23.9,26.0,0.00,0.00,0.0,14.4,31.0,200,85,1010.0,25,38012.86
2016-12-31,1,28.7,24.0,26.3,0.00,0.00,0.0,14.8,32.8,200,83,1009.6,12,41336.44
2017-01-01,3,30.2,23.6,26.7,0.00,0.00,0.0,17.9,34.6,217,81,1009.2,48,41544.13
2017-01-02,2,30.3,24.7,27.2,0.00,0.00,0.0,15.8,30.6,213,81,1009.6,14,40667.20
2017-01-03,3,31.1,25.4,27.5,0.00,0.00,0.0,18.0,36.0,199,82,1009.9,17,39557.09
2017-01-04,3,30.7,24.1,27.2,0.00,0.00,0.0,18.9,36.0,219,81,1009.2,20,41917.65
2017-01-05,1,30.4,25.0,27.4,0.00,0.00,0.0,19.5,35.6,221,83,1008.6,17,41372.85
2017-01-06,51,30.6,25.9,27.8,0.10,0.10,1.0,19.0,36.0,221,85,1008.8,39,40069.59
2017-01-07,3,30.0,26.3,27.7,0.00,0.00,0.0,16.4,28.8,201,85,1010.1,42,41544.51
2017-01-08,51,30.3,26.1,27.7,0.80,0.80,4.0,19.5,33.5,218,84,1010.0,24,41961.24
2017-01-09,3,30.5,25.7,27.7,0.00,0.00,0.0,17.3,32.8,224,85,1008.6,58,41969.54
2017-01-10,51,30.4,25.8,27.7,0.20,0.20,2.0,21.6,38.2,226,82,1007.7,18,41978.51
2017-01-11,3,30.4,26.2,28.0,0.00,0.00,0.0,19.5,40.0,224,82,1008.2,32,40764.81
2017-01-12,51,30.7,26.7,28.2,0.60,0.60,6.0,19.2,37.1,218,82,1009.8,43,41997.92
2017-01-13,53,29.2,26.2,27.6,3.50,3.50,9.0,16.5,28.4,214,83,1009.4,57,40236.26
2017-01-14,53,32.7,25.3,28.2,1.00,1.00,2.0,20.0,36.4,233,77,1007.4,43,40448.10
2017-01-15,3,31.1,24.7,27.7,0.00,0.00,0.0,17.9,32.4,215,73,1007.6,85,40016.12
2017-01-16,3,30.3,25.6,27.8,0.00,0.00,0.0,18.5,34.9,221,79,1007.8,70,41503.44
2017-01-17,3,30.7,26.3,28.1,0.00,0.00,0.0,21.3,40.7,221,80,1007.8,58,41530.91
2017-01-18,51,30.5,26.9,28.3,0.30,0.30,1.0,20.7,41.4,227,81,1008.8,74,39416.32
2017-01-19,3,30.0,26.6,27.9,0.00,0.00,0.0,18.4,33.8,229,84,1009.3,51,42078.53
2017-01-20,3,30.1,26.9,28.1,0.00,0.00,0.0,19.1,35.6,227,85,1008.5,48,39628.86
2017-01-21,53,30.2,26.8,28.3,0.70,0.70,2.0,21.9,38.5,229,84,1008.1,45,39616.20
2017-01-22,53,30.1,26.9,28.1,1.90,1.90,7.0,27.2,46.8,228,83,1008.7,65,38243.01
2017-01-23,53,30.4,26.6,28.1,1.40,1.40,5.0,23.8,40.7,228,83,1009.7,71,37947.67
2017-01-24,3,29.3,27.2,28.0,0.00,0.00,0.0,26.1,44.3,227,81,1010.4,82,36459.42
2017-01-25,51,29.8,26.4,27.8,0.30,0.30,3.0,17.8,32.8,216,82,1010.4,88,32829.42
2017-01-26,3,30.0,25.9,27.8,0.00,0.00,0.0,18.7,33.5,212,80,1011.3,33,41486.36
2017-01-27,3,30.1,26.1,27.9,0.00,0.00,0.0,20.9,37.1,222,82,1011.9,48,41747.59
2017-01-28,3,30.4,26.4,28.1,0.00,0.00,0.0,20.8,39.2,227,82,1011.1,84,41029.31
2017-01-29,51,30.2,26.7,28.2,0.50,0.50,2.0,19.6,36.4,223,82,1010.3,25,42019.56
2017-01-30,53,30.1,27.0,28.2,0.80,0.80,2.0,18.7,36.0,222,83,1009.8,37,41056.93
2017-01-31,53,29.6,26.4,27.9,1.90,1.90,6.0,19.1,37.4,226,83,1010.0,60,36006.59
2017-02-01,63,29.0,26.4,27.6,11.30,11.30,9.0,18.4,31.7,220,83,1010.1,85,36140.39
2017-02-02,53,29.9,26.3,27.8,0.60,0.60,1.0,16.8,32.0,224,84,1010.4,30,40604.26
2017-02-03,51,29.6,26.3,27.9,0.20,0.20,2.0,16.9,31.7,223,83,1009.9,26,42300.90
2017-02-04,51,30.1,26.5,28.0,1.20,1.20,6.0,16.6,31.3,214,85,1009.3,19,42313.01
2017-02-05,53,29.7,26.2,28.1,1.60,1.60,7.0,14.8,28.1,215,85,1008.9,26,42317.27
2017-02-06,51,30.4,26.4,28.2,1.10,1.10,7.0,18.7,33.8,225,85,1008.6,28,41838.73
2017-02-07,51,30.0,26.8,28.1,1.30,1.30,6.0,18.6,32.8,211,85,1008.1,38,42370.87
2017-02-08,53,29.8,26.3,28.1,0.80,0.80,3.0,17.7,33.1,211,83,1008.0,63,40642.96
2017-02-09,55,30.0,26.3,28.0,2.90,2.90,8.0,17.4,30.6,214,83,1008.3,55,36073.66
2017-02-10,53,29.7,26.7,27.8,1.10,1.10,4.0,22.1,37.4,221,84,1007.7,44,41844.82
2017-02-11,53,29.6,26.7,27.9,1.50,1.50,4.0,17.4,34.2,222,83,1007.7,55,42444.10
2017-02-12,51,30.2,27.2,28.5,0.50,0.50,4.0,15.5,29.5,199,83,1007.1,75,39457.79
2017-02-13,51,30.1,27.5,28.5,0.30,0.30,3.0,18.6,37.1,220,85,1007.5,75,41839.88
2017-02-14,51,30.5,26.9,28.3,0.90,0.90,6.0,19.7,34.9,231,86,1008.1,39,42074.64
2017-02-15,51,30.4,26.6,28.3,0.40,0.40,3.0,20.3,36.0,218,85,1009.5,47,41357.15
2017-02-16,51,30.2,27.0,28.1,0.80,0.80,6.0,18.9,36.0,204,85,1010.1,71,41115.60
2017-02-17,51,34.3,26.1,28.6,0.10,0.10,1.0,21.4,40.3,186,73,1009.9,43,42557.30
2017-02-18,3,32.2,23.8,27.8,0.00,0.00,0.0,20.0,34.9,141,64,1010.4,33,42576.26
2017-02-19,3,33.8,24.0,28.1,0.00,0.00,0.0,20.1,37.8,190,72,1010.8,27,42595.35
2017-02-20,51,30.7,25.7,28.0,0.10,0.10,1.0,20.3,37.8,206,82,1010.3,51,42614.67
2017-02-21,3,31.3,26.2,28.4,0.00,0.00,0.0,18.6,34.9,213,80,1009.1,58,42634.23
2017-02-22,3,31.3,26.8,28.4,0.00,0.00,0.0,19.0,38.5,223,81,1008.9,72,42014.46
2017-02-23,51,30.5,27.1,28.5,0.10,0.10,1.0,20.9,40.0,224,82,1008.8,77,41531.55
2017-02-24,51,30.9,27.5,28.9,0.30,0.30,3.0,21.7,38.2,225,81,1008.4,59,42694.02
2017-02-25,51,31.1,27.6,28.9,0.50,0.50,4.0,20.4,37.8,217,82,1008.8,78,42444.97
2017-02-26,53,29.9,26.8,28.3,1.50,1.50,8.0,21.2,36.7,215,81,1008.7,75,40379.13
2017-02-27,51,31.1,27.5,28.8,0.10,0.10,1.0,20.6,36.0,227,78,1007.7,78,40773.29
2017-02-28,51,31.0,27.7,28.9,0.70,0.70,6.0,21.9,41.4,222,81,1007.5,74,42775.78
2017-03-01,51,29.7,27.3,28.4,0.70,0.70,7.0,21.8,36.0,214,82,1008.6,69,40509.12
2017-03-02,51,30.4,27.4,28.6,0.40,0.40,4.0,21.0,38.5,220,81,1009.1,43,42817.22
2017-03-03,2,31.0,27.3,28.9,0.00,0.00,0.0,22.3,39.6,224,82,1007.8,35,42838.02
2017-03-04,51,30.9,27.5,28.9,0.50,0.50,5.0,18.7,36.4,217,80,1006.5,65,41038.19
2017-03-05,51,31.3,27.8,29.1,0.20,0.20,2.0,20.1,38.2,217,79,1007.0,31,42879.71
2017-03-06,63,30.5,27.3,28.5,7.80,7.80,10.0,19.2,36.7,225,82,1008.3,60,36005.88
2017-03-07,55,30.7,27.4,28.7,1.60,1.60,4.0,22.2,38.2,224,82,1007.7,72,42040.33
2017-03-08,51,30.8,27.6,29.0,0.30,0.30,1.0,20.6,38.2,226,81,1007.2,58,42942.21
2017-03-09,63,30.6,27.3,28.3,6.60,6.60,5.0,21.9,39.6,218,83,1007.7,71,41853.42
2017-03-10,53,30.2,27.6,28.5,1.70,1.70,7.0,18.9,35.3,208,82,1007.4,61,42983.55
2017-03-11,61,30.3,27.0,28.4,3.90,3.90,8.0,19.4,36.4,229,83,1006.7,69,43004.07
2017-03-12,63,29.5,24.5,27.8,5.20,5.20,2.0,17.9,31.0,221,83,1007.6,95,38231.28
2017-03-13,3,30.2,26.7,28.4,0.00,0.00,0.0,17.8,29.9,213,81,1008.1,55,43045.54
2017-03-14,51,30.0,27.6,28.7,0.30,0.30,3.0,16.9,32.4,204,81,1009.9,58,43066.45
2017-03-15,51,30.8,27.7,28.8,0.80,0.80,5.0,14.2,29.5,211,82,1009.1,69,43087.44
2017-03-16,53,30.7,27.4,28.6,1.20,1.20,4.0,21.1,37.1,225,85,1007.3,73,43093.56
2017-03-17,51,31.0,27.8,28.9,0.70,0.70,5.0,21.0,40.0,221,82,1007.2,50,43086.46
2017-03-18,51,31.0,27.8,29.0,0.20,0.20,2.0,19.7,36.0,221,80,1007.8,49,43079.08
2017-03-19,51,30.8,27.4,28.9,1.20,1.20,9.0,23.8,45.0,222,81,1008.7,56,43071.51
2017-03-20,51,31.2,27.6,29.0,1.10,1.10,6.0,22.4,41.0,227,79,1009.5,76,35257.63
2017-03-21,3,31.1,26.7,28.6,0.00,0.00,0.0,27.2,47.2,230,82,1008.8,73,40214.76
2017-03-22,51,30.0,27.5,28.6,1.00,1.00,6.0,27.6,45.7,219,81,1009.4,93,37437.89
2017-03-23,63,29.8,26.3,28.1,7.10,7.10,7.0,20.8,38.9,219,82,1010.0,92,34142.24
2017-03-24,3,30.3,26.7,28.2,0.00,0.00,0.0,20.6,41.0,227,81,1010.1,87,38831.42
2017-03-25,3,30.9,26.8,28.6,0.00,0.00,0.0,18.7,35.6,215,79,1009.6,75,43024.69
2017-03-26,51,31.1,27.7,29.0,0.10,0.10,1.0,19.4,38.2,218,78,1009.3,56,43017.14
2017-03-27,51,31.4,27.6,28.7,0.90,0.90,6.0,20.4,38.5,212,81,1009.1,78,39103.92
2017-03-28,51,30.9,27.3,28.8,0.10,0.10,1.0,16.2,33.1,207,80,1008.4,67,43002.73
2017-03-29,3,31.2,27.5,29.0,0.00,0.00,0.0,18.7,34.6,214,82,1007.7,80,42995.98
2017-03-30,51,31.1,27.9,29.1,1.20,1.20,10.0,21.5,40.0,216,81,1008.7,66,42170.67
2017-03-31,51,31.3,27.8,29.1,0.60,0.60,6.0,20.5,37.4,210,79,1009.6,83,42427.25
2017-04-01,53,31.0,26.2,28.6,1.60,1.60,8.0,19.6,36.4,215,82,1009.0,83,41398.36
2017-04-02,51,31.1,27.9,29.2,0.10,0.10,1.0,18.0,36.0,212,77,1008.7,46,42968.69
2017-04-03,55,31.9,27.4,28.7,2.60,2.60,7.0,20.3,34.6,215,82,1008.9,58,41641.83
2017-04-04,51,30.9,27.2,28.6,0.10,0.10,1.0,19.3,37.4,231,82,1008.9,87,38743.14
2017-04-05,61,31.2,27.6,29.0,2.30,2.30,6.0,19.9,34.6,221,79,1009.0,71,42947.24
2017-04-06,61,31.1,27.7,28.9,3.20,3.20,5.0,17.9,35.6,224,82,1008.5,63,42940.13
2017-04-07,55,31.2,26.2,28.3,2.30,2.30,3.0,23.2,41.0,229,84,1007.2,82,40732.85
2017-04-08,63,30.4,27.6,28.8,6.80,6.80,7.0,18.1,32.8,229,82,1007.3,81,42839.63
2017-04-09,61,30.0,26.4,27.7,3.60,3.60,8.0,22.6,41.4,233,84,1008.4,96,18614.31
2017-04-10,51,30.6,26.7,28.4,0.10,0.10,1.0,17.6,32.8,221,81,1007.9,87,42913.06
2017-04-11,3,30.7,27.7,28.9,0.00,0.00,0.0,21.0,39.2,225,81,1007.3,75,42906.85
2017-04-12,63,30.6,28.1,29.0,10.80,10.80,9.0,22.8,41.8,227,82,1007.8,66,42900.95
2017-04-13,63,30.5,25.7,28.4,14.00,14.00,13.0,25.1,43.6,228,84,1008.3,92,31821.67
2017-04-14,63,28.8,25.1,27.4,8.60,8.60,8.0,20.2,33.1,198,84,1009.4,98,19308.01
2017-04-15,63,30.2,25.6,28.4,6.60,6.60,2.0,16.5,32.8,205,83,1009.4,69,42885.53
2017-04-16,61,29.9,25.4,27.6,2.40,2.40,4.0,14.2,27.7,166,84,1009.6,97,19447.59
2017-04-17,53,30.5,27.2,28.6,0.60,0.60,1.0,14.5,29.2,210,83,1008.9,44,42877.58
2017-04-18,55,30.6,27.9,28.9,1.70,1.70,3.0,16.2,32.8,215,82,1008.4,59,41273.08
2017-04-19,53,30.4,27.9,28.8,1.00,1.00,3.0,18.7,34.2,222,83,1007.6,64,42871.78
2017-04-20,63,30.4,25.9,28.0,10.40,10.40,10.0,21.7,39.2,212,84,1008.0,79,27097.78
2017-04-21,63,29.6,25.9,28.2,10.10,10.10,8.0,20.9,40.7,214,81,1008.9,82,37091.06
2017-04-22,3,29.9,26.4,28.2,0.00,0.00,0.0,19.6,34.9,236,84,1009.3,64,42865.42
2017-04-23,3,30.4,27.6,28.6,0.00,0.00,0.0,19.7,35.6,225,80,1010.0,54,42153.76
2017-04-24,53,30.3,26.9,28.3,1.00,1.00,2.0,18.1,35.3,220,84,1010.2,80,42862.61
2017-04-25,63,30.1,27.3,28.3,7.90,7.90,12.0,18.0,35.3,205,83,1009.6,84,41773.43
2017-04-26,51,29.9,27.2,28.4,0.90,0.90,4.0,16.8,32.4,200,81,1009.4,48,42861.10
2017-04-27,51,30.3,27.2,28.5,0.10,0.10,1.0,16.0,30.2,203,80,1010.4,27,42860.87
2017-04-28,55,30.4,27.5,28.7,2.50,2.50,8.0,16.4,31.7,211,81,1010.6,66,40834.27
2017-04-29,53,30.2,27.5,28.7,1.80,1.80,7.0,17.8,34.6,207,81,1010.3,85,42861.51
2017-04-30,61,30.6,27.6,28.8,3.50,3.50,5.0,18.8,37.1,227,82,1010.1,53,42862.42
2017-05-01,61,30.0,26.8,28.3,4.10,4.10,10.0,19.1,36.0,219,82,1009.6,91,42863.74
2017-05-02,61,29.9,26.3,28.1,3.20,3.20,6.0,17.0,33.1,220,81,1009.1,92,41731.31
2017-05-03,63,31.2,26.0,28.5,5.70,5.70,8.0,23.7,43.6,221,79,1008.9,74,42867.66
2017-05-04,53,29.0,26.4,27.8,2.70,2.70,9.0,22.2,38.5,231,83,1009.0,94,31364.16
2017-05-05,61,30.1,26.3,27.7,3.40,3.40,3.0,12.5,28.4,219,81,1010.3,87,26289.61
2017-05-06,53,30.4,27.2,28.6,0.80,0.80,4.0,16.2,31.7,214,81,1010.1,42,42876.97
2017-05-07,51,31.0,27.8,28.8,0.10,0.10,1.0,22.7,40.3,187,80,1008.5,82,42881.04
2017-05-08,55,30.3,26.6,28.2,1.80,1.80,4.0,19.2,36.7,210,80,1009.0,66,42885.61
2017-05-09,63,30.5,26.4,28.4,9.40,9.40,10.0,21.4,38.9,225,81,1008.6,68,41834.27
2017-05-10,51,30.1,27.1,28.3,1.50,1.50,9.0,16.2,30.6,203,82,1009.0,52,42896.40
2017-05-11,63,30.3,27.4,28.2,6.90,6.90,7.0,14.5,31.3,206,81,1010.2,59,34483.86
2017-05-12,61,29.5,25.9,27.8,3.50,3.50,10.0,15.0,28.4,219,83,1010.6,88,39879.54
2017-05-13,53,30.3,27.4,28.6,2.70,2.70,7.0,18.4,35.6,243,84,1010.3,82,35981.51
2017-05-14,63,30.4,26.7,28.4,13.10,13.10,13.0,21.0,38.2,226,84,1009.9,90,42577.57
2017-05-15,61,28.5,26.5,27.7,8.60,8.60,18.0,19.2,36.4,221,85,1010.9,89,40773.16
2017-05-16,63,27.8,25.8,26.6,10.10,10.10,12.0,18.7,34.9,213,86,1012.0,95,17593.60
2017-05-17,53,29.0,25.9,27.3,1.90,1.90,10.0,16.3,29.5,232,86,1010.4,64,42950.12
2017-05-18,53,29.1,26.5,27.9,3.40,3.40,13.0,14.2,27.4,220,83,1009.8,45,42959.47
2017-05-19,51,29.5,26.7,28.0,0.80,0.80,7.0,17.6,31.7,225,84,1010.5,49,42969.16
2017-05-20,63,28.9,26.9,27.7,12.30,12.30,12.0,14.8,26.6,210,84,1011.5,87,30525.53
2017-05-21,51,29.8,26.3,27.8,1.40,1.40,7.0,17.9,32.0,223,85,1010.7,53,42989.45
2017-05-22,53,30.1,27.5,28.5,1.10,1.10,5.0,23.0,39.6,223,81,1009.1,27,43064.62
2017-05-23,61,30.1,27.2,28.4,5.10,5.10,11.0,18.3,33.8,222,83,1009.4,42,43010.78
2017-05-24,53,29.5,26.7,27.9,4.10,4.10,17.0,22.2,39.6,226,85,1010.4,59,43021.77
2017-05-25,63,27.5,26.3,26.9,9.90,9.90,18.0,14.2,28.4,217,85,1011.7,81,24615.56
2017-05-26,53,28.0,25.2,26.6,6.80,6.80,15.0,11.2,24.5,237,86,1012.3,98,8103.90
2017-05-27,51,30.0,26.7,28.1,0.60,0.60,3.0,14.6,24.5,202,81,1012.3,79,36114.86
2017-05-28,55,28.9,26.3,27.6,1.90,1.90,7.0,11.7,24.1,210,82,1012.7,52,35867.24
2017-05-29,63,29.6,26.6,28.0,5.60,5.60,8.0,22.9,40.3,223,83,1011.9,58,41822.31
2017-05-30,61,29.1,26.1,27.5,5.90,5.90,17.0,22.1,38.9,211,84,1011.8,54,43085.92
2017-05-31,61,28.1,25.6,26.7,7.80,7.80,16.0,16.5,28.8,219,87,1013.2,94,31581.51
2017-06-01,3,29.5,25.5,27.4,0.00,0.00,0.0,17.3,31.7,242,83,1012.8,47,43117.53
2017-06-02,55,29.7,27.1,28.1,2.90,2.90,10.0,20.9,36.4,228,83,1012.2,94,38743.51
2017-06-03,61,27.9,25.8,26.9,7.70,7.70,17.0,15.8,29.9,190,86,1011.6,96,16721.91
2017-06-04,63,28.0,25.9,26.9,10.10,10.10,15.0,14.1,24.8,222,86,1011.6,71,40072.58
2017-06-05,63,29.0,25.7,26.9,19.20,19.20,21.0,16.8,29.5,232,85,1011.1,83,42220.49
2017-06-06,63,28.5,25.6,26.7,13.60,13.60,19.0,18.0,32.8,231,85,1011.6,94,28789.01
2017-06-07,55,29.7,25.7,27.3,2.70,2.70,10.0,13.2,26.6,211,84,1012.1,83,43200.00
2017-06-08,53,28.7,26.4,27.3,2.20,2.20,13.0,10.5,25.6,199,86,1010.3,89,29833.29
2017-06-09,63,28.9,27.1,27.8,8.40,8.40,7.0,16.3,29.5,214,85,1009.1,69,37604.64
2017-06-10,63,28.5,25.4,26.8,16.70,16.70,17.0,14.9,28.4,193,86,1010.3,98,16324.95
2017-06-11,61,28.6,25.9,27.1,7.10,7.10,13.0,21.0,37.1,229,86,1010.1,93,38950.97
2017-06-12,63,27.1,25.3,26.0,21.80,21.80,21.0,23.1,40.7,239,88,1010.7,100,1200.23
2017-06-13,63,27.9,24.4,25.9,6.30,6.30,9.0,18.9,31.7,253,85,1011.6,97,20841.02
2017-06-14,63,27.3,25.0,26.2,15.10,15.10,24.0,14.8,27.0,245,87,1011.9,94,22327.39
2017-06-15,63,27.6,25.3,26.4,15.30,15.30,15.0,15.1,32.4,239,86,1011.5,94,21768.55
2017-06-16,63,27.0,25.6,26.2,4.90,4.90,15.0,22.3,37.1,234,87,1011.8,96,33324.00
2017-06-17,55,27.8,24.2,25.7,3.80,3.80,10.0,16.0,29.5,249,86,1011.0,99,18244.91
2017-06-18,51,28.1,25.5,26.7,0.70,0.70,6.0,17.2,32.4,226,85,1010.0,77,42667.87
2017-06-19,63,27.8,25.1,26.3,11.10,11.10,17.0,22.4,41.4,226,86,1010.8,84,39999.08
2017-06-20,61,26.1,24.7,25.3,18.10,18.10,24.0,21.2,34.6,232,90,1012.2,99,9760.90
2017-06-21,61,28.1,24.5,25.9,5.10,5.10,14.0,16.1,28.8,270,88,1011.7,64,34183.92
2017-06-22,63,27.8,24.3,26.2,17.00,17.00,8.0,17.5,32.0,247,87,1011.2,85,27274.18
2017-06-23,63,27.7,24.9,26.2,20.30,20.30,14.0,20.4,36.0,222,87,1010.8,98,18704.11
2017-06-24,63,26.7,24.8,25.6,17.60,17.60,20.0,19.1,33.8,203,87,1010.8,98,2239.65
2017-06-25,61,28.1,24.6,25.8,7.80,7.80,15.0,14.5,26.6,239,87,1011.7,88,37074.73
2017-06-26,61,28.3,24.5,26.0,6.40,6.40,15.0,12.4,32.8,247,87,1011.5,97,29051.16
2017-06-27,53,28.0,25.5,26.5,1.90,1.90,10.0,15.7,29.5,234,88,1011.8,79,42789.78
2017-06-28,63,27.6,24.4,26.0,10.00,10.00,8.0,19.0,32.0,216,86,1012.8,88,23916.87
2017-06-29,53,26.3,24.8,25.6,5.00,5.00,18.0,15.9,28.8,226,87,1013.2,93,15323.76
2017-06-30,63,26.7,24.7,25.7,6.60,6.60,11.0,17.6,33.8,237,86,1013.5,86,22281.01
2017-07-01,53,26.8,25.1,25.8,2.80,2.80,10.0,16.1,29.2,225,86,1013.2,98,28635.74
2017-07-02,53,26.5,25.0,25.7,5.50,5.50,17.0,17.7,30.6,237,86,1013.2,94,13071.63
2017-07-03,61,27.2,25.1,26.1,4.80,4.80,11.0,19.9,34.6,237,84,1013.1,80,41626.83
2017-07-04,61,26.7,25.0,25.8,4.40,4.40,12.0,19.4,35.6,231,85,1013.0,78,34903.88
2017-07-05,63,26.6,24.3,25.6,13.20,13.20,17.0,18.4,34.2,234,86,1013.7,86,34423.99
2017-07-06,63,25.2,24.2,24.7,30.40,30.40,24.0,15.1,32.4,232,90,1014.3,99,2108.25
2017-07-07,55,26.7,24.6,25.4,5.70,5.70,16.0,15.0,28.1,227,86,1013.9,96,20154.16
2017-07-08,63,26.1,24.7,25.2,12.20,12.20,24.0,21.4,37.4,225,86,1013.5,99,7432.72
2017-07-09,51,26.7,24.9,25.6,0.70,0.70,5.0,23.1,40.3,218,83,1013.7,92,33894.49
2017-07-10,53,27.0,24.9,25.6,1.60,1.60,7.0,22.5,40.7,215,79,1014.1,77,42569.26
2017-07-11,3,27.2,24.2,25.5,0.00,0.00,0.0,22.6,39.6,223,80,1014.9,45,43200.00
2017-07-12,51,26.9,24.7,25.6,0.30,0.30,3.0,20.4,36.4,228,81,1014.6,68,42025.20
2017-07-13,51,26.8,24.8,25.7,1.30,1.30,7.0,24.1,40.7,235,82,1014.2,59,36124.13
2017-07-14,51,27.4,24.7,25.8,0.40,0.40,4.0,19.6,36.0,237,83,1013.7,59,42223.04
2017-07-15,51,27.1,24.7,25.8,0.90,0.90,7.0,23.7,41.4,244,85,1013.2,75,37278.86
2017-07-16,63,27.0,24.7,25.7,7.60,7.60,13.0,23.2,41.0,244,84,1013.5,73,37303.54
2017-07-17,55,26.9,24.8,25.7,3.20,3.20,11.0,21.5,37.8,236,85,1012.7,78,32768.91
2017-07-18,53,26.9,24.6,25.5,2.60,2.60,11.0,16.9,32.0,217,86,1013.8,74,31114.09
2017-07-19,55,26.8,24.8,25.5,3.50,3.50,8.0,18.8,33.5,220,86,1014.6,67,38693.86
2017-07-20,51,27.2,24.4,25.7,0.40,0.40,3.0,21.5,36.4,237,87,1013.7,56,42500.86
2017-07-21,51,27.6,24.9,25.8,0.20,0.20,2.0,23.0,40.0,240,87,1012.4,38,43200.00
2017-07-22,63,26.7,24.7,25.6,6.20,6.20,16.0,29.7,51.5,242,87,1012.4,86,23631.16
2017-07-23,63,26.2,23.8,24.8,24.80,24.80,21.0,22.8,39.6,241,88,1013.8,94,12106.36
2017-07-24,51,26.6,24.4,25.1,1.90,1.90,10.0,25.6,44.3,241,86,1014.3,65,41691.08
2017-07-25,55,26.1,24.6,25.1,3.80,3.80,13.0,25.1,44.6,234,85,1014.1,83,23865.70
2017-07-26,51,26.5,24.3,25.2,1.40,1.40,10.0,18.5,33.8,226,85,1013.0,52,40775.99
2017-07-27,51,26.5,23.9,25.1,0.20,0.20,2.0,15.9,30.6,225,89,1012.5,51,43200.00
2017-07-28,51,26.6,24.4,25.1,0.80,0.80,8.0,22.2,40.3,235,89,1012.4,91,39985.14
2017-07-29,51,26.4,24.4,25.1,1.00,1.00,7.0,23.0,42.5,242,88,1013.2,92,32694.16
2017-07-30,51,26.4,24.3,25.1,0.20,0.20,1.0,22.8,39.2,243,87,1013.2,64,32979.35
2017-07-31,51,25.8,24.4,24.9,0.80,0.80,5.0,23.5,40.3,239,88,1012.8,71,25444.38
2017-08-01,51,26.5,24.1,25.0,1.10,1.10,9.0,26.1,43.9,238,88,1013.2,77,34761.06
2017-08-02,63,26.3,23.8,24.9,20.10,20.10,19.0,21.9,38.2,229,87,1014.0,86,30784.88
2017-08-03,61,25.4,23.7,24.3,15.40,15.40,17.0,21.8,41.4,241,90,1014.6,98,8343.36
2017-08-04,63,25.2,23.7,24.4,14.90,14.90,15.0,26.3,45.0,244,90,1013.3,98,8324.23
2017-08-05,51,25.8,23.9,24.6,0.50,0.50,4.0,22.7,38.5,238,89,1012.9,93,11082.75
2017-08-06,61,25.9,23.7,24.5,11.30,11.30,12.0,21.1,37.4,233,89,1013.4,81,21600.00
2017-08-07,3,26.5,23.2,24.6,0.00,0.00,0.0,19.9,38.9,236,88,1013.8,72,37833.65
2017-08-08,63,26.0,23.6,24.7,5.40,5.40,11.0,23.7,40.7,232,88,1013.5,82,38664.30
2017-08-09,61,26.1,23.8,24.9,4.10,4.10,3.0,22.0,40.3,233,88,1013.8,48,43200.00
2017-08-10,51,26.3,23.9,24.9,0.10,0.10,1.0,19.1,33.8,231,89,1013.4,56,42003.03
2017-08-11,51,26.5,24.0,25.0,0.40,0.40,2.0,21.3,38.5,239,89,1013.2,64,41627.61
2017-08-12,51,26.4,24.0,25.0,0.20,0.20,2.0,21.0,38.2,239,88,1012.7,75,39364.38
2017-08-13,51,26.1,24.3,25.0,0.70,0.70,6.0,23.2,40.7,235,88,1011.8,85,29145.07
2017-08-14,51,26.0,24.3,24.9,0.90,0.90,9.0,22.7,39.2,236,89,1011.4,92,20217.85
2017-08-15,51,26.2,24.2,25.0,0.80,0.80,5.0,20.9,38.2,231,87,1012.3,90,39328.10
2017-08-16,51,26.0,24.1,24.7,1.10,1.10,6.0,20.9,35.3,242,89,1012.2,97,13913.22
2017-08-17,61,26.3,23.8,24.7,14.30,14.30,13.0,26.0,43.2,239,89,1010.7,100,4807.28
2017-08-18,51,26.2,24.3,24.9,2.10,2.10,13.0,25.0,43.2,228,85,1010.4,92,21448.65
2017-08-19,51,26.3,23.7,24.8,0.20,0.20,2.0,17.4,31.7,218,83,1012.0,33,43173.10
2017-08-20,3,26.2,23.5,24.6,0.00,0.00,0.0,20.4,37.4,231,86,1012.8,61,36466.41
2017-08-21,51,26.0,24.0,24.7,0.60,0.60,6.0,22.6,38.9,233,87,1012.5,68,31630.19
2017-08-22,51,26.2,24.0,24.8,0.30,0.30,3.0,24.5,42.5,238,86,1012.5,73,42380.57
2017-08-23,3,26.5,23.9,24.7,0.00,0.00,0.0,19.7,37.8,236,87,1011.8,54,43074.46
2017-08-24,3,26.6,23.5,24.7,0.00,0.00,0.0,21.8,38.9,235,89,1011.2,56,42117.94
2017-08-25,51,25.8,24.0,24.6,0.70,0.70,6.0,25.4,45.4,241,89,1010.9,94,23241.92
2017-08-26,63,25.7,23.4,24.3,5.90,5.90,16.0,18.9,33.8,232,90,1011.3,95,18915.57
2017-08-27,51,26.3,23.6,24.8,0.10,0.10,1.0,18.6,33.5,223,90,1012.6,80,36430.38
2017-08-28,3,25.8,23.9,24.7,0.00,0.00,0.0,17.8,32.8,233,90,1012.1,98,26821.48
2017-08-29,63,25.7,24.1,24.7,5.30,5.30,8.0,24.1,41.8,234,89,1011.6,89,14708.54
2017-08-30,51,25.9,24.2,24.9,0.30,0.30,3.0,27.7,46.4,236,88,1012.5,76,34658.97
2017-08-31,51,26.1,23.9,24.7,0.60,0.60,4.0,25.7,44.3,235,89,1012.6,72,41365.38
2017-09-01,3,26.1,23.6,24.6,0.00,0.00,0.0,19.4,37.1,235,89,1013.4,26,42824.53
2017-09-02,51,26.0,23.6,24.6,0.10,0.10,1.0,22.5,39.6,231,89,1013.4,63,41893.43
2017-09-03,51,26.6,23.8,24.7,0.70,0.70,4.0,23.2,41.0,238,89,1012.9,93,21700.62
2017-09-04,51,26.0,24.2,24.7,0.20,0.20,2.0,24.8,43.9,236,88,1013.0,82,26512.67
2017-09-05,3,26.7,23.9,25.0,0.00,0.00,0.0,19.9,37.1,227,88,1013.0,38,42708.40
2017-09-06,51,26.5,24.2,25.1,0.10,0.10,1.0,20.2,37.8,227,87,1012.5,55,39600.00
2017-09-07,63,25.8,24.1,24.7,9.10,9.10,18.0,23.3,38.9,231,87,1012.1,87,18408.63
2017-09-08,53,26.6,23.9,24.9,2.80,2.80,8.0,17.3,32.4,228,86,1012.2,87,33687.48
2017-09-09,51,26.7,23.9,25.2,0.20,0.20,2.0,18.6,34.2,229,88,1011.8,70,41125.20
2017-09-10,51,27.2,24.7,25.5,0.20,0.20,2.0,21.9,37.8,235,87,1011.3,46,40125.51
2017-09-11,51,26.5,24.7,25.2,2.60,2.60,12.0,22.2,39.2,237,88,1011.3,96,10991.44
2017-09-12,51,26.0,24.1,25.0,1.90,1.90,12.0,16.4,31.0,239,89,1012.0,85,15352.11
2017-09-13,53,26.5,24.3,25.2,2.70,2.70,8.0,24.5,42.5,241,87,1012.8,85,32226.06
2017-09-14,51,26.8,24.6,25.5,0.40,0.40,3.0,23.8,41.4,229,86,1012.1,61,40350.86
2017-09-15,51,26.9,24.8,25.6,1.40,1.40,10.0,26.0,44.3,229,86,1012.0,63,40749.02
2017-09-16,53,26.8,24.5,25.5,4.70,4.70,19.0,29.8,51.1,229,85,1012.3,70,39838.38
2017-09-17,51,27.0,24.4,25.5,0.70,0.70,6.0,19.9,36.4,224,85,1013.6,56,41705.67
2017-09-18,51,27.5,24.4,25.7,0.30,0.30,3.0,22.7,39.2,236,87,1013.2,65,40564.07
2017-09-19,51,27.1,24.8,25.8,1.10,1.10,5.0,23.1,41.0,238,87,1011.9,69,38738.10
2017-09-20,51,27.8,25.0,26.0,0.60,0.60,5.0,20.2,36.7,228,85,1011.4,57,41751.92
2017-09-21,3,27.7,25.2,26.2,0.00,0.00,0.0,24.5,43.6,231,84,1011.6,76,36699.22
2017-09-22,51,27.3,25.0,25.9,1.20,1.20,9.0,24.3,42.5,229,84,1012.1,86,35130.03
2017-09-23,51,27.4,24.9,25.9,1.00,1.00,6.0,19.4,34.2,239,86,1013.0,73,35579.59
2017-09-24,53,27.8,25.0,26.0,1.60,1.60,5.0,16.0,31.7,235,86,1012.4,59,33357.67
2017-09-25,51,27.9,25.0,26.0,0.70,0.70,5.0,16.2,30.6,228,86,1011.1,81,33386.27
2017-09-26,63,25.9,24.1,25.1,23.00,23.00,17.0,18.2,30.6,215,90,1010.4,98,3735.70
2017-09-27,51,27.8,23.6,25.7,0.30,0.30,3.0,14.8,28.1,215,87,1010.6,69,40471.56
2017-09-28,61,27.5,24.8,26.0,4.40,4.40,16.0,15.8,35.6,233,86,1011.6,83,31553.99
2017-09-29,53,27.4,24.6,25.9,3.40,3.40,15.0,17.7,32.0,221,86,1011.3,88,26125.68
2017-09-30,51,28.3,24.5,26.2,0.20,0.20,2.0,22.2,40.0,223,87,1010.0,59,40749.80
2017-10-01,53,28.2,25.0,26.3,2.10,2.10,7.0,15.6,31.7,230,86,1010.3,38,40302.31
2017-10-02,53,28.1,25.3,26.5,2.30,2.30,5.0,18.6,36.4,235,85,1009.9,47,39622.74
2017-10-03,51,28.4,25.2,26.6,0.30,0.30,3.0,19.1,34.6,231,87,1009.1,73,40333.68
2017-10-04,55,28.2,25.9,26.7,2.30,2.30,9.0,24.0,44.6,232,85,1010.5,72,39794.53
2017-10-05,61,27.7,25.4,26.4,4.80,4.80,14.0,16.3,30.6,227,86,1010.8,83,34859.13
2017-10-06,51,27.8,25.4,26.5,2.40,2.40,15.0,23.0,40.3,230,84,1010.1,75,39035.15
2017-10-07,63,27.9,24.9,26.2,15.10,15.10,13.0,22.5,39.2,236,85,1009.9,93,25278.25
2017-10-08,65,27.2,24.6,25.8,19.70,19.70,15.0,16.4,29.9,239,87,1010.7,99,14067.76
2017-10-09,51,28.5,24.9,26.6,0.30,0.30,2.0,18.9,32.4,234,86,1010.1,62,39537.82
2017-10-10,53,28.4,25.9,26.8,1.00,1.00,4.0,17.9,34.6,222,85,1009.9,86,38461.29
2017-10-11,61,27.9,25.2,26.4,4.60,4.60,14.0,21.1,38.5,220,86,1011.0,86,36612.42
2017-10-12,63,27.9,25.0,26.3,6.30,6.30,16.0,18.2,34.9,240,85,1011.4,72,36875.24
2017-10-13,61,28.5,25.5,26.6,5.00,5.00,17.0,19.5,35.6,233,86,1010.9,60,39782.45
2017-10-14,63,28.1,25.2,26.3,6.80,6.80,9.0,14.9,30.2,216,86,1011.0,75,37391.29
2017-10-15,53,28.4,25.1,26.5,1.30,1.30,4.0,17.3,32.4,230,86,1011.4,57,39600.00
2017-10-16,55,28.8,25.7,27.0,2.80,2.80,6.0,13.7,33.1,227,85,1012.2,54,39600.00
2017-10-17,51,29.3,26.2,27.1,0.40,0.40,2.0,20.1,34.6,231,87,1012.3,52,39600.00
2017-10-18,61,28.6,26.0,26.8,4.10,4.10,9.0,19.7,38.2,234,86,1012.0,92,25654.62
2017-10-19,51,28.1,25.9,26.9,0.50,0.50,5.0,17.6,32.4,226,85,1011.9,56,39619.60
2017-10-20,51,28.5,25.9,27.0,0.40,0.40,4.0,15.5,29.9,217,85,1011.5,41,39630.63
2017-10-21,51,28.9,26.1,27.2,0.70,0.70,5.0,17.8,32.8,220,85,1011.8,29,39641.46
2017-10-22,61,28.3,26.4,27.1,4.00,4.00,9.0,18.5,36.0,231,84,1011.8,66,30487.15
2017-10-23,61,28.2,25.8,26.8,4.10,4.10,12.0,16.3,31.0,225,86,1011.0,66,27072.89
2017-10-24,53,29.0,25.9,27.3,2.50,2.50,10.0,15.6,29.9,220,86,1010.0,51,39600.00
2017-10-25,51,28.9,26.3,27.4,2.20,2.20,11.0,16.3,31.0,222,85,1009.9,35,39600.00
2017-10-26,51,29.1,26.4,27.5,1.00,1.00,6.0,14.3,30.6,217,84,1010.3,39,39600.00
2017-10-27,61,29.1,26.4,27.6,3.50,3.50,8.0,17.1,34.2,220,84,1010.0,76,37661.42
2017-10-28,63,28.8,26.3,27.2,13.50,13.50,12.0,18.9,31.0,228,85,1009.4,71,38105.17
2017-10-29,51,29.8,26.3,27.6,0.20,0.20,2.0,16.6,29.5,221,82,1009.4,38,39600.00
2017-10-30,3,29.6,25.9,27.6,0.00,0.00,0.0,15.5,29.5,222,84,1008.7,21,39600.00
2017-10-31,51,28.6,26.7,27.5,1.00,1.00,6.0,15.0,26.3,205,83,1009.9,63,39600.00
2017-11-01,63,29.2,26.3,27.4,5.80,5.80,7.0,15.7,28.8,216,84,1010.1,70,33027.16
2017-11-02,53,29.1,26.5,27.6,1.10,1.10,2.0,15.3,31.0,219,82,1010.4,89,36588.54
2017-11-03,63,29.1,26.7,27.5,8.70,8.70,7.0,15.5,29.5,209,83,1009.6,54,38637.45
2017-11-04,53,29.0,26.4,27.3,2.40,2.40,11.0,15.5,30.6,209,83,1010.6,41,39600.00
2017-11-05,55,29.0,25.9,27.4,4.90,4.90,14.0,16.6,31.3,227,81,1010.4,74,35837.63
2017-11-06,55,28.6,25.7,27.1,2.90,2.90,8.0,16.0,29.5,227,83,1009.5,76,32400.00
2017-11-07,53,29.3,25.4,27.3,2.30,2.30,5.0,13.1,27.7,234,84,1008.7,66,36011.95
2017-11-08,51,29.3,26.1,27.7,1.10,1.10,8.0,15.5,32.8,217,84,1008.8,30,39600.00
2017-11-09,61,29.1,26.6,27.8,1.60,1.60,3.0,16.5,30.6,220,84,1009.4,47,39600.00
2017-11-10,51,29.7,26.5,27.7,0.40,0.40,2.0,17.6,31.7,225,83,1009.4,45,39600.00
2017-11-11,53,29.2,26.6,27.6,3.20,3.20,10.0,19.0,36.0,230,85,1009.1,47,39600.00
2017-11-12,53,29.3,26.6,27.5,1.90,1.90,8.0,13.7,25.9,215,84,1008.9,51,39059.37
2017-11-13,55,29.1,26.8,27.8,2.50,2.50,5.0,14.0,28.8,205,82,1008.4,81,36830.50
2017-11-14,61,29.2,26.6,27.7,4.10,4.10,10.0,14.3,29.5,217,83,1008.0,46,38281.47
2017-11-15,63,29.1,25.7,27.6,7.80,7.80,13.0,19.6,33.5,227,84,1008.5,73,37824.02
2017-11-16,53,28.9,26.4,27.6,2.30,2.30,9.0,19.2,37.1,231,84,1008.8,93,35740.38
2017-11-17,51,29.1,26.8,27.7,1.00,1.00,8.0,18.9,33.1,229,83,1008.6,50,39600.00
2017-11-18,61,29.2,26.2,27.3,3.80,3.80,9.0,23.4,38.9,231,85,1008.8,71,39600.00
2017-11-19,61,28.6,26.6,27.3,5.40,5.40,12.0,16.1,31.7,213,84,1009.1,52,39474.33
2017-11-20,61,29.1,25.7,27.0,5.50,5.50,9.0,14.0,25.9,196,85,1009.8,72,27305.76
2017-11-21,53,29.7,25.5,27.4,1.00,1.00,2.0,15.7,29.9,234,84,1009.1,20,39600.00
2017-11-22,61,28.7,26.2,27.3,5.30,5.30,8.0,15.0,31.7,211,83,1009.2,64,36949.86
2017-11-23,63,28.0,26.2,27.0,9.70,9.70,8.0,15.5,27.4,214,84,1009.9,81,30158.33
2017-11-24,61,29.1,25.6,27.3,3.50,3.50,6.0,12.9,25.2,234,85,1010.2,63,38067.00
2017-11-25,55,28.7,25.3,26.9,5.00,5.00,12.0,14.1,27.7,234,85,1010.9,69,37694.82
2017-11-26,51,29.6,25.3,27.4,0.70,0.70,6.0,17.9,32.4,222,86,1010.8,30,39497.03
2017-11-27,53,29.1,26.1,27.4,1.80,1.80,9.0,11.8,26.3,229,83,1011.4,43,39600.00
2017-11-28,51,29.6,25.1,27.4,0.10,0.10,1.0,17.7,32.0,231,84,1011.0,14,39600.00
2017-11-29,53,29.4,25.8,27.7,1.90,1.90,7.0,15.4,32.0,218,83,1010.8,37,34908.94
2017-11-30,2,29.7,25.3,27.6,0.00,0.00,0.0,12.4,24.5,220,83,1011.3,20,39600.00
2017-12-01,51,29.6,26.4,27.9,0.80,0.80,4.0,19.7,34.6,218,83,1009.9,22,39064.90
2017-12-02,51,29.7,26.0,27.8,0.80,0.80,5.0,16.2,28.4,222,84,1008.9,17,39126.88
2017-12-03,51,29.8,26.7,28.0,1.10,1.10,5.0,15.9,29.2,229,82,1009.3,22,39191.11
2017-12-04,51,30.2,26.8,28.1,0.20,0.20,2.0,16.0,29.2,229,83,1009.8,23,39063.07
2017-12-05,53,30.1,26.9,28.2,1.10,1.10,5.0,17.1,38.5,233,85,1009.2,20,38734.74
2017-12-06,51,30.1,26.9,28.3,0.50,0.50,4.0,18.7,34.6,225,84,1007.8,21,39197.08
2017-12-07,53,29.5,26.6,27.9,1.50,1.50,4.0,18.6,32.8,232,85,1007.9,54,36554.58
2017-12-08,51,29.5,26.9,27.7,1.60,1.60,9.0,14.8,31.0,235,85,1008.3,67,30263.05
2017-12-09,55,27.5,25.9,26.8,4.30,4.30,9.0,18.7,36.4,227,87,1009.3,80,28971.68
2017-12-10,3,30.9,25.0,27.3,0.00,0.00,0.0,14.8,26.3,249,80,1009.1,68,30895.80
2017-12-11,3,30.5,24.5,27.5,0.00,0.00,0.0,14.2,27.0,225,78,1009.4,39,38705.80
2017-12-12,55,29.9,25.4,27.7,1.50,1.50,2.0,11.8,27.7,223,81,1009.8,55,38553.55
2017-12-13,3,30.9,25.2,27.8,0.00,0.00,0.0,18.3,33.5,216,84,1009.5,67,38395.91
2017-12-14,3,29.6,25.9,27.5,0.00,0.00,0.0,17.2,32.4,225,87,1009.5,30,38008.57
2017-12-15,1,30.1,26.1,27.7,0.00,0.00,0.0,19.6,37.4,233,86,1009.5,12,38290.74
2017-12-16,53,29.8,26.0,27.8,0.70,0.70,1.0,20.9,36.0,231,86,1009.2,40,37659.11
2017-12-17,51,29.3,26.6,27.7,0.70,0.70,6.0,21.4,36.7,231,87,1009.3,45,37945.54
2017-12-18,51,29.4,26.7,27.8,0.50,0.50,4.0,19.6,36.0,226,86,1009.3,45,37765.92
2017-12-19,53,29.3,26.1,27.4,1.70,1.70,6.0,20.1,37.1,231,85,1009.2,56,37298.84
2017-12-20,61,29.6,25.5,27.4,1.70,1.70,3.0,15.6,30.2,236,85,1009.1,64,35797.73
2017-12-21,53,29.2,26.4,27.3,2.20,2.20,4.0,17.6,31.7,231,85,1009.6,57,37193.35
2017-12-22,61,29.3,25.8,27.2,1.80,1.80,6.0,20.6,34.6,221,85,1010.1,86,34663.17
2017-12-23,3,31.3,25.0,27.0,0.00,0.00,0.0,18.5,30.2,238,75,1009.8,77,28533.20
2017-12-24,3,29.6,22.0,26.1,0.00,0.00,0.0,18.2,32.8,217,70,1009.2,44,38800.49
2017-12-25,3,30.4,23.8,26.8,0.00,0.00,0.0,16.1,29.9,208,78,1009.1,31,37544.42
2017-12-26,3,31.3,23.6,26.9,0.00,0.00,0.0,16.8,31.3,213,80,1008.9,32,37871.77
2017-12-27,3,31.3,22.5,26.5,0.00,0.00,0.0,15.8,30.6,230,74,1008.5,25,38376.11
2017-12-28,1,29.8,22.8,26.2,0.00,0.00,0.0,19.1,34.2,237,80,1008.7,4,38118.72
2017-12-29,3,29.4,24.5,26.7,0.00,0.00,0.0,14.6,28.1,227,85,1009.7,40,36340.38
2017-12-30,3,30.7,24.6,27.2,0.00,0.00,0.0,17.4,34.2,238,85,1010.3,25,34587.68
2017-12-31,2,32.4,25.3,27.5,0.00,0.00,0.0,17.4,32.4,234,81,1010.2,12,36353.42
2018-01-01,0,32.1,23.1,26.8,0.00,0.00,0.0,15.5,29.5,186,72,1009.5,0,37845.43
2018-01-02,0,32.5,22.4,26.7,0.00,0.00,0.0,15.3,31.0,177,69,1008.8,0,37839.61
2018-01-03,0,32.8,22.2,27.0,0.00,0.00,0.0,17.6,31.0,156,59,1009.6,0,37580.80
2018-01-04,0,33.5,22.4,27.0,0.00,0.00,0.0,16.6,31.3,103,55,1010.8,0,37825.93
2018-01-05,0,31.2,21.8,26.1,0.00,0.00,0.0,15.4,29.2,159,56,1011.1,0,37818.52
2018-01-06,1,29.3,21.8,25.7,0.00,0.00,0.0,17.4,31.3,221,76,1010.5,4,36803.54
2018-01-07,3,29.8,24.8,26.9,0.00,0.00,0.0,17.1,31.3,217,82,1010.0,29,36544.43
2018-01-08,51,29.7,25.0,26.9,0.10,0.10,1.0,19.2,33.8,225,86,1010.7,19,36536.79
2018-01-09,2,29.9,24.8,26.9,0.00,0.00,0.0,17.4,32.8,219,85,1010.7,23,36528.34
2018-01-10,53,29.2,25.1,27.0,0.50,0.50,1.0,15.8,30.2,229,84,1010.8,17,36269.54
2018-01-11,51,30.0,25.1,27.2,0.10,0.10,1.0,19.0,33.5,228,84,1010.1,14,35719.51
2018-01-12,51,29.5,25.1,27.0,0.50,0.50,2.0,22.1,39.2,232,85,1010.1,22,36502.16
2018-01-13,51,29.2,24.9,26.8,0.40,0.40,2.0,18.5,34.2,229,85,1009.6,73,32617.87
2018-01-14,53,30.0,24.9,27.1,0.80,0.80,1.0,18.1,31.7,228,83,1009.6,73,34088.96
2018-01-15,51,29.3,25.2,27.0,0.60,0.60,2.0,14.8,30.2,227,86,1010.1,68,32408.12
2018-01-16,3,30.3,25.7,27.5,0.00,0.00,0.0,20.4,37.1,218,83,1010.2,42,35689.74
2018-01-17,51,29.9,25.6,27.5,0.50,0.50,2.0,19.8,36.0,232,84,1009.4,15,36460.85
2018-01-18,51,30.1,25.8,27.6,0.10,0.10,1.0,19.8,36.0,228,85,1009.2,39,36445.30
2018-01-19,51,30.0,25.5,27.5,0.50,0.50,5.0,19.8,36.4,232,84,1009.4,41,36182.92
2018-01-20,51,29.5,26.1,27.6,0.20,0.20,2.0,21.4,39.2,232,85,1009.0,19,36415.11
2018-01-21,55,30.1,26.3,27.8,2.40,2.40,3.0,18.6,35.3,235,84,1009.0,49,34567.38
2018-01-22,53,30.4,25.7,27.6,1.60,1.60,7.0,20.2,34.9,231,84,1008.7,27,36508.38
2018-01-23,51,30.1,25.4,27.5,1.00,1.00,8.0,16.9,29.9,220,83,1009.0,42,36385.32
2018-01-24,51,30.2,25.8,27.7,0.30,0.30,1.0,14.7,30.2,225,82,1008.7,54,33549.54
2018-01-25,51,31.2,25.5,27.7,0.50,0.50,2.0,15.2,28.8,223,80,1008.6,65,34982.08
2018-01-26,3,30.7,24.8,27.1,0.00,0.00,0.0,17.3,32.0,220,81,1008.3,42,33469.55
2018-01-27,3,30.6,24.9,27.2,0.00,0.00,0.0,18.7,33.1,210,83,1008.0,17,33336.99
2018-01-28,1,30.4,25.3,27.6,0.00,0.00,0.0,20.9,37.8,225,82,1008.0,11,37057.39
2018-01-29,3,30.3,25.9,27.8,0.00,0.00,0.0,20.0,36.4,221,85,1008.7,25,34401.48
2018-01-30,53,31.6,25.9,28.0,0.90,0.90,4.0,17.9,34.6,220,82,1008.6,29,37272.63
2018-01-31,51,31.8,25.8,28.0,0.10,0.10,1.0,17.3,33.1,214,82,1007.1,15,37005.07
2018-02-01,1,30.6,26.0,28.0,0.00,0.00,0.0,20.5,36.7,223,84,1006.9,13,37242.55
2018-02-02,51,30.9,26.9,28.3,0.20,0.20,2.0,18.4,35.6,223,82,1007.2,17,37227.31
2018-02-03,2,31.1,26.5,28.3,0.00,0.00,0.0,17.6,33.5,221,82,1007.4,24,36727.26
2018-02-04,3,31.0,26.4,28.2,0.00,0.00,0.0,21.9,39.6,230,85,1006.6,28,37440.26
2018-02-05,3,31.3,26.8,28.6,0.00,0.00,0.0,20.5,38.2,227,83,1006.5,45,37186.87
2018-02-06,3,30.9,27.5,28.8,0.00,0.00,0.0,25.2,44.3,234,83,1007.0,39,36934.58
2018-02-07,51,31.3,27.2,28.8,0.10,0.10,1.0,24.8,43.2,228,82,1007.1,51,36924.27
2018-02-08,3,30.8,27.5,28.8,0.00,0.00,0.0,23.7,43.2,231,83,1007.3,71,36914.33
2018-02-09,53,30.2,27.2,28.4,0.80,0.80,4.0,24.1,43.9,224,83,1007.8,76,35323.92
2018-02-10,61,30.9,27.0,28.4,3.50,3.50,7.0,21.6,40.0,221,83,1006.6,44,37135.38
2018-02-11,53,29.6,26.9,28.0,1.70,1.70,9.0,20.2,39.6,219,83,1007.5,63,34850.24
2018-02-12,63,30.1,24.8,27.8,6.80,6.80,5.0,15.6,32.0,209,83,1008.5,82,34673.78
2018-02-13,53,29.9,25.9,27.9,1.30,1.30,4.0,17.7,30.2,223,86,1008.6,93,34693.67
2018-02-14,51,30.6,27.0,28.4,0.40,0.40,4.0,21.3,38.5,222,85,1008.7,64,36386.12
2018-02-15,51,30.2,26.7,28.3,0.40,0.40,2.0,20.0,35.6,228,85,1008.4,92,34929.17
2018-02-16,51,30.6,27.1,28.4,0.10,0.10,1.0,21.1,38.2,228,84,1008.8,60,32554.23
2018-02-17,61,30.3,27.2,28.4,2.40,2.40,7.0,23.0,42.1,225,85,1008.3,68,36575.63
2018-02-18,53,29.0,25.9,27.4,3.30,3.30,9.0,20.8,36.4,220,85,1008.6,90,30660.92
2018-02-19,51,30.4,26.8,28.3,0.10,0.10,1.0,14.3,29.9,220,85,1007.5,70,37305.62
2018-02-20,61,30.7,27.2,28.5,2.40,2.40,3.0,19.9,36.7,231,84,1007.3,86,32523.68
2018-02-21,51,30.3,26.8,28.3,0.20,0.20,2.0,23.7,41.4,234,80,1006.9,77,37112.30
2018-02-22,3,30.6,27.4,28.6,0.00,0.00,0.0,20.4,37.8,228,79,1006.9,56,37290.03
2018-02-23,3,31.1,27.1,28.7,0.00,0.00,0.0,19.1,36.7,227,79,1006.8,67,34832.37
2018-02-24,63,28.9,24.4,27.2,5.10,5.10,2.0,19.2,36.0,247,84,1008.2,96,3681.25
2018-02-25,63,30.5,25.9,28.2,6.40,6.40,3.0,19.6,37.8,243,83,1008.6,88,36404.99
2018-02-26,63,27.8,24.5,26.3,16.00,16.00,14.0,20.3,33.1,256,87,1010.0,99,0.00
2018-02-27,51,29.8,25.2,27.6,0.30,0.30,3.0,13.1,25.6,198,82,1010.2,80,36611.53
2018-02-28,3,30.0,26.9,28.2,0.00,0.00,0.0,16.3,29.9,225,79,1010.5,60,32400.00
2018-03-01,55,29.4,27.4,28.1,1.60,1.60,6.0,18.8,32.8,219,82,1010.9,97,29330.17
2018-03-02,3,29.9,26.7,28.1,0.00,0.00,0.0,19.5,33.8,228,81,1010.0,45,37037.44
2018-03-03,2,30.0,27.2,28.3,0.00,0.00,0.0,20.4,37.1,231,82,1009.1,26,36367.86
2018-03-04,53,29.9,27.3,28.1,1.20,1.20,5.0,20.7,38.2,225,82,1009.1,30,35856.29
2018-03-05,53,29.4,27.1,28.0,1.20,1.20,4.0,20.2,34.9,224,80,1008.9,33,37259.03
2018-03-06,2,30.2,26.8,28.2,0.00,0.00,0.0,18.1,32.4,224,78,1008.7,19,37915.22
2018-03-07,51,30.7,27.1,28.5,0.10,0.10,1.0,20.1,35.6,227,78,1009.5,40,36969.33
2018-03-08,53,30.1,27.4,28.5,1.00,1.00,5.0,22.2,41.0,232,79,1010.1,66,34075.76
2018-03-09,51,30.4,27.4,28.7,0.90,0.90,9.0,22.5,40.3,230,78,1010.0,89,33883.27
2018-03-10,53,30.3,27.6,28.6,1.80,1.80,7.0,23.7,43.6,233,78,1009.8,58,34643.86
2018-03-11,55,30.1,27.5,28.4,3.10,3.10,9.0,23.4,41.4,229,81,1009.8,66,32177.88
2018-03-12,51,30.0,27.1,28.4,1.30,1.30,8.0,23.7,41.4,224,81,1010.5,42,36655.69
2018-03-13,51,30.6,27.4,28.7,0.50,0.50,4.0,20.9,37.8,227,80,1010.2,37,37125.01
2018-03-14,3,30.5,27.6,28.7,0.00,0.00,0.0,21.2,38.9,232,80,1009.4,66,36584.57
2018-03-15,51,30.3,27.6,28.7,0.20,0.20,2.0,24.2,42.1,230,79,1008.7,45,36631.97
2018-03-16,51,30.5,27.6,28.7,0.70,0.70,7.0,24.0,44.6,235,80,1008.1,53,36741.46
2018-03-17,55,30.8,27.2,28.6,1.30,1.30,2.0,25.1,45.7,240,80,1008.3,88,35255.38
2018-03-18,51,30.3,26.9,28.3,0.60,0.60,3.0,21.4,38.9,242,82,1007.7,87,35091.85
2018-03-19,51,30.2,27.5,28.5,0.50,0.50,4.0,23.2,41.4,231,81,1008.0,82,34549.71
2018-03-20,51,30.6,27.7,28.7,1.10,1.10,7.0,23.3,43.6,234,79,1008.3,90,28831.52
2018-03-21,63,29.9,27.6,28.6,5.20,5.20,2.0,21.7,38.2,235,81,1009.3,98,14290.07
2018-03-22,51,30.2,26.5,28.0,0.40,0.40,3.0,24.9,43.9,230,83,1009.6,61,32966.32
2018-03-23,63,30.2,26.1,27.9,5.50,5.50,10.0,18.6,34.6,227,82,1009.2,76,35820.38
2018-03-24,51,29.3,25.2,27.2,0.50,0.50,5.0,15.0,30.2,241,83,1008.3,98,28368.76
2018-03-25,53,30.7,27.1,28.4,0.70,0.70,1.0,16.0,34.6,228,81,1008.0,83,31380.15
2018-03-26,51,30.7,26.6,28.6,0.20,0.20,2.0,18.9,34.2,229,81,1008.8,71,38036.68
2018-03-27,51,30.9,27.7,29.1,0.30,0.30,2.0,21.4,38.2,230,79,1009.3,80,37109.27
2018-03-28,51,29.8,26.7,28.3,2.40,2.40,13.0,21.4,38.5,224,82,1008.6,83,36061.11
2018-03-29,63,30.1,27.3,28.2,8.80,8.80,9.0,19.4,36.4,219,81,1008.6,58,36597.92
2018-03-30,53,30.2,26.7,28.2,1.80,1.80,6.0,16.5,31.0,215,82,1007.9,75,33981.01
2018-03-31,51,30.6,27.4,28.6,0.40,0.40,3.0,18.6,33.8,231,83,1007.2,83,38715.01
2018-04-01,51,30.9,27.4,28.7,0.10,0.10,1.0,23.2,42.1,236,82,1006.5,92,38496.30
2018-04-02,53,30.3,26.9,28.5,2.50,2.50,8.0,26.7,47.2,229,82,1006.4,92,32815.40
2018-04-03,53,30.1,27.4,28.5,2.60,2.60,10.0,24.0,40.7,221,82,1006.5,70,36492.50
2018-04-04,51,30.4,27.5,28.7,0.80,0.80,5.0,19.6,35.3,221,80,1007.5,44,38248.15
2018-04-05,51,29.9,27.0,28.3,0.40,0.40,3.0,22.4,40.7,232,82,1007.0,84,36491.16
2018-04-06,51,30.3,27.1,28.4,0.40,0.40,4.0,20.1,37.1,228,83,1006.3,63,38708.26
2018-04-07,61,29.9,26.3,27.8,2.40,2.40,5.0,22.8,40.0,224,83,1007.4,69,35560.72
2018-04-08,61,29.2,26.1,27.5,4.60,4.60,12.0,20.9,38.9,218,82,1008.7,86,31046.58
2018-04-09,63,29.7,25.3,27.8,6.20,6.20,7.0,21.5,39.6,227,82,1009.2,68,36729.63
2018-04-10,63,28.2,25.0,26.7,7.30,7.30,8.0,21.4,34.6,227,86,1010.3,89,4205.99
2018-04-11,51,29.1,25.5,27.3,1.00,1.00,6.0,18.0,32.4,215,83,1009.1,67,39482.25
2018-04-12,51,29.4,26.8,27.9,0.20,0.20,2.0,22.0,39.6,228,82,1009.1,63,40540.05
2018-04-13,51,29.8,26.9,28.0,0.30,0.30,3.0,23.0,41.0,232,81,1009.9,31,41064.57
2018-04-14,53,30.0,27.0,28.2,1.50,1.50,5.0,23.9,43.2,236,81,1010.7,66,41004.11
2018-04-15,51,29.2,27.0,27.9,0.20,0.20,2.0,19.6,34.2,242,84,1011.3,98,16182.23
2018-04-16,53,29.8,27.1,28.3,1.40,1.40,7.0,16.8,33.1,223,84,1010.6,71,38504.73
2018-04-17,61,30.0,27.2,28.2,3.20,3.20,6.0,18.8,36.7,215,83,1010.8,61,39670.43
2018-04-18,53,30.0,27.1,28.1,1.60,1.60,8.0,20.7,38.5,218,83,1011.3,71,35773.02
2018-04-19,51,30.1,26.7,28.3,0.50,0.50,5.0,23.6,42.1,238,83,1010.7,84,41410.48
2018-04-20,61,29.9,26.2,27.9,4.90,4.90,5.0,25.8,47.2,227,83,1009.9,93,20933.71
2018-04-21,63,29.9,26.3,27.5,8.00,8.00,7.0,18.2,33.8,204,83,1009.7,76,33809.80
2018-04-22,51,29.7,26.8,27.8,0.60,0.60,4.0,17.2,32.0,217,83,1009.9,50,40082.83
2018-04-23,63,29.7,26.9,28.0,4.30,4.30,7.0,20.9,37.1,220,84,1009.6,50,40668.42
2018-04-24,51,29.7,27.3,28.2,0.90,0.90,4.0,22.5,40.7,233,83,1009.8,56,39151.12
2018-04-25,53,29.8,27.4,28.3,1.00,1.00,4.0,21.8,41.0,224,84,1010.1,44,40193.01
2018-04-26,51,29.9,26.6,28.0,0.30,0.30,1.0,16.3,30.6,215,83,1009.6,71,39666.69
2018-04-27,1,30.3,26.8,28.3,0.00,0.00,0.0,19.8,36.4,223,82,1009.7,15,42022.14
2018-04-28,53,30.5,26.7,28.4,0.60,0.60,1.0,17.8,34.9,227,82,1010.1,49,41789.06
2018-04-29,61,29.4,27.7,28.3,2.20,2.20,6.0,22.5,41.4,222,82,1010.3,69,38354.58
2018-04-30,51,29.0,27.1,27.8,1.80,1.80,11.0,22.7,41.0,222,84,1010.3,74,39255.80
2018-05-01,3,30.3,27.2,28.5,0.00,0.00,0.0,19.5,34.9,223,80,1010.1,71,40845.10
2018-05-02,51,29.8,27.5,28.3,1.20,1.20,8.0,22.3,39.2,226,82,1009.8,84,38915.70
2018-05-03,53,29.6,26.5,27.8,4.20,4.20,9.0,24.3,42.1,231,82,1009.3,84,34115.09
2018-05-04,51,29.9,26.6,28.1,0.30,0.30,3.0,18.9,36.7,236,83,1009.2,72,37734.88
2018-05-05,55,30.3,26.9,28.3,2.90,2.90,8.0,20.9,38.2,223,81,1010.2,65,32718.35
2018-05-06,65,29.2,25.7,27.2,21.40,21.40,19.0,20.4,39.6,221,84,1011.1,87,32239.54
2018-05-07,51,29.8,26.0,27.9,1.30,1.30,10.0,18.3,33.5,230,83,1010.9,76,41201.46
2018-05-08,3,29.8,27.0,28.1,0.00,0.00,0.0,21.0,36.4,228,83,1009.1,84,24988.93
2018-05-09,51,29.9,27.1,28.4,1.60,1.60,8.0,21.0,37.8,220,80,1008.8,94,37803.26
2018-05-10,63,29.4,25.2,27.2,26.60,26.60,17.0,18.6,33.8,216,84,1009.9,93,29815.46
2018-05-11,63,27.7,25.3,26.2,13.60,13.60,21.0,15.2,26.6,213,87,1010.9,98,4745.23
2018-05-12,63,29.3,24.8,26.3,6.80,6.80,11.0,15.5,29.2,261,86,1011.2,83,30889.85
2018-05-13,63,28.5,24.3,26.1,11.40,11.40,16.0,19.0,34.6,254,86,1010.3,99,16618.48
2018-05-14,51,29.3,25.7,27.9,0.50,0.50,4.0,16.4,31.0,220,81,1010.2,72,40623.31
2018-05-15,61,29.0,25.6,27.4,4.20,4.20,9.0,15.5,28.8,208,82,1010.3,96,36881.69
2018-05-16,63,28.3,26.4,27.2,11.90,11.90,10.0,16.9,31.7,228,85,1009.8,92,35843.54
2018-05-17,61,28.8,26.2,27.2,4.00,4.00,11.0,17.9,34.2,236,84,1010.0,96,29998.28
2018-05-18,53,28.5,25.2,26.8,1.00,1.00,4.0,11.2,22.7,246,87,1009.9,93,32175.93
2018-05-19,53,29.0,26.0,27.5,2.60,2.60,7.0,20.5,34.9,231,84,1010.0,37,42095.77
2018-05-20,55,29.3,26.9,27.8,1.70,1.70,6.0,23.5,41.0,231,82,1009.8,78,42319.99
2018-05-21,63,28.9,25.6,27.3,6.30,6.30,12.0,22.5,40.0,227,84,1010.0,82,40980.53
2018-05-22,63,28.8,25.9,27.3,7.70,7.70,17.0,18.9,33.1,214,84,1010.5,71,37226.32
2018-05-23,61,29.3,26.2,27.3,4.00,4.00,14.0,19.0,32.8,225,84,1011.1,88,41356.46
2018-05-24,55,29.3,26.2,27.5,3.00,3.00,11.0,21.0,38.2,228,83,1010.8,72,41553.35
2018-05-25,63,29.2,25.4,27.0,8.00,8.00,12.0,25.3,45.7,234,85,1009.6,74,30298.09
2018-05-26,65,27.8,25.3,26.3,17.30,17.30,15.0,19.2,34.2,237,87,1010.0,84,23914.37
2018-05-27,63,28.6,25.0,26.4,11.70,11.70,15.0,17.9,34.9,235,85,1011.7,88,29243.40
2018-05-28,51,30.0,25.3,27.4,0.50,0.50,2.0,22.9,39.2,245,83,1011.8,58,38094.60
2018-05-29,63,27.5,26.2,26.8,5.90,5.90,13.0,18.0,31.3,222,84,1011.7,98,11414.19
2018-05-30,61,28.5,25.1,26.8,6.00,6.00,18.0,17.4,31.0,217,83,1011.5,78,37990.11
2018-05-31,53,28.3,25.4,27.0,1.90,1.90,10.0,16.2,29.9,223,85,1011.3,65,42300.11
2018-06-01,53,29.0,26.0,27.4,2.50,2.50,9.0,19.4,36.0,230,84,1011.2,43,42083.60
2018-06-02,63,28.0,25.6,26.7,10.10,10.10,16.0,17.5,30.2,229,86,1011.8,80,26564.19
2018-06-03,63,28.9,25.0,26.7,11.90,11.90,15.0,17.3,31.0,223,86,1012.5,92,25531.24
2018-06-04,53,28.9,25.3,27.2,2.60,2.60,9.0,17.9,33.1,226,83,1012.0,93,39909.54
2018-06-05,63,29.3,26.6,27.8,4.10,4.10,9.0,17.9,32.4,226,82,1010.6,71,43174.67
2018-06-06,53,29.0,26.6,27.7,1.40,1.40,6.0,16.9,33.8,233,83,1011.2,57,40562.45
2018-06-07,51,28.8,25.6,27.0,2.00,2.00,12.0,16.6,31.3,226,86,1012.5,92,37862.13
2018-06-08,51,29.0,26.4,27.5,2.90,2.90,18.0,21.9,38.5,228,83,1011.9,75,41886.92
2018-06-09,63,27.5,25.6,26.5,13.20,13.20,23.0,20.2,35.6,213,87,1012.1,82,30923.48
2018-06-10,61,28.2,25.2,26.3,8.50,8.50,21.0,18.0,33.8,197,86,1012.3,85,32118.58
2018-06-11,51,28.3,24.8,26.5,1.90,1.90,9.0,14.6,27.7,221,87,1012.5,63,36000.00
2018-06-12,51,28.8,26.1,27.3,0.60,0.60,6.0,19.6,35.3,231,83,1012.8,73,40932.17
2018-06-13,53,28.6,26.8,27.5,3.50,3.50,11.0,21.5,37.8,230,83,1012.6,69,42847.55
2018-06-14,55,28.6,26.4,27.4,3.40,3.40,15.0,16.8,32.8,224,84,1012.4,92,37703.20
2018-06-15,61,27.1,26.2,26.6,4.30,4.30,15.0,18.8,32.0,224,87,1012.4,97,22150.20
2018-06-16,61,27.2,25.4,26.4,6.90,6.90,17.0,17.7,32.0,225,85,1012.6,90,24459.58
2018-06-17,61,28.0,25.1,26.5,9.70,9.70,18.0,25.9,44.3,228,85,1012.8,89,25684.14
2018-06-18,65,26.9,24.6,25.5,56.30,56.30,24.0,26.8,43.2,249,88,1013.6,95,307.66
2018-06-19,63,28.4,24.9,26.4,5.50,5.50,10.0,27.7,46.4,239,81,1013.1,51,43200.00
2018-06-20,61,27.7,25.6,26.4,4.70,4.70,15.0,26.6,45.4,237,81,1013.0,82,33433.04
2018-06-21,65,26.2,24.1,25.3,26.10,26.10,18.0,25.6,41.4,240,86,1013.5,93,7844.37
2018-06-22,51,26.6,24.3,25.4,2.40,2.40,18.0,20.7,35.3,222,86,1013.7,56,42546.35
2018-06-23,61,25.9,24.1,25.1,11.30,11.30,19.0,22.1,36.7,232,86,1013.3,91,14400.00
2018-06-24,51,27.7,24.9,26.0,0.80,0.80,5.0,19.1,34.6,230,80,1012.3,55,42663.28
2018-06-25,3,27.3,24.8,25.9,0.00,0.00,0.0,14.8,28.8,227,80,1011.4,50,43200.00
2018-06-26,53,26.6,24.9,25.5,3.80,3.80,10.0,18.8,34.2,237,85,1011.3,87,24650.04
2018-06-27,51,27.6,25.4,26.2,1.30,1.30,9.0,24.4,42.5,233,83,1011.6,74,41304.55
2018-06-28,51,27.2,24.7,25.7,1.30,1.30,10.0,24.0,40.7,236,85,1011.8,89,38120.58
2018-06-29,51,27.4,24.4,25.9,0.60,0.60,5.0,21.8,42.1,247,85,1010.9,91,34509.63
2018-06-30,61,26.6,24.9,25.5,6.30,6.30,19.0,26.2,44.3,247,85,1009.9,97,19241.37
2018-07-01,61,26.0,23.7,25.0,16.20,16.20,21.0,23.4,40.0,240,86,1010.8,99,10292.63
2018-07-02,53,26.5,23.9,25.1,4.40,4.40,11.0,17.6,30.6,248,88,1011.2,99,13794.59
2018-07-03,51,26.9,24.7,25.7,2.40,2.40,14.0,20.4,36.7,227,85,1011.0,97,33051.17
2018-07-04,51,27.1,25.1,25.9,1.40,1.40,11.0,19.6,34.6,235,84,1011.9,76,42386.44
2018-07-05,51,27.2,24.9,25.8,1.10,1.10,9.0,19.7,34.2,232,86,1012.6,90,37372.25
2018-07-06,51,27.1,24.3,25.5,0.50,0.50,3.0,15.9,29.5,236,88,1012.5,88,43200.00
2018-07-07,51,27.4,25.1,26.0,0.70,0.70,5.0,18.2,34.6,235,86,1012.7,83,39423.93
2018-07-08,51,27.0,23.8,25.4,1.20,1.20,9.0,17.7,33.1,228,88,1012.8,71,42458.31
2018-07-09,51,27.1,24.9,25.7,0.60,0.60,3.0,15.1,30.2,224,87,1013.2,79,42991.35
2018-07-10,51,27.1,24.4,25.8,0.90,0.90,3.0,18.4,34.9,239,88,1013.7,68,43200.00
2018-07-11,51,27.7,25.0,26.0,0.60,0.60,6.0,19.3,33.8,231,87,1013.5,85,39574.37
2018-07-12,53,27.1,25.1,25.9,2.70,2.70,12.0,23.7,41.0,235,85,1013.7,83,43036.09
2018-07-13,51,27.4,24.8,25.9,1.20,1.20,6.0,24.5,43.2,238,85,1013.1,80,40683.20
2018-07-14,55,26.2,24.5,25.4,4.80,4.80,17.0,22.4,38.2,235,86,1012.8,78,32166.02
2018-07-15,51,26.7,24.6,25.6,1.40,1.40,11.0,24.9,42.5,234,85,1012.6,47,41384.36
2018-07-16,51,26.6,24.7,25.5,2.60,2.60,17.0,24.0,40.7,231,86,1013.4,72,39566.77
2018-07-17,53,26.1,24.4,25.2,3.90,3.90,17.0,21.6,37.4,225,87,1013.6,74,39344.86
2018-07-18,51,26.6,24.4,25.4,0.90,0.90,6.0,20.4,36.0,233,87,1013.7,71,41072.98
2018-07-19,51,26.5,24.6,25.4,0.30,0.30,3.0,20.2,35.6,228,87,1012.9,79,36748.69
2018-07-20,55,26.5,24.6,25.4,4.30,4.30,15.0,23.0,40.0,233,86,1012.0,82,37826.25
2018-07-21,55,25.8,24.3,25.0,5.40,5.40,16.0,17.9,32.8,231,88,1012.4,98,9596.18
2018-07-22,51,26.8,24.1,25.4,0.90,0.90,7.0,16.8,32.4,228,89,1012.3,76,43200.00
2018-07-23,51,27.1,24.4,25.6,0.40,0.40,2.0,20.6,38.9,237,89,1012.3,61,43200.00
2018-07-24,53,27.0,25.1,25.9,1.20,1.20,8.0,24.7,42.5,234,87,1012.6,80,41894.28
2018-07-25,51,26.6,24.6,25.5,3.70,3.70,23.0,26.0,43.6,229,88,1013.2,91,30922.44
2018-07-26,51,27.0,24.7,25.6,0.30,0.30,3.0,21.5,38.2,242,86,1014.2,78,32737.85
2018-07-27,51,27.4,24.6,25.6,0.40,0.40,3.0,18.6,31.0,242,87,1014.0,81,34503.74
2018-07-28,51,26.8,24.8,25.6,0.50,0.50,5.0,24.8,41.4,237,86,1013.6,87,38232.27
2018-07-29,53,26.6,24.8,25.4,1.80,1.80,10.0,27.7,46.4,229,84,1013.3,82,26905.75
2018-07-30,51,27.1,24.6,25.5,0.30,0.30,3.0,22.5,40.0,222,80,1013.6,62,34413.13
2018-07-31,51,26.5,24.1,25.2,1.50,1.50,12.0,22.2,40.0,230,81,1013.6,46,43010.64
2018-08-01,3,26.4,24.4,25.3,0.00,0.00,0.0,20.7,36.7,230,82,1012.7,77,36669.81
2018-08-02,51,26.6,24.2,25.3,1.40,1.40,10.0,22.3,38.2,226,83,1012.5,63,40013.26
2018-08-03,51,26.5,24.1,25.2,1.20,1.20,9.0,21.9,38.2,221,85,1013.0,68,40319.93
2018-08-04,51,26.5,24.0,25.1,1.70,1.70,13.0,23.1,40.3,223,82,1013.9,31,43200.00
2018-08-05,3,26.5,23.6,24.9,0.00,0.00,0.0,26.5,46.4,233,81,1013.8,44,43200.00
2018-08-06,3,26.5,24.0,25.0,0.00,0.00,0.0,24.0,41.8,232,80,1014.0,56,43200.00
2018-08-07,51,26.6,24.2,25.0,0.40,0.40,3.0,24.0,42.1,233,84,1013.8,55,38127.36
2018-08-08,3,26.6,23.5,24.9,0.00,0.00,0.0,23.7,42.8,236,86,1013.9,19,43200.00
2018-08-09,3,27.0,23.9,25.0,0.00,0.00,0.0,25.6,45.7,237,87,1013.5,73,40945.42
2018-08-10,51,26.6,24.0,25.1,0.50,0.50,5.0,25.6,45.4,234,86,1013.7,63,40068.57
2018-08-11,3,26.9,24.0,25.2,0.00,0.00,0.0,20.9,39.6,233,86,1013.6,43,43200.00
2018-08-12,51,26.9,24.3,25.3,0.40,0.40,2.0,22.2,40.0,234,87,1013.3,52,43200.00
2018-08-13,65,25.5,23.6,24.5,60.20,60.20,22.0,30.1,50.4,243,88,1012.9,98,4812.81
2018-08-14,51,26.7,23.9,25.0,0.20,0.20,2.0,18.8,35.6,230,85,1013.0,57,43200.00
2018-08-15,51,26.9,24.1,25.2,0.30,0.30,3.0,23.0,41.8,236,87,1013.8,49,36000.00
2018-08-16,3,26.8,24.3,25.3,0.00,0.00,0.0,22.2,40.3,231,87,1014.3,80,43200.00
2018-08-17,51,26.9,24.2,25.2,0.10,0.10,1.0,22.0,42.1,232,88,1013.5,91,42440.24
2018-08-18,51,26.4,24.3,25.1,1.10,1.10,7.0,23.5,42.5,234,90,1012.2,81,40734.87
2018-08-19,61,26.5,23.8,25.0,7.80,7.80,7.0,22.8,41.4,243,89,1013.1,84,37339.81
2018-08-20,61,26.3,23.8,24.9,4.70,4.70,16.0,24.1,42.1,246,89,1012.7,90,36828.99
2018-08-21,61,25.8,23.4,24.5,9.40,9.40,19.0,27.1,45.4,240,91,1011.8,100,8838.84
2018-08-22,61,25.9,23.9,24.7,5.20,5.20,17.0,23.2,42.5,235,89,1012.6,97,21510.68
2018-08-23,53,26.1,24.1,24.9,2.20,2.20,12.0,20.9,38.5,228,89,1012.7,91,37550.44
2018-08-24,61,26.1,24.1,24.7,8.20,8.20,15.0,24.0,41.0,244,89,1011.7,98,21304.81
2018-08-25,61,25.6,23.7,24.7,8.90,8.90,23.0,24.0,42.5,217,87,1012.0,93,13851.72
2018-08-26,51,26.9,24.1,25.2,2.00,2.00,12.0,17.9,32.8,205,86,1013.4,46,42999.16
2018-08-27,3,26.6,23.5,25.0,0.00,0.00,0.0,18.6,35.3,234,88,1012.9,57,42972.28
2018-08-28,3,26.8,24.4,25.5,0.00,0.00,0.0,21.5,36.7,234,88,1012.2,77,41777.66
2018-08-29,51,27.2,24.5,25.6,1.20,1.20,8.0,20.8,36.7,246,85,1011.8,93,27800.88
2018-08-30,51,26.9,24.8,25.5,1.10,1.10,8.0,24.0,41.0,248,86,1010.6,82,42453.42
2018-08-31,51,27.0,24.9,25.7,1.30,1.30,8.0,27.3,46.4,240,84,1010.1,88,41302.71
2018-09-01,51,26.3,24.9,25.5,2.10,2.10,14.0,20.7,36.4,226,85,1011.3,79,37867.26
2018-09-02,51,26.7,24.7,25.6,1.30,1.30,9.0,18.3,33.5,232,87,1011.6,83,40754.01
2018-09-03,51,27.4,24.7,25.6,1.80,1.80,14.0,21.7,39.2,238,87,1010.2,87,28850.24
2018-09-04,53,27.1,24.8,25.7,3.00,3.00,14.0,19.9,35.3,235,86,1010.4,69,40909.86
2018-09-05,63,27.1,24.7,25.7,5.20,5.20,15.0,18.3,33.8,237,87,1011.6,84,34758.44
2018-09-06,63,26.4,24.2,25.2,16.90,16.90,22.0,23.5,40.3,248,88,1011.0,99,7374.10
2018-09-07,61,25.9,24.1,24.9,11.80,11.80,21.0,22.5,38.2,245,88,1010.3,98,8785.04
2018-09-08,53,26.0,23.7,24.9,5.90,5.90,16.0,22.3,37.4,244,88,1011.2,96,7200.00
2018-09-09,53,27.0,24.5,25.5,1.70,1.70,10.0,19.9,34.9,230,88,1011.8,87,33175.01
2018-09-10,55,26.1,24.7,25.4,4.70,4.70,14.0,16.0,29.9,221,88,1012.4,89,18180.57
2018-09-11,61,27.0,24.1,25.3,5.20,5.20,19.0,14.7,29.2,203,88,1012.4,90,32037.53
2018-09-12,63,26.9,24.1,25.4,11.90,11.90,12.0,16.1,29.9,228,88,1012.2,68,35066.09
2018-09-13,51,27.8,24.8,26.0,1.50,1.50,9.0,16.5,32.4,227,87,1011.1,55,42107.71
2018-09-14,51,27.1,24.3,25.8,0.90,0.90,7.0,18.7,32.8,229,88,1010.9,47,41890.35
2018-09-15,53,27.3,24.7,25.9,1.40,1.40,8.0,21.5,36.7,230,85,1011.7,59,40515.29
2018-09-16,61,27.3,25.3,26.2,2.80,2.80,9.0,16.0,29.2,239,85,1011.6,90,25325.46
2018-09-17,51,27.8,25.1,26.3,0.80,0.80,5.0,16.9,32.0,226,86,1010.6,72,39539.02
2018-09-18,61,27.4,25.1,26.2,5.60,5.60,15.0,15.8,28.8,236,86,1010.6,85,19155.88
2018-09-19,61,27.7,24.5,25.9,5.30,5.30,11.0,14.8,28.1,215,86,1010.7,86,39555.27
2018-09-20,53,28.4,25.4,26.7,1.00,1.00,4.0,16.4,33.5,228,86,1009.9,58,41978.39
2018-09-21,63,27.5,24.7,26.0,11.90,11.90,16.0,21.4,37.4,233,87,1009.7,87,20724.26
2018-09-22,61,27.0,24.6,25.6,14.80,14.80,21.0,21.5,36.4,236,87,1010.5,98,19136.95
2018-09-23,61,27.5,24.7,25.9,5.00,5.00,14.0,16.2,31.0,224,86,1010.8,88,31720.90
2018-09-24,53,27.9,24.5,26.2,1.50,1.50,7.0,16.1,29.2,239,86,1010.6,75,40188.92
2018-09-25,53,27.7,25.4,26.3,2.60,2.60,13.0,23.5,40.7,229,86,1010.5,91,39651.17
2018-09-26,55,27.6,25.1,26.1,4.50,4.50,14.0,16.6,29.2,227,85,1010.3,93,26490.32
2018-09-27,51,27.5,25.0,26.1,2.40,2.40,14.0,20.1,34.9,239,85,1010.3,88,39723.86
2018-09-28,61,27.8,24.5,26.1,5.60,5.60,12.0,17.9,32.8,234,85,1010.3,71,29818.13
2018-09-29,51,27.9,25.0,26.4,1.80,1.80,10.0,15.9,30.6,228,84,1010.1,91,39600.00
2018-09-30,51,28.0,25.9,26.8,1.20,1.20,11.0,16.9,31.7,229,85,1010.4,70,36777.42
2018-10-01,51,29.9,24.4,26.5,1.80,1.80,13.0,22.5,39.2,237,86,1010.4,92,21832.21
2018-10-02,55,27.8,24.8,26.3,2.60,2.60,7.0,13.4,25.6,227,86,1010.8,79,33273.52
2018-10-03,53,27.9,24.8,26.5,2.30,2.30,11.0,16.2,29.9,223,84,1010.8,63,39600.00
2018-10-04,51,28.2,24.8,26.5,0.50,0.50,5.0,16.3,31.3,232,86,1010.5,50,40579.53
2018-10-05,53,27.5,25.0,26.4,4.20,4.20,12.0,14.7,28.4,219,86,1010.8,85,36269.68
2018-10-06,53,27.5,24.7,26.2,3.70,3.70,14.0,11.0,24.5,206,86,1011.9,72,38280.98
2018-10-07,51,28.7,25.3,26.8,0.70,0.70,4.0,17.6,32.8,235,86,1011.0,78,40160.81
2018-10-08,61,28.0,24.8,26.5,3.80,3.80,8.0,16.0,30.2,225,86,1010.2,92,31806.67
2018-10-09,61,28.1,25.0,26.6,4.30,4.30,14.0,17.6,34.2,224,86,1010.0,81,38823.52
2018-10-10,53,28.4,25.1,26.7,1.80,1.80,7.0,16.0,29.5,230,85,1010.3,87,37181.83
2018-10-11,61,28.5,25.4,26.9,7.10,7.10,16.0,13.8,27.0,230,84,1011.0,71,38537.84
2018-10-12,63,26.6,24.4,25.6,26.80,26.80,24.0,17.6,32.4,193,87,1011.6,99,5008.12
2018-10-13,55,27.7,25.4,26.3,4.50,4.50,17.0,13.9,28.4,234,88,1011.2,89,12058.47
2018-10-14,51,28.6,25.2,26.7,1.40,1.40,9.0,17.7,32.4,232,87,1010.6,31,39789.89
2018-10-15,61,28.6,24.6,26.5,7.80,7.80,15.0,13.5,31.3,218,85,1011.4,80,38091.67
2018-10-16,55,28.6,24.6,26.3,3.80,3.80,14.0,13.8,29.5,203,86,1012.0,89,33840.19
2018-10-17,51,28.8,24.3,26.7,0.40,0.40,4.0,19.7,37.4,214,86,1011.1,39,39827.94
2018-10-18,55,28.6,26.2,27.1,2.30,2.30,10.0,18.4,34.9,221,84,1010.0,63,38601.41
2018-10-19,55,28.8,25.0,26.8,4.80,4.80,14.0,14.2,29.5,215,87,1008.8,48,39332.17
2018-10-20,51,28.8,25.7,27.3,0.50,0.50,4.0,14.0,32.0,220,86,1008.4,17,39629.02
2018-10-21,51,29.2,26.5,27.5,1.00,1.00,6.0,18.9,33.5,216,84,1008.7,85,38892.01
2018-10-22,51,29.3,26.4,27.7,1.30,1.30,9.0,13.2,27.0,216,83,1009.1,82,38257.34
2018-10-23,61,29.1,26.1,27.5,4.30,4.30,16.0,19.4,35.3,226,86,1010.2,70,39600.00
2018-10-24,61,27.7,26.1,26.7,2.50,2.50,10.0,17.4,31.3,189,86,1010.6,89,28480.93
2018-10-25,51,28.8,24.8,27.0,1.30,1.30,8.0,10.7,27.4,202,85,1010.4,72,37261.57
2018-10-26,51,29.3,25.2,27.2,0.90,0.90,4.0,15.0,27.0,190,85,1010.5,38,39600.00
2018-10-27,55,29.3,25.7,27.5,2.40,2.40,7.0,12.3,27.4,184,83,1011.0,86,35482.61
2018-10-28,55,29.5,25.9,27.5,3.70,3.70,14.0,17.7,32.4,228,86,1010.8,61,37812.58
2018-10-29,63,28.2,24.7,26.7,7.70,7.70,9.0,11.1,24.1,193,85,1011.1,95,3044.81
2018-10-30,63,29.4,24.8,27.1,8.40,8.40,8.0,17.1,33.1,222,84,1010.2,67,39600.00
2018-10-31,51,29.8,26.3,28.1,0.90,0.90,4.0,17.1,31.7,233,84,1008.9,44,39600.00
2018-11-01,53,29.2,26.7,28.0,1.90,1.90,10.0,19.1,34.2,233,86,1008.9,66,39600.00
2018-11-02,53,29.1,26.4,27.7,1.00,1.00,3.0,16.4,29.2,218,85,1009.5,79,38024.18
2018-11-03,51,29.5,26.5,27.7,1.70,1.70,13.0,16.4,30.6,203,82,1009.1,27,39600.00
2018-11-04,51,28.1,25.2,26.8,1.70,1.70,10.0,12.1,29.5,207,86,1009.5,55,39600.00
2018-11-05,53,29.3,25.4,27.4,1.80,1.80,8.0,16.5,30.2,227,84,1009.1,43,39600.00
2018-11-06,53,29.0,26.7,27.6,3.70,3.70,13.0,17.6,31.3,226,84,1009.4,74,34242.79
2018-11-07,51,29.7,26.7,28.0,0.90,0.90,8.0,13.5,35.6,187,81,1010.3,67,37669.52
2018-11-08,51,29.5,26.2,27.7,1.50,1.50,10.0,14.5,27.4,204,85,1011.0,51,32400.00
2018-11-09,51,29.4,26.3,27.9,1.00,1.00,6.0,14.5,27.7,206,83,1010.2,64,39600.00
2018-11-10,53,29.4,26.1,27.7,2.10,2.10,12.0,12.8,26.3,213,84,1009.2,50,39600.00
2018-11-11,51,29.9,26.9,28.2,0.50,0.50,5.0,16.7,28.8,215,82,1008.5,64,39303.15
2018-11-12,53,30.0,26.6,28.0,1.80,1.80,6.0,14.0,29.2,217,84,1008.3,41,38140.78
2018-11-13,51,30.5,26.6,28.4,0.30,0.30,3.0,17.0,30.6,229,85,1007.8,45,39600.00
2018-11-14,61,29.7,27.0,28.3,3.30,3.30,8.0,18.4,33.1,225,84,1008.3,75,34517.81
2018-11-15,51,28.7,27.1,27.8,1.10,1.10,10.0,17.7,28.4,216,85,1009.3,66,36428.13
2018-11-16,51,30.3,27.0,28.4,1.00,1.00,5.0,13.1,25.6,201,80,1010.3,37,39600.00
2018-11-17,51,29.7,27.2,28.3,1.10,1.10,6.0,13.4,26.3,212,80,1010.6,55,39600.00
2018-11-18,55,29.0,27.0,27.8,2.20,2.20,10.0,14.9,27.7,221,84,1010.1,73,36971.44
2018-11-19,53,28.8,26.4,27.5,2.70,2.70,9.0,12.1,32.4,204,87,1009.5,62,37488.70
2018-11-20,51,29.6,26.2,27.9,0.80,0.80,6.0,13.4,24.1,234,85,1010.2,92,31028.23
2018-11-21,51,29.6,26.6,28.1,0.40,0.40,3.0,18.3,31.7,228,83,1010.4,70,39053.62
2018-11-22,53,29.6,26.0,27.9,1.70,1.70,7.0,15.5,31.0,228,84,1009.8,29,39600.00
2018-11-23,51,29.7,26.7,28.0,1.00,1.00,7.0,13.7,27.4,213,84,1009.3,58,38807.21
2018-11-24,51,30.3,26.4,28.1,1.40,1.40,7.0,16.3,31.0,227,85,1009.8,41,39600.00
2018-11-25,51,30.0,27.0,28.5,0.90,0.90,6.0,20.2,35.3,225,84,1009.4,61,38729.97
2018-11-26,51,30.0,27.3,28.5,1.20,1.20,6.0,18.0,31.7,218,82,1008.9,29,39600.00
2018-11-27,55,28.0,26.2,27.1,4.10,4.10,11.0,12.3,23.4,200,85,1009.0,71,20978.28
2018-11-28,51,30.2,26.8,28.4,0.30,0.30,3.0,11.8,35.3,175,80,1008.1,38,39600.00
2018-11-29,51,30.4,26.2,28.2,0.20,0.20,2.0,17.7,33.5,223,86,1007.7,16,39600.00
2018-11-30,55,30.2,26.3,28.2,1.60,1.60,6.0,17.6,29.5,232,85,1008.0,82,38611.11
2018-12-01,61,29.6,27.1,28.1,3.40,3.40,11.0,16.4,29.9,221,85,1009.0,72,34175.43
2018-12-02,53,29.7,26.4,28.0,1.50,1.50,5.0,12.7,24.5,222,84,1008.9,57,36470.43
2018-12-03,53,29.8,26.2,28.2,1.40,1.40,5.0,16.0,28.8,211,84,1008.1,40,38415.75
2018-12-04,55,29.3,26.5,27.9,3.00,3.00,9.0,12.8,32.4,186,85,1007.3,55,39441.01
2018-12-05,51,30.5,26.0,28.0,0.20,0.20,2.0,15.5,29.9,183,83,1007.5,77,39116.47
2018-12-06,3,31.6,24.7,27.8,0.00,0.00,0.0,16.5,29.5,225,80,1008.5,58,39600.00
2018-12-07,3,30.7,24.9,27.8,0.00,0.00,0.0,15.3,27.7,234,81,1010.0,83,39449.97
2018-12-08,51,29.8,25.9,28.0,1.00,1.00,7.0,16.5,29.2,220,83,1011.0,63,38292.58
2018-12-09,51,31.3,25.9,28.1,0.40,0.40,4.0,15.8,28.8,197,81,1011.8,79,38072.30
2018-12-10,51,30.1,25.5,27.8,0.20,0.20,1.0,17.6,31.0,209,84,1012.0,77,38403.45
2018-12-11,51,29.9,26.1,28.0,0.40,0.40,3.0,13.8,25.6,210,81,1011.6,40,39100.75
2018-12-12,55,29.4,25.4,27.5,2.40,2.40,5.0,16.8,34.6,208,86,1011.7,59,36589.27
2018-12-13,51,30.2,26.5,27.8,1.20,1.20,8.0,18.6,32.0,210,84,1012.0,39,38366.45
2018-12-14,53,30.0,25.5,27.8,1.40,1.40,3.0,19.5,33.1,215,85,1011.8,30,38206.63
2018-12-15,51,30.1,25.7,27.9,0.10,0.10,1.0,15.4,27.7,226,85,1012.2,21,37816.37
2018-12-16,53,30.0,26.2,28.2,1.10,1.10,6.0,16.3,30.6,223,82,1011.8,13,38562.08
2018-12-17,1,30.2,26.3,28.1,0.00,0.00,0.0,14.6,26.6,229,84,1011.4,12,38632.04
2018-12-18,51,29.9,26.0,27.9,0.40,0.40,4.0,16.4,29.9,230,86,1011.1,19,37993.06
2018-12-19,53,29.3,25.6,27.5,2.80,2.80,8.0,13.8,30.6,225,88,1010.9,52,32940.23
2018-12-20,51,30.8,25.6,27.9,1.50,1.50,7.0,16.8,31.3,221,85,1010.4,43,37630.02
2018-12-21,51,30.8,25.4,27.8,0.30,0.30,3.0,14.5,25.9,195,82,1010.1,36,35926.98
2018-12-22,3,30.9,24.7,27.4,0.00,0.00,0.0,16.3,30.2,215,82,1009.3,20,38253.27
2018-12-23,2,32.2,24.6,27.7,0.00,0.00,0.0,18.0,33.1,204,76,1009.0,6,37515.42
2018-12-24,3,30.7,23.8,27.3,0.00,0.00,0.0,16.6,31.3,220,79,1009.0,45,38291.68
2018-12-25,2,31.6,24.1,27.2,0.00,0.00,0.0,18.5,32.0,203,77,1009.4,4,38129.54
2018-12-26,3,29.9,24.7,27.3,0.00,0.00,0.0,17.4,31.0,226,81,1010.0,40,35577.98
2018-12-27,3,31.0,23.6,27.2,0.00,0.00,0.0,17.5,32.8,205,76,1009.4,39,37822.96
2018-12-28,3,30.3,24.8,27.3,0.00,0.00,0.0,17.3,32.0,192,80,1009.5,29,37867.27
2018-12-29,2,30.5,24.8,27.5,0.00,0.00,0.0,16.5,31.3,209,81,1009.2,20,37863.51
2018-12-30,3,30.9,25.4,27.8,0.00,0.00,0.0,20.3,35.6,209,82,1009.1,19,36845.65
2018-12-31,1,30.9,25.3,28.0,0.00,0.00,0.0,15.9,29.9,218,83,1010.4,19,36601.02
2019-01-01,3,33.0,25.4,28.3,0.00,0.00,0.0,17.3,31.3,209,77,1011.5,11,37341.57
2019-01-02,3,30.8,25.4,27.8,0.00,0.00,0.0,16.0,30.6,219,82,1011.5,57,36000.00
2019-01-03,1,31.1,25.6,28.1,0.00,0.00,0.0,16.9,30.6,216,82,1010.4,13,36127.58
2019-01-04,3,31.5,25.9,28.3,0.00,0.00,0.0,18.8,34.6,219,83,1010.3,26,36895.38
2019-01-05,51,34.0,25.8,28.7,0.10,0.10,1.0,18.4,36.7,229,75,1010.7,29,36904.93
2019-01-06,1,31.1,24.4,27.7,0.00,0.00,0.0,18.5,34.6,217,79,1010.7,16,36552.43
2019-01-07,51,30.1,25.3,27.8,0.30,0.30,3.0,15.0,28.1,229,82,1010.6,63,32423.05
2019-01-08,51,31.8,25.3,28.1,0.20,0.20,1.0,17.6,33.5,200,79,1009.7,35,36108.99
2019-01-09,3,31.1,25.2,27.8,0.00,0.00,0.0,17.4,31.7,191,80,1009.1,14,36343.16
2019-01-10,1,30.6,26.5,28.4,0.00,0.00,0.0,15.3,32.0,214,80,1009.3,13,36521.47
2019-01-11,51,31.0,26.9,28.7,0.10,0.10,1.0,12.9,27.7,211,79,1009.0,30,36262.36
2019-01-12,3,31.0,26.5,28.6,0.00,0.00,0.0,20.9,37.8,217,83,1008.5,73,36253.79
2019-01-13,51,30.9,27.0,28.6,0.50,0.50,3.0,20.2,37.1,227,83,1010.0,48,36186.07
2019-01-14,51,30.4,27.5,28.6,1.00,1.00,6.0,18.1,34.9,228,81,1010.9,54,33907.38
2019-01-15,51,30.1,27.1,28.4,0.70,0.70,6.0,15.8,30.2,218,83,1010.5,78,32210.75
2019-01-16,51,29.6,27.0,28.0,0.50,0.50,4.0,14.0,25.9,214,86,1009.9,72,28610.86
2019-01-17,51,30.5,27.2,28.3,0.70,0.70,4.0,21.3,34.6,215,82,1009.8,84,34027.74
2019-01-18,51,30.6,27.1,28.7,1.70,1.70,11.0,21.0,34.6,217,78,1010.4,67,34963.07
2019-01-19,51,30.6,27.2,28.8,0.30,0.30,3.0,19.7,35.6,230,78,1010.9,25,36434.58
2019-01-20,53,30.8,27.1,28.6,0.70,0.70,3.0,20.5,37.1,233,82,1011.4,46,32694.42
2019-01-21,61,30.3,26.3,28.3,5.30,5.30,9.0,15.9,31.3,217,84,1010.9,50,34496.49
2019-01-22,51,30.9,27.0,28.7,0.40,0.40,3.0,18.3,32.4,228,84,1010.1,48,35890.31
2019-01-23,51,30.7,27.6,28.9,0.10,0.10,1.0,21.0,38.2,222,81,1009.9,88,35595.25
2019-01-24,61,28.9,26.2,27.2,8.20,8.20,14.0,20.3,36.0,207,86,1010.1,96,9675.73
2019-01-25,3,30.0,25.2,27.8,0.00,0.00,0.0,15.1,28.8,223,85,1009.9,88,35701.96
2019-01-26,51,30.4,27.1,28.7,0.60,0.60,3.0,18.3,33.1,227,84,1010.2,63,36111.65
2019-01-27,61,30.2,26.1,28.2,5.20,5.20,10.0,19.7,35.3,221,84,1010.1,84,33201.54
2019-01-28,53,29.2,26.9,27.9,3.40,3.40,11.0,22.2,38.5,222,85,1009.8,90,24825.70
2019-01-29,61,31.0,26.2,28.1,7.10,7.10,8.0,15.3,29.2,216,84,1009.4,64,35468.65
2019-01-30,65,29.9,24.7,27.4,17.80,17.80,9.0,17.9,33.1,198,83,1009.3,89,31400.59
2019-01-31,51,29.9,26.5,28.3,0.70,0.70,4.0,14.8,26.6,207,84,1009.2,62,36529.49
2019-02-01,51,30.0,27.5,28.6,1.30,1.30,7.0,17.6,32.0,227,84,1009.3,74,36151.64
2019-02-02,61,29.0,25.7,27.3,10.10,10.10,15.0,17.1,28.1,218,86,1009.6,97,22113.84
2019-02-03,53,29.9,25.8,27.7,2.00,2.00,7.0,18.9,34.9,235,86,1009.0,52,33929.88
2019-02-04,51,30.2,27.3,28.6,0.50,0.50,3.0,20.8,37.1,231,84,1009.0,38,36715.66
2019-02-05,51,30.6,27.2,28.6,0.60,0.60,4.0,22.7,36.7,224,84,1009.7,30,37188.05
2019-02-06,51,29.8,26.7,28.5,1.00,1.00,5.0,18.6,30.2,227,85,1008.8,57,36694.28
2019-02-07,53,30.1,26.5,28.2,1.30,1.30,5.0,15.2,27.7,210,86,1007.8,48,36600.96
2019-02-08,51,30.6,26.6,28.2,0.70,0.70,3.0,13.1,27.0,222,86,1008.3,85,36108.76
2019-02-09,55,31.0,26.5,28.6,1.10,1.10,2.0,15.7,29.5,206,85,1007.8,49,37033.85
2019-02-10,51,33.5,26.2,28.8,0.20,0.20,2.0,19.0,36.4,166,81,1007.6,71,37301.82
2019-02-11,51,32.4,26.3,28.4,0.10,0.10,1.0,19.1,33.8,207,81,1008.1,66,37846.63
2019-02-12,51,31.6,26.4,28.7,0.50,0.50,5.0,18.7,33.5,221,85,1008.6,60,37795.24
2019-02-13,51,30.8,26.6,28.7,0.60,0.60,4.0,18.4,32.0,218,83,1009.7,29,37536.36
2019-02-14,51,31.6,26.8,28.9,0.30,0.30,3.0,15.1,27.4,215,82,1010.8,42,38000.25
2019-02-15,55,30.2,27.1,28.6,1.30,1.30,4.0,16.3,32.0,214,84,1011.3,36,36563.14
2019-02-16,3,31.4,25.8,28.4,0.00,0.00,0.0,20.2,36.4,192,82,1010.4,50,37728.84
2019-02-17,51,31.1,26.5,28.6,0.30,0.30,2.0,14.5,28.1,192,82,1010.1,15,38187.06
2019-02-18,51,30.8,27.4,28.8,0.30,0.30,3.0,14.3,28.8,210,83,1009.3,22,37458.65
2019-02-19,53,30.1,27.5,28.7,2.20,2.20,3.0,18.6,30.2,220,83,1007.9,64,36195.58
2019-02-20,51,30.7,27.5,29.0,0.90,0.90,7.0,20.0,36.0,229,83,1008.4,69,37538.19
2019-02-21,51,31.0,28.0,29.3,0.30,0.30,3.0,23.8,40.7,229,81,1010.2,61,37296.17
2019-02-22,51,30.8,28.1,29.2,1.10,1.10,7.0,24.2,41.8,226,81,1010.4,77,33854.52
2019-02-23,61,30.4,27.9,28.9,3.80,3.80,8.0,22.2,39.6,223,82,1009.2,74,36908.10
2019-02-24,63,28.5,26.3,27.4,12.50,12.50,11.0,18.5,34.2,215,86,1008.0,83,21725.86
2019-02-25,63,29.7,24.8,27.9,10.30,10.30,8.0,19.9,34.9,229,84,1007.8,77,30991.50
2019-02-26,65,30.2,27.4,28.2,13.50,13.50,9.0,20.7,36.7,196,83,1008.8,86,31834.36
2019-02-27,51,30.8,26.5,28.4,0.70,0.70,4.0,14.8,30.6,185,81,1009.6,68,36420.94
2019-02-28,63,29.8,25.7,28.0,5.60,5.60,7.0,16.1,29.5,225,85,1010.2,61,36271.45
2019-03-01,51,29.7,26.7,27.8,0.20,0.20,2.0,15.3,27.7,228,80,1011.5,85,31419.53
2019-03-02,3,30.6,26.2,28.2,0.00,0.00,0.0,19.3,34.2,215,82,1011.0,91,35126.53
2019-03-03,51,30.3,26.5,28.6,0.10,0.10,1.0,16.4,30.6,219,83,1010.5,56,37495.11
2019-03-04,53,30.5,27.3,28.5,0.50,0.50,1.0,21.4,37.4,225,83,1010.3,59,37247.20
2019-03-05,53,30.5,27.5,28.8,1.10,1.10,3.0,18.1,33.5,223,81,1009.9,43,36391.02
2019-03-06,51,30.7,27.6,28.8,0.50,0.50,2.0,19.8,38.9,211,83,1010.6,75,31926.46
2019-03-07,53,30.5,27.2,28.6,1.40,1.40,5.0,19.8,35.3,218,82,1010.5,85,33566.52
2019-03-08,51,30.8,26.9,28.6,0.80,0.80,5.0,18.4,31.7,224,82,1009.3,51,37890.77
2019-03-09,53,30.7,26.4,28.7,1.50,1.50,7.0,19.8,36.7,232,82,1009.6,72,36946.09
2019-03-10,55,30.5,26.7,28.4,3.10,3.10,10.0,16.5,31.7,219,82,1010.7,65,31292.42
2019-03-11,61,30.5,25.9,28.3,2.60,2.60,2.0,17.4,32.8,228,84,1010.2,49,37617.66
2019-03-12,51,30.6,28.1,29.1,0.60,0.60,5.0,19.5,35.6,220,82,1009.2,60,35380.26
2019-03-13,3,31.1,28.1,29.3,0.00,0.00,0.0,17.6,33.5,219,80,1008.5,45,37127.38
2019-03-14,53,31.1,28.0,29.3,0.80,0.80,3.0,23.2,40.7,226,81,1007.8,88,36650.67
2019-03-15,53,30.9,26.9,29.1,0.90,0.90,3.0,19.5,35.6,222,83,1008.1,70,37335.26
2019-03-16,53,30.2,28.1,29.0,1.60,1.60,8.0,16.4,31.7,215,82,1009.1,89,34443.17
2019-03-17,51,30.5,27.2,28.7,0.10,0.10,1.0,16.0,33.8,232,82,1009.3,69,35976.11
2019-03-18,1,30.7,26.8,28.8,0.00,0.00,0.0,19.3,35.6,217,82,1008.1,11,37928.39
2019-03-19,3,31.2,28.0,29.3,0.00,0.00,0.0,20.3,37.8,224,79,1007.6,49,36772.16
2019-03-20,51,30.9,27.9,29.1,0.50,0.50,5.0,24.8,46.1,227,81,1007.6,75,36351.76
2019-03-21,63,31.2,26.3,28.8,10.70,10.70,6.0,22.7,41.4,231,82,1007.4,88,31663.35
2019-03-22,63,29.4,26.2,28.0,5.40,5.40,7.0,25.6,42.5,228,85,1007.9,96,6378.15
2019-03-23,51,31.1,27.9,29.0,0.10,0.10,1.0,22.7,40.7,227,82,1008.6,68,35302.80
2019-03-24,55,30.9,28.1,29.1,1.40,1.40,5.0,23.1,41.4,227,78,1008.9,61,36881.50
2019-03-25,53,30.5,26.9,28.7,2.00,2.00,9.0,23.5,40.0,219,79,1009.8,77,36928.06
2019-03-26,2,30.7,26.5,28.7,0.00,0.00,0.0,14.1,28.4,218,81,1009.6,17,38881.68
2019-03-27,51,30.7,27.8,29.0,0.20,0.20,2.0,14.3,30.2,222,81,1010.3,48,37581.92
2019-03-28,3,31.0,28.0,29.4,0.00,0.00,0.0,21.4,39.2,226,82,1010.0,77,38404.48
2019-03-29,53,30.9,27.8,29.2,1.80,1.80,7.0,19.7,38.5,217,82,1009.5,81,35826.42
2019-03-30,61,30.6,27.1,28.6,2.60,2.60,8.0,21.6,40.0,220,83,1009.3,75,36078.88
2019-03-31,55,30.5,27.5,28.6,3.80,3.80,11.0,19.0,36.4,229,85,1008.6,75,36861.93
2019-04-01,3,31.2,27.5,29.2,0.00,0.00,0.0,20.4,36.0,210,81,1007.4,92,37480.02
2019-04-02,51,31.3,28.3,29.4,0.70,0.70,4.0,19.2,34.9,214,81,1007.6,79,38556.58
2019-04-03,51,31.3,28.2,29.5,0.50,0.50,3.0,17.4,33.1,216,81,1007.5,60,37512.09
2019-04-04,53,31.7,28.2,29.4,0.90,0.90,4.0,27.7,46.8,226,80,1006.9,63,36681.62
2019-04-05,55,31.0,27.7,29.2,2.60,2.60,7.0,24.4,43.6,226,80,1007.9,70,38566.11
2019-04-06,51,31.2,27.6,29.3,0.90,0.90,4.0,24.2,45.0,234,82,1008.7,90,37198.88
2019-04-07,63,31.4,27.4,28.9,8.20,8.20,12.0,23.2,43.2,225,82,1009.8,78,29654.65
2019-04-08,61,30.7,27.9,28.8,3.40,3.40,9.0,22.0,38.2,220,81,1009.8,94,28741.06
2019-04-09,3,31.0,27.6,29.1,0.00,0.00,0.0,17.7,35.6,225,81,1009.0,92,37154.12
2019-04-10,63,30.5,26.8,28.6,8.10,8.10,11.0,23.2,41.8,219,82,1008.6,93,33635.42
2019-04-11,63,29.1,25.7,27.9,11.00,11.00,13.0,20.1,36.4,224,85,1008.4,99,6378.48
2019-04-12,51,30.2,26.8,28.5,0.50,0.50,5.0,20.1,35.6,210,82,1007.8,93,34086.22
2019-04-13,61,29.8,25.1,27.6,6.20,6.20,7.0,17.1,29.5,236,84,1009.6,99,21061.22
2019-04-14,63,29.2,25.9,27.4,8.00,8.00,8.0,18.3,30.6,200,87,1010.3,89,17882.07
2019-04-15,3,30.1,26.2,28.1,0.00,0.00,0.0,13.6,27.4,198,84,1009.9,62,38110.97
2019-04-16,3,30.8,27.4,28.8,0.00,0.00,0.0,14.3,27.7,173,77,1010.0,60,41482.15
2019-04-17,3,30.9,27.2,28.9,0.00,0.00,0.0,15.5,30.6,224,81,1008.8,49,41487.69
2019-04-18,51,31.3,27.9,29.2,1.10,1.10,5.0,17.8,33.5,217,81,1008.6,65,40191.54
2019-04-19,51,30.6,28.0,29.2,1.00,1.00,5.0,18.8,34.2,213,80,1009.3,88,38523.44
2019-04-20,51,31.2,28.1,29.4,0.20,0.20,1.0,18.0,32.8,222,79,1009.6,73,40050.16
2019-04-21,51,30.9,27.9,29.1,0.40,0.40,2.0,18.1,31.7,228,81,1008.6,88,38713.41
2019-04-22,63,31.3,26.8,29.3,4.00,4.00,4.0,20.0,36.7,215,78,1008.4,81,40867.13
2019-04-23,63,29.6,26.0,28.1,15.10,15.10,16.0,18.6,34.2,215,84,1009.1,89,21173.07
2019-04-24,53,29.5,26.2,28.1,3.20,3.20,14.0,15.6,30.2,210,84,1010.2,95,27108.47
2019-04-25,61,30.2,26.3,28.5,5.40,5.40,8.0,15.0,29.5,217,83,1010.9,95,35711.96
2019-04-26,63,30.2,27.1,28.3,8.20,8.20,11.0,18.8,35.3,220,84,1009.9,99,31054.78
2019-04-27,51,30.1,27.2,28.7,2.00,2.00,15.0,19.1,34.6,231,84,1008.8,96,35275.58
2019-04-28,51,30.2,27.6,28.8,0.60,0.60,5.0,19.4,35.6,235,84,1009.1,39,40117.23
2019-04-29,63,30.1,27.9,28.8,6.10,6.10,9.0,22.1,38.5,227,85,1009.4,56,40836.40
2019-04-30,55,30.0,26.5,28.5,3.00,3.00,13.0,21.3,37.1,216,83,1010.3,81,37611.38
2019-05-01,61,29.7,26.7,28.4,3.50,3.50,13.0,19.1,34.9,222,83,1010.1,61,38742.01
2019-05-02,55,29.5,26.4,28.0,4.50,4.50,19.0,20.4,36.4,224,85,1009.7,87,35122.03
2019-05-03,61,29.0,26.8,27.9,6.90,6.90,12.0,17.1,31.7,213,85,1009.6,87,29964.49
2019-05-04,51,29.8,26.4,27.9,0.60,0.60,5.0,15.5,28.1,234,85,1009.3,94,13099.87
2019-05-05,51,30.3,26.6,28.4,0.10,0.10,1.0,18.3,34.2,217,85,1009.0,86,39600.00
2019-05-06,51,30.9,27.6,29.0,0.70,0.70,4.0,17.7,32.0,211,80,1010.1,93,40154.77
2019-05-07,53,30.6,28.1,29.0,0.90,0.90,4.0,16.9,33.1,219,83,1010.2,91,34535.99
2019-05-08,51,30.3,27.7,28.9,0.70,0.70,6.0,16.8,33.5,218,84,1009.4,78,42311.76
2019-05-09,55,30.7,28.0,28.8,1.20,1.20,2.0,18.9,36.0,228,83,1008.1,76,40377.10
2019-05-10,51,30.1,27.8,28.6,0.80,0.80,6.0,15.7,28.8,224,82,1007.9,77,37609.35
2019-05-11,55,29.5,27.3,28.4,5.40,5.40,9.0,15.5,30.2,199,83,1008.9,65,38901.76
2019-05-12,51,30.8,26.3,28.4,0.60,0.60,4.0,15.5,29.2,224,83,1009.2,50,42387.32
2019-05-13,51,30.7,27.6,28.7,0.70,0.70,4.0,13.5,27.7,205,81,1008.7,68,27282.14
2019-05-14,61,29.7,26.5,27.8,10.30,10.30,16.0,13.3,29.2,189,85,1008.8,90,29232.06
2019-05-15,63,29.3,26.2,27.5,16.10,16.10,19.0,19.9,36.0,227,85,1010.3,96,25957.64
2019-05-16,51,29.6,25.0,27.3,0.20,0.20,2.0,17.7,33.5,246,86,1011.2,98,33648.10
2019-05-17,51,30.0,26.7,28.3,0.70,0.70,4.0,13.2,25.2,225,84,1010.6,95,20732.69
2019-05-18,51,30.1,26.9,28.4,0.10,0.10,1.0,16.2,30.2,223,83,1009.4,63,42954.01
2019-05-19,51,30.4,27.8,28.7,0.10,0.10,1.0,15.7,31.3,215,81,1010.0,72,42666.01
2019-05-20,63,28.1,25.4,27.1,14.00,14.00,17.0,17.8,35.3,233,85,1011.0,95,13626.27
2019-05-21,53,28.5,25.9,27.3,2.70,2.70,9.0,14.9,27.4,230,87,1010.8,96,30512.96
2019-05-22,63,28.9,25.5,27.2,4.90,4.90,9.0,14.5,28.4,207,86,1010.1,85,42384.50
2019-05-23,51,30.0,26.6,28.2,1.00,1.00,7.0,18.8,32.4,211,83,1009.7,60,43003.80
2019-05-24,61,29.0,26.9,27.6,4.60,4.60,12.0,13.9,28.4,199,85,1009.9,96,19463.55
2019-05-25,55,29.3,25.8,27.5,4.00,4.00,12.0,16.1,29.5,220,86,1010.4,90,40254.61
2019-05-26,53,29.5,26.6,27.8,2.00,2.00,12.0,17.1,30.6,234,84,1010.4,93,35921.18
2019-05-27,61,29.3,25.0,27.3,11.80,11.80,20.0,20.1,34.6,219,84,1010.2,83,29631.50
2019-05-28,63,28.9,25.3,27.5,7.60,7.60,14.0,18.7,33.1,233,85,1010.0,57,42339.96
2019-05-29,61,28.8,26.0,27.7,5.30,5.30,11.0,23.5,41.4,233,84,1009.7,91,33318.88
2019-05-30,61,27.6,25.0,26.3,5.20,5.20,13.0,17.6,31.3,218,88,1010.4,98,20898.47
2019-05-31,63,26.7,25.0,25.7,35.80,35.80,23.0,13.8,24.5,203,89,1010.6,98,3207.55
2019-06-01,63,27.7,25.0,26.1,15.90,15.90,18.0,15.3,29.9,243,87,1010.8,98,21778.57
2019-06-02,61,29.1,25.7,27.3,3.80,3.80,15.0,19.0,35.3,221,81,1010.9,76,37730.68
2019-06-03,3,29.1,25.7,27.5,0.00,0.00,0.0,18.2,33.5,230,83,1011.8,79,39454.72
2019-06-04,53,28.1,25.8,27.0,3.40,3.40,11.0,22.8,38.5,234,85,1011.6,89,40067.42
2019-06-05,53,28.5,25.6,27.0,2.40,2.40,8.0,25.1,42.5,247,84,1011.2,97,17194.76
2019-06-06,53,28.8,26.0,27.1,2.30,2.30,12.0,25.6,43.9,242,85,1010.9,99,20341.74
2019-06-07,55,27.3,24.6,25.7,4.50,4.50,13.0,20.5,35.6,260,89,1010.8,97,7682.37
2019-06-08,51,28.5,25.4,26.7,1.70,1.70,11.0,20.6,38.2,227,85,1012.3,58,41789.92
2019-06-09,51,27.4,25.4,26.5,2.30,2.30,19.0,19.6,34.2,224,86,1012.5,91,38309.70
2019-06-10,51,28.1,25.8,26.6,2.80,2.80,18.0,19.9,36.4,215,82,1012.0,85,32308.87
2019-06-11,51,27.7,25.2,26.4,0.40,0.40,4.0,20.5,37.1,240,84,1012.2,57,41806.35
2019-06-12,51,28.0,25.4,26.4,0.50,0.50,4.0,21.4,36.7,237,85,1012.6,35,43200.00
2019-06-13,53,27.8,25.4,26.5,2.70,2.70,13.0,23.2,40.0,240,86,1012.9,61,41489.57
2019-06-14,65,26.7,24.4,25.5,111.70,111.70,15.0,23.6,45.7,228,89,1012.5,93,22821.72
2019-06-15,63,26.5,24.9,25.6,24.50,24.50,23.0,21.0,35.3,245,90,1012.7,99,159.76
2019-06-16,53,27.7,25.0,26.2,1.90,1.90,7.0,19.1,35.3,235,88,1013.3,59,43200.00
2019-06-17,51,28.0,25.4,26.4,0.40,0.40,3.0,20.6,36.7,234,87,1013.1,44,43200.00
2019-06-18,51,27.8,25.4,26.5,1.00,1.00,7.0,16.1,33.1,229,87,1013.5,60,38927.27
2019-06-19,51,27.9,25.3,26.6,0.30,0.30,3.0,21.7,35.6,230,88,1012.9,46,43200.00
2019-06-20,61,27.9,25.9,26.5,5.20,5.20,13.0,22.6,39.6,223,88,1013.1,51,42606.20
2019-06-21,51,27.7,25.6,26.4,1.40,1.40,11.0,17.8,32.8,238,87,1013.8,69,38081.11
2019-06-22,51,27.8,25.3,26.5,0.80,0.80,7.0,21.6,38.2,239,87,1012.9,70,38181.16
2019-06-23,53,27.1,25.4,26.2,1.90,1.90,7.0,22.2,35.6,237,87,1011.9,85,37878.13
2019-06-24,53,27.1,24.7,26.0,2.60,2.60,13.0,23.4,42.1,231,86,1012.0,95,39839.66
2019-06-25,53,26.5,24.5,25.4,8.10,8.10,23.0,17.4,32.4,221,90,1012.1,96,19949.24
2019-06-26,61,26.7,24.4,25.4,4.60,4.60,18.0,14.7,27.0,227,89,1013.4,73,42872.47
2019-06-27,51,26.9,24.5,25.6,2.00,2.00,9.0,16.3,31.7,231,87,1012.7,90,38962.65
2019-06-28,61,26.5,24.5,25.5,4.70,4.70,15.0,15.8,31.0,221,87,1012.6,79,37269.36
2019-06-29,51,27.0,24.7,25.8,1.20,1.20,8.0,17.8,33.1,221,88,1012.6,52,43200.00
2019-06-30,51,27.3,25.1,26.0,1.00,1.00,9.0,16.1,28.8,221,87,1013.4,54,42772.88
2019-07-01,61,27.4,25.2,26.1,3.40,3.40,12.0,19.9,34.6,225,87,1012.4,64,42318.76
2019-07-02,51,27.7,25.4,26.4,0.30,0.30,3.0,20.7,37.8,227,87,1010.2,81,41763.21
2019-07-03,53,27.4,25.4,26.3,1.70,1.70,13.0,20.0,36.4,222,88,1010.5,88,42490.07
2019-07-04,61,27.1,24.9,26.0,7.00,7.00,19.0,23.3,40.0,221,87,1011.6,98,25415.04
2019-07-05,53,27.1,25.2,26.0,3.80,3.80,20.0,16.5,29.9,236,87,1012.2,96,17271.22
2019-07-06,51,27.4,24.8,25.9,2.20,2.20,12.0,22.9,40.7,246,87,1011.6,79,40007.86
2019-07-07,51,27.5,25.5,26.2,0.70,0.70,7.0,29.0,48.2,239,85,1011.6,74,40777.93
2019-07-08,53,27.0,24.6,25.6,3.00,3.00,14.0,27.2,46.4,226,85,1012.9,93,30317.29
2019-07-09,51,26.7,25.0,25.7,0.60,0.60,3.0,20.5,35.6,242,85,1014.0,95,18545.06
2019-07-10,51,27.1,25.1,25.9,0.20,0.20,2.0,21.7,38.9,237,85,1013.3,62,43200.00
2019-07-11,63,26.7,25.2,25.8,5.30,5.30,11.0,18.7,32.8,243,87,1012.5,91,12799.95
2019-07-12,63,25.5,23.3,24.6,24.80,24.80,22.0,17.2,30.6,247,89,1012.8,99,0.00
2019-07-13,51,26.4,24.3,25.3,1.40,1.40,11.0,20.2,35.3,226,87,1013.4,76,43148.52
2019-07-14,51,27.1,23.9,25.5,0.10,0.10,1.0,19.4,35.3,232,88,1012.6,66,41700.42
2019-07-15,55,26.3,24.9,25.2,5.60,5.60,14.0,20.3,35.6,240,89,1011.0,91,10590.87
2019-07-16,53,26.0,24.4,25.1,3.80,3.80,17.0,18.2,33.1,227,89,1012.1,95,23005.75
2019-07-17,51,27.1,24.3,25.3,0.40,0.40,2.0,21.9,40.3,235,89,1012.9,59,43200.00
2019-07-18,3,26.7,24.7,25.4,0.00,0.00,0.0,23.7,41.8,235,88,1012.3,87,38847.26
2019-07-19,51,26.8,24.7,25.4,1.00,1.00,7.0,23.4,42.5,238,89,1012.6,97,30778.68
2019-07-20,51,26.2,24.4,25.1,1.80,1.80,13.0,21.4,37.8,240,89,1013.3,85,28811.98
2019-07-21,51,26.4,24.1,25.0,0.60,0.60,4.0,21.2,38.5,231,90,1012.7,54,39843.22
2019-07-22,51,26.8,24.2,25.2,0.90,0.90,7.0,20.1,38.5,224,89,1012.8,73,42501.81
2019-07-23,51,26.3,24.1,25.0,1.40,1.40,11.0,18.6,33.8,220,89,1012.4,86,32753.38
2019-07-24,51,26.5,24.2,25.2,1.30,1.30,11.0,17.8,33.5,228,88,1011.9,38,43200.00
2019-07-25,51,27.1,24.7,25.6,0.40,0.40,3.0,22.3,39.6,237,87,1012.0,64,41861.58
2019-07-26,61,27.0,24.1,25.3,3.50,3.50,12.0,23.5,41.4,241,89,1012.4,93,27728.48
2019-07-27,51,26.8,24.7,25.4,2.80,2.80,15.0,23.2,40.3,230,88,1012.4,93,23385.22
2019-07-28,53,26.4,24.6,25.3,2.40,2.40,16.0,24.5,44.3,237,87,1012.1,78,39485.18
2019-07-29,51,26.6,24.7,25.3,0.70,0.70,5.0,22.1,38.9,233,87,1012.5,91,34144.75
2019-07-30,51,26.3,24.4,25.2,1.30,1.30,10.0,22.1,40.3,227,88,1012.8,94,38176.51
2019-07-31,51,26.4,24.3,25.1,0.60,0.60,5.0,20.4,36.4,233,88,1012.4,74,34207.60
2019-08-01,51,26.3,24.2,25.0,0.30,0.30,3.0,24.5,45.0,240,88,1012.1,52,40435.52
2019-08-02,51,26.4,24.1,25.0,1.30,1.30,9.0,24.6,43.6,238,87,1012.6,75,38668.95
2019-08-03,51,26.2,24.3,25.1,1.60,1.60,12.0,26.1,45.0,235,87,1013.3,63,40409.60
2019-08-04,51,26.3,23.8,24.8,0.30,0.30,3.0,20.7,39.2,236,88,1014.0,52,42191.92
2019-08-05,3,26.3,23.7,24.9,0.00,0.00,0.0,20.1,36.7,234,87,1014.0,91,40267.83
2019-08-06,51,26.5,24.2,25.1,0.50,0.50,5.0,21.0,38.5,230,87,1014.7,61,40607.98
2019-08-07,51,26.4,24.0,25.0,0.70,0.70,6.0,21.1,38.2,235,88,1015.1,51,43200.00
2019-08-08,51,26.6,24.4,25.2,0.10,0.10,1.0,25.2,44.6,238,86,1014.5,83,34291.77
2019-08-09,51,26.5,24.1,25.1,1.00,1.00,7.0,24.4,42.8,234,87,1014.9,57,42596.75
2019-08-10,51,26.5,24.3,25.3,0.70,0.70,5.0,22.7,41.8,229,87,1015.1,52,43200.00
2019-08-11,51,26.6,24.2,25.2,0.50,0.50,5.0,24.9,45.0,237,86,1014.2,29,43200.00
2019-08-12,3,26.7,24.5,25.4,0.00,0.00,0.0,23.6,43.9,235,83,1012.8,52,42150.42
2019-08-13,51,26.8,24.7,25.5,0.60,0.60,4.0,23.8,41.8,231,83,1012.4,67,39907.96
2019-08-14,51,27.0,24.6,25.6,0.30,0.30,3.0,20.7,37.8,222,83,1013.5,44,43200.00
2019-08-15,51,27.1,24.6,25.6,0.90,0.90,5.0,21.7,39.6,223,86,1013.6,52,43200.00
2019-08-16,51,27.1,24.8,25.8,0.60,0.60,6.0,24.0,42.5,230,84,1012.6,60,43200.00
2019-08-17,51,27.2,24.8,25.8,0.50,0.50,3.0,22.7,41.4,231,83,1012.1,66,43200.00
2019-08-18,51,27.1,24.8,25.8,0.40,0.40,3.0,23.2,42.5,227,84,1011.6,51,43200.00
2019-08-19,51,27.1,24.9,25.9,0.90,0.90,6.0,25.4,46.1,232,85,1011.8,81,37111.61
2019-08-20,51,26.9,24.5,25.6,1.40,1.40,12.0,22.1,40.3,222,87,1012.4,77,43157.40
2019-08-21,51,27.0,24.7,25.6,1.20,1.20,8.0,21.7,38.9,230,86,1012.9,87,35579.60
2019-08-22,51,27.2,24.6,25.7,1.30,1.30,9.0,25.5,44.3,238,85,1012.6,72,42572.75
2019-08-23,55,27.0,24.9,25.7,2.20,2.20,9.0,28.3,49.0,230,85,1013.8,81,34198.98
2019-08-24,51,27.1,24.8,25.7,0.30,0.30,3.0,21.9,41.4,228,85,1014.0,79,40269.91
2019-08-25,53,26.9,24.2,25.4,3.90,3.90,16.0,21.2,38.2,229,85,1014.2,75,30846.01
2019-08-26,53,26.8,24.7,25.5,1.30,1.30,9.0,21.8,39.6,230,86,1014.0,87,30401.23
2019-08-27,51,27.2,24.2,25.5,0.90,0.90,8.0,20.6,40.3,229,86,1013.6,86,36000.00
2019-08-28,53,27.0,24.7,25.6,3.10,3.10,12.0,20.9,38.2,229,85,1013.2,87,36179.42
2019-08-29,51,28.1,24.1,25.7,0.40,0.40,4.0,19.2,37.4,225,86,1013.2,45,42928.75
2019-08-30,55,27.5,24.7,25.7,3.30,3.30,10.0,17.5,31.7,234,87,1012.7,88,23261.09
2019-08-31,61,27.3,23.8,25.4,8.10,8.10,12.0,23.7,40.7,237,88,1011.5,74,35470.38
2019-09-01,61,26.7,24.8,25.5,10.60,10.60,18.0,26.7,45.4,230,87,1010.6,97,14719.32
2019-09-02,55,26.8,24.4,25.4,4.50,4.50,16.0,20.5,39.2,219,88,1011.8,71,41730.69
2019-09-03,51,27.1,24.6,25.6,1.20,1.20,8.0,18.5,33.1,221,86,1013.1,83,38362.26
2019-09-04,53,26.8,24.0,25.3,5.70,5.70,14.0,18.9,33.5,249,89,1012.6,92,20769.67
2019-09-05,51,26.9,25.0,25.7,1.00,1.00,6.0,23.6,42.8,231,88,1012.3,88,36949.60
2019-09-06,55,27.1,24.9,25.6,5.10,5.10,14.0,19.7,36.0,233,88,1012.6,87,33541.75
2019-09-07,61,26.6,24.4,25.4,7.80,7.80,19.0,18.9,33.1,234,88,1012.7,79,34643.75
2019-09-08,53,26.9,24.4,25.4,3.10,3.10,15.0,18.6,33.5,231,88,1013.7,77,39560.46
2019-09-09,51,27.3,24.7,25.8,0.90,0.90,7.0,20.8,37.8,239,86,1013.6,88,37663.53
2019-09-10,55,27.4,24.6,25.8,3.40,3.40,10.0,25.1,47.9,243,87,1012.5,94,22691.55
2019-09-11,61,27.0,24.7,25.6,9.70,9.70,23.0,21.5,38.2,238,88,1011.4,99,19223.46
2019-09-12,61,26.7,24.4,25.4,9.20,9.20,20.0,18.8,36.0,210,88,1011.8,74,36293.63
2019-09-13,53,27.0,24.0,25.7,2.00,2.00,10.0,16.6,31.3,212,87,1012.7,57,42472.61
2019-09-14,51,27.5,25.2,26.1,0.90,0.90,6.0,19.4,34.2,230,87,1011.9,89,34828.41
2019-09-15,51,27.7,24.8,26.0,1.90,1.90,10.0,20.0,38.2,231,87,1011.4,92,37078.68
2019-09-16,51,28.0,25.1,26.3,1.10,1.10,11.0,19.3,34.9,230,87,1011.0,58,42380.87
2019-09-17,63,27.8,24.8,26.3,13.00,13.00,15.0,21.8,41.4,245,86,1010.6,83,37561.22
2019-09-18,61,27.6,24.2,25.6,13.00,13.00,22.0,19.6,38.9,258,88,1011.0,93,36954.75
2019-09-19,63,26.1,24.5,25.4,15.40,15.40,17.0,17.9,29.2,217,90,1011.0,98,8016.94
2019-09-20,55,27.5,24.4,25.9,4.40,4.40,14.0,14.6,27.4,188,88,1011.7,84,22929.00
2019-09-21,51,28.0,24.4,26.2,0.50,0.50,5.0,17.9,34.2,222,87,1011.5,54,40138.54
2019-09-22,51,27.6,25.5,26.4,1.70,1.70,10.0,20.0,35.6,227,86,1011.0,74,40427.56
2019-09-23,3,28.1,24.9,26.5,0.00,0.00,0.0,16.6,31.0,220,86,1011.3,46,41558.04
2019-09-24,61,28.4,24.8,26.4,1.40,1.40,2.0,18.9,35.3,238,86,1011.6,88,40186.43
2019-09-25,51,28.3,25.8,26.7,0.10,0.10,1.0,21.4,38.5,230,86,1011.3,64,40294.56
2019-09-26,51,28.2,25.7,26.8,1.20,1.20,7.0,21.3,38.5,233,85,1011.8,69,39600.00
2019-09-27,61,28.1,25.6,26.5,8.00,8.00,16.0,19.8,35.3,236,86,1011.5,87,29056.71
2019-09-28,61,26.5,24.7,25.7,10.20,10.20,18.0,17.6,32.0,227,89,1011.6,100,3392.56
2019-09-29,53,27.3,24.9,25.9,2.70,2.70,11.0,20.8,35.3,228,88,1011.3,97,9238.59
2019-09-30,53,27.3,25.7,26.3,3.30,3.30,13.0,23.0,39.6,229,87,1010.1,87,30821.63
2019-10-01,61,26.4,24.5,25.3,17.80,17.80,23.0,17.7,29.2,210,88,1010.1,96,8603.20
2019-10-02,63,26.4,24.1,25.1,21.90,21.90,15.0,21.6,37.4,227,90,1011.1,95,19077.90
2019-10-03,53,28.4,24.1,25.8,1.00,1.00,2.0,15.1,26.6,254,88,1010.5,70,40096.98
2019-10-04,61,27.1,24.7,25.6,6.10,6.10,14.0,13.7,28.4,224,90,1009.5,95,16823.30
2019-10-05,65,26.4,23.8,24.7,150.00,150.00,24.0,18.2,39.6,233,91,1010.1,99,3458.23
2019-10-06,61,27.6,24.1,25.7,4.50,4.50,13.0,17.8,32.0,245,88,1010.5,92,36310.76
2019-10-07,61,27.3,25.0,25.9,8.20,8.20,18.0,23.7,40.3,240,88,1009.4,97,22774.78
2019-10-08,63,26.6,24.4,25.4,14.80,14.80,21.0,25.1,42.5,243,89,1009.5,99,11408.62
2019-10-09,61,26.5,24.8,25.6,9.60,9.60,22.0,20.3,37.1,234,88,1009.5,94,34585.11
2019-10-10,53,27.7,24.9,26.0,3.40,3.40,20.0,20.2,34.9,224,88,1008.9,96,28662.51
2019-10-11,61,26.9,25.0,25.7,8.10,8.10,21.0,16.9,31.7,209,88,1009.4,89,29145.00
2019-10-12,65,25.7,24.3,24.8,53.20,53.20,22.0,14.6,31.0,187,91,1010.6,98,2290.43
2019-10-13,53,28.5,23.3,25.6,0.90,0.90,4.0,15.0,28.4,270,88,1010.5,86,39600.00
2019-10-14,51,28.6,24.8,26.5,0.70,0.70,3.0,20.8,37.4,233,88,1010.1,34,39600.00
2019-10-15,61,27.5,24.6,26.3,5.30,5.30,9.0,15.3,28.8,222,86,1010.9,88,27828.76
2019-10-16,53,27.8,25.2,26.5,1.90,1.90,11.0,20.7,36.4,228,88,1011.2,74,39600.00
2019-10-17,51,28.0,25.5,26.6,2.10,2.10,11.0,18.6,33.8,236,87,1010.7,87,35852.58
2019-10-18,61,27.2,24.3,25.7,7.50,7.50,14.0,12.0,28.8,225,88,1010.1,95,18571.30
2019-10-19,63,26.7,24.8,25.4,15.50,15.50,23.0,20.2,33.8,216,89,1009.6,96,22208.98
2019-10-20,63,26.4,24.6,25.4,12.60,12.60,22.0,20.9,37.8,216,89,1010.9,97,11313.71
2019-10-21,51,27.6,24.5,26.0,1.60,1.60,12.0,14.0,27.0,228,86,1011.0,50,39639.46
2019-10-22,51,28.5,24.9,26.5,0.10,0.10,1.0,17.0,31.0,245,87,1009.2,92,39600.00
2019-10-23,61,27.9,24.9,26.2,5.80,5.80,16.0,16.4,33.1,227,88,1008.8,90,17157.45
2019-10-24,61,27.9,25.0,26.2,6.40,6.40,14.0,13.3,24.8,245,88,1009.8,91,29876.47
2019-10-25,53,27.4,24.8,26.0,4.00,4.00,13.0,12.7,38.5,242,89,1010.1,84,33731.47
2019-10-26,63,27.7,25.1,26.1,12.20,12.20,17.0,12.6,25.6,216,88,1010.5,98,34773.31
2019-10-27,63,27.2,24.8,25.8,12.80,12.80,17.0,12.3,25.2,215,88,1010.6,96,34755.35
2019-10-28,63,26.8,24.1,25.5,10.70,10.70,19.0,11.7,23.4,255,88,1010.0,98,7150.80
2019-10-29,51,27.5,24.5,26.0,0.90,0.90,7.0,12.7,24.8,182,86,1009.2,64,39600.00
2019-10-30,51,27.7,24.4,26.2,2.10,2.10,14.0,16.9,31.0,190,86,1009.9,55,39600.00
2019-10-31,51,28.6,25.3,26.9,0.10,0.10,1.0,10.7,23.8,207,82,1010.7,59,39600.00
2019-11-01,3,28.9,25.2,27.0,0.00,0.00,0.0,13.7,31.0,213,86,1009.8,34,39600.00
2019-11-02,61,28.4,26.0,27.0,5.00,5.00,9.0,12.0,32.4,205,86,1009.3,53,39600.00
2019-11-03,63,28.0,24.7,26.4,13.70,13.70,11.0,9.3,29.2,137,85,1011.0,84,27592.43
2019-11-04,3,28.7,24.4,26.7,0.00,0.00,0.0,14.2,27.0,209,87,1011.0,31,39600.00
2019-11-05,51,28.5,26.1,27.2,1.10,1.10,7.0,12.3,28.1,201,85,1011.2,59,37412.91
2019-11-06,53,29.1,25.4,27.3,1.40,1.40,7.0,13.9,28.8,221,86,1009.6,40,38857.52
2019-11-07,51,28.9,26.4,27.5,1.40,1.40,7.0,12.2,29.2,207,86,1008.9,19,39600.00
2019-11-08,51,29.0,25.9,27.5,0.60,0.60,5.0,11.5,30.2,180,85,1008.7,19,39600.00
2019-11-09,53,29.5,26.2,27.6,1.80,1.80,4.0,15.6,32.8,210,86,1008.8,54,38770.30
2019-11-10,65,28.1,25.8,26.8,17.70,17.70,12.0,15.7,29.5,179,88,1009.3,94,16262.66
2019-11-11,55,29.1,25.6,27.0,2.70,2.70,8.0,12.2,31.3,244,88,1008.1,74,35318.51
2019-11-12,55,29.1,26.2,27.6,2.70,2.70,11.0,11.7,27.4,201,84,1007.7,42,39600.00
2019-11-13,51,29.2,25.0,27.4,1.60,1.60,9.0,8.7,24.5,181,85,1008.1,50,38281.68
2019-11-14,61,30.4,25.4,27.7,2.70,2.70,3.0,14.9,27.7,230,84,1008.5,85,36561.56
2019-11-15,51,29.6,26.4,28.1,0.80,0.80,5.0,12.8,30.2,212,83,1008.3,76,39600.00
2019-11-16,51,29.5,26.5,27.8,1.00,1.00,5.0,13.2,27.0,219,85,1008.1,90,38161.04
2019-11-17,53,29.3,27.2,28.1,1.70,1.70,6.0,11.6,31.7,207,85,1008.2,52,39600.00
2019-11-18,51,29.1,27.2,28.0,0.50,0.50,2.0,13.8,28.4,216,86,1008.2,20,39600.00
2019-11-19,51,29.3,27.0,28.0,0.30,0.30,3.0,14.5,31.3,220,85,1008.9,56,39600.00
2019-11-20,51,30.0,26.6,28.2,0.70,0.70,4.0,16.5,28.8,222,85,1009.0,59,37234.33
2019-11-21,53,29.4,27.0,27.9,1.90,1.90,6.0,17.0,34.2,222,84,1009.6,96,15014.27
2019-11-22,51,29.7,25.8,27.6,0.50,0.50,3.0,14.4,27.4,168,81,1009.9,78,35521.10
2019-11-23,51,29.9,26.3,28.1,0.30,0.30,2.0,12.3,32.8,186,82,1009.6,18,39600.00
2019-11-24,51,29.3,26.9,28.0,1.20,1.20,6.0,13.2,25.9,210,83,1009.5,39,39600.00
2019-11-25,51,29.9,26.7,28.2,1.10,1.10,7.0,14.5,29.9,224,83,1009.6,73,39593.08
2019-11-26,51,29.6,27.1,28.3,0.50,0.50,5.0,14.9,29.5,222,85,1009.2,36,39600.00
2019-11-27,51,29.6,26.9,28.2,0.60,0.60,5.0,14.7,28.8,218,84,1009.1,28,39600.00
2019-11-28,53,29.5,26.8,28.1,1.90,1.90,7.0,15.2,28.4,215,85,1009.4,73,39415.42
2019-11-29,51,29.9,26.5,28.0,0.50,0.50,5.0,15.2,26.3,203,86,1009.7,31,39475.64
2019-11-30,1,30.0,26.3,28.2,0.00,0.00,0.0,17.6,31.7,219,86,1009.3,7,39600.00
2019-12-01,51,29.6,26.7,28.1,0.20,0.20,2.0,15.5,27.0,223,84,1009.5,69,27181.46
2019-12-02,53,29.4,26.9,28.2,1.20,1.20,6.0,16.5,31.3,227,84,1009.4,79,37940.46
2019-12-03,53,29.4,26.5,28.0,0.80,0.80,3.0,15.0,28.8,219,86,1009.2,54,39541.60
2019-12-04,53,29.4,26.6,27.8,0.80,0.80,2.0,15.9,30.2,213,87,1009.1,57,26385.44
2019-12-05,55,29.3,26.3,27.8,1.90,1.90,4.0,12.7,25.2,213,85,1008.7,41,38645.90
2019-12-06,63,28.6,26.0,27.4,5.80,5.80,5.0,10.9,24.8,231,86,1009.5,72,25166.67
2019-12-07,51,28.9,25.8,27.6,1.60,1.60,6.0,13.8,31.7,214,85,1009.6,52,37409.52
2019-12-08,51,29.4,26.3,27.7,0.90,0.90,5.0,13.0,28.4,212,84,1009.6,26,39283.15
2019-12-09,51,29.2,26.6,27.9,0.90,0.90,6.0,15.1,30.2,215,83,1009.7,19,37705.01
2019-12-10,53,29.4,25.8,27.7,1.50,1.50,4.0,19.2,33.8,221,86,1009.1,20,38592.04
2019-12-11,51,28.6,26.1,27.4,0.40,0.40,4.0,14.4,25.2,205,86,1009.2,32,38869.02
2019-12-12,51,29.2,25.8,27.6,1.30,1.30,9.0,12.2,27.0,176,82,1009.5,43,38293.08
2019-12-13,51,28.9,25.4,27.3,0.10,0.10,1.0,12.9,22.0,202,86,1010.0,37,35468.64
2019-12-14,51,29.5,25.4,27.5,0.50,0.50,4.0,12.8,24.8,170,85,1010.6,48,35430.45
2019-12-15,51,29.2,26.3,27.6,1.00,1.00,4.0,12.6,26.3,186,86,1009.9,31,37810.53
2019-12-16,51,30.6,25.8,27.9,0.20,0.20,1.0,17.0,31.3,206,85,1008.0,89,36951.21
2019-12-17,51,30.2,26.5,28.2,0.40,0.40,3.0,18.3,31.3,216,85,1008.2,68,38626.37
2019-12-18,51,30.1,26.1,28.2,0.10,0.10,1.0,18.1,31.7,212,85,1009.0,42,38698.18
2019-12-19,51,30.5,26.0,28.1,0.60,0.60,2.0,17.3,31.0,208,84,1009.7,51,37327.78
2019-12-20,51,30.4,26.6,28.4,0.40,0.40,4.0,18.3,31.3,215,85,1009.4,12,38601.26
2019-12-21,51,29.7,27.1,28.2,0.30,0.30,1.0,16.4,27.4,201,83,1010.3,23,38175.67
2019-12-22,51,30.7,26.0,28.2,0.40,0.40,2.0,14.6,29.5,190,82,1010.3,12,38239.70
2019-12-23,51,32.3,25.0,27.7,0.40,0.40,1.0,15.5,31.3,227,76,1009.9,10,38782.51
2019-12-24,1,30.5,23.8,27.4,0.00,0.00,0.0,16.2,31.3,188,76,1009.7,1,38795.50
2019-12-25,2,30.3,24.4,27.5,0.00,0.00,0.0,14.8,28.8,215,81,1009.9,4,37537.85
2019-12-26,2,30.4,25.2,27.8,0.00,0.00,0.0,17.3,31.0,212,81,1009.5,5,37296.36
2019-12-27,1,31.2,25.2,28.0,0.00,0.00,0.0,16.6,30.2,203,82,1009.2,4,38379.42
2019-12-28,1,30.8,25.0,27.7,0.00,0.00,0.0,16.3,30.6,206,82,1009.0,4,37614.57
2019-12-29,2,32.8,24.9,27.9,0.00,0.00,0.0,17.0,31.7,209,77,1008.1,7,37357.04
2019-12-30,3,32.1,24.2,27.4,0.00,0.00,0.0,15.5,32.0,217,76,1008.2,40,37606.14
2019-12-31,2,31.0,23.7,27.2,0.00,0.00,0.0,15.3,30.6,173,75,1008.7,27,36840.62
2020-01-01,3,31.8,23.4,27.1,0.00,0.00,0.0,13.8,27.4,190,68,1009.2,58,37594.96
2020-01-02,3,31.9,22.0,26.5,0.00,0.00,0.0,17.2,31.0,31,52,1010.2,51,38094.85
2020-01-03,3,31.9,21.9,26.3,0.00,0.00,0.0,18.4,32.8,14,40,1011.1,40,37835.49
2020-01-04,3,31.9,21.0,25.5,0.00,0.00,0.0,19.1,32.8,15,45,1011.3,74,37576.10
2020-01-05,3,30.9,21.2,25.8,0.00,0.00,0.0,12.7,24.8,87,55,1010.0,81,37408.26
2020-01-06,3,31.7,22.4,26.7,0.00,0.00,0.0,16.2,31.3,182,65,1009.1,52,37057.46
2020-01-07,3,31.0,22.8,26.8,0.00,0.00,0.0,16.2,31.0,214,71,1008.8,51,37050.04
2020-01-08,2,30.6,24.3,27.1,0.00,0.00,0.0,17.4,33.1,221,79,1009.7,25,34534.48
2020-01-09,3,30.3,24.6,27.3,0.00,0.00,0.0,17.3,31.7,214,85,1009.7,66,37033.67
2020-01-10,51,29.7,26.7,27.8,0.10,0.10,1.0,15.3,30.6,209,85,1011.1,54,34819.78
2020-01-11,53,29.0,26.5,27.6,1.70,1.70,8.0,18.8,35.3,213,85,1011.7,43,34669.44
2020-01-12,3,29.9,25.3,27.5,0.00,0.00,0.0,11.8,26.6,215,86,1010.7,23,36256.79
2020-01-13,2,29.7,26.5,27.8,0.00,0.00,0.0,16.0,27.7,212,87,1008.7,26,36032.30
2020-01-14,51,30.8,26.2,27.9,0.40,0.40,2.0,16.5,32.4,227,86,1007.9,12,35234.57
2020-01-15,3,29.9,26.0,27.8,0.00,0.00,0.0,19.7,36.0,230,86,1008.2,34,36252.03
2020-01-16,1,31.0,26.5,28.2,0.00,0.00,0.0,18.6,33.1,224,85,1009.7,14,36469.50
2020-01-17,1,30.9,26.3,28.2,0.00,0.00,0.0,20.1,36.0,211,85,1010.7,10,36707.79
2020-01-18,51,31.8,26.1,28.1,0.10,0.10,1.0,17.7,34.6,205,84,1010.9,10,36455.58
2020-01-19,2,31.7,25.8,28.1,0.00,0.00,0.0,17.8,32.0,159,78,1009.9,16,36688.47
2020-01-20,3,31.0,25.4,27.5,0.00,0.00,0.0,16.1,31.3,153,78,1009.0,66,34048.19
2020-01-21,3,32.7,24.6,27.9,0.00,0.00,0.0,18.6,34.9,181,75,1009.4,64,36909.27
2020-01-22,3,30.8,24.7,27.6,0.00,0.00,0.0,17.0,31.3,204,80,1009.5,69,37390.61
2020-01-23,3,30.7,25.3,27.6,0.00,0.00,0.0,17.9,33.8,209,85,1009.4,44,35020.66
2020-01-24,3,32.0,25.6,28.0,0.00,0.00,0.0,15.6,31.7,137,74,1010.1,33,35797.25
2020-01-25,3,33.2,21.9,27.0,0.00,0.00,0.0,15.5,31.3,119,59,1010.3,88,38332.89
2020-01-26,3,33.0,20.7,26.5,0.00,0.00,0.0,14.4,29.5,99,60,1010.9,67,38317.35
2020-01-27,2,32.0,22.0,26.5,0.00,0.00,0.0,17.5,33.8,158,72,1010.4,17,37811.52
2020-01-28,3,30.5,23.6,26.6,0.00,0.00,0.0,17.6,33.1,224,83,1010.5,60,30037.22
2020-01-29,3,30.8,24.4,27.1,0.00,0.00,0.0,17.9,33.5,219,83,1009.9,54,37138.35
2020-01-30,3,30.7,24.5,27.3,0.00,0.00,0.0,17.2,32.8,222,83,1011.3,47,36928.21
2020-01-31,3,30.8,25.4,27.8,0.00,0.00,0.0,17.6,32.4,211,83,1011.4,31,37263.75
2020-02-01,51,32.0,25.6,28.1,0.40,0.40,1.0,17.8,36.0,199,82,1010.5,19,37735.47
2020-02-02,3,31.7,25.6,28.1,0.00,0.00,0.0,17.7,34.2,232,79,1010.9,17,37963.01
2020-02-03,51,30.6,25.4,27.5,0.10,0.10,1.0,19.6,35.3,204,79,1011.3,21,37699.31
2020-02-04,51,31.2,25.3,27.8,0.20,0.20,2.0,17.4,32.8,195,80,1011.3,18,37444.73
2020-02-05,51,30.6,25.5,28.0,0.60,0.60,3.0,15.9,29.5,203,82,1010.3,39,37433.07
2020-02-06,3,32.2,25.5,28.3,0.00,0.00,0.0,17.4,33.5,169,77,1009.6,27,37898.67
2020-02-07,51,33.8,25.8,28.6,0.10,0.10,1.0,18.4,34.6,207,71,1009.8,16,37892.99
2020-02-08,3,32.3,24.4,28.2,0.00,0.00,0.0,18.3,34.6,205,66,1009.7,59,38346.71
2020-02-09,51,31.5,26.1,28.4,0.20,0.20,2.0,17.2,32.4,213,82,1010.3,65,37630.41
2020-02-10,51,30.9,26.8,28.4,0.40,0.40,3.0,16.3,31.3,206,81,1011.2,46,35321.62
2020-02-11,51,33.6,26.1,28.7,0.10,0.10,1.0,19.0,36.7,213,75,1010.4,22,38294.62
2020-02-12,3,32.9,24.4,28.2,0.00,0.00,0.0,19.3,34.9,132,59,1010.0,38,38755.10
2020-02-13,3,32.7,23.4,28.0,0.00,0.00,0.0,18.9,34.6,149,55,1009.6,23,39214.48
2020-02-14,3,32.4,23.3,27.6,0.00,0.00,0.0,18.0,35.3,189,73,1008.1,11,39195.71
2020-02-15,2,31.3,24.2,27.7,0.00,0.00,0.0,20.2,37.1,216,75,1007.9,7,39177.02
2020-02-16,3,30.9,25.4,28.0,0.00,0.00,0.0,19.6,35.6,212,80,1008.9,49,36888.07
2020-02-17,3,31.5,26.9,28.9,0.00,0.00,0.0,18.7,37.1,218,78,1009.6,52,38034.61
2020-02-18,1,31.4,27.5,29.0,0.00,0.00,0.0,18.5,35.3,223,78,1010.0,15,37936.31
2020-02-19,53,30.8,26.5,28.6,0.70,0.70,1.0,17.3,32.8,208,82,1008.7,39,37445.88
2020-02-20,3,31.0,26.6,28.7,0.00,0.00,0.0,17.1,31.7,212,82,1007.4,40,37666.77
2020-02-21,51,31.0,27.0,28.7,0.10,0.10,1.0,20.8,37.4,216,84,1007.3,24,38123.31
2020-02-22,51,30.9,27.7,28.9,0.50,0.50,5.0,21.7,38.2,220,83,1008.3,29,37527.21
2020-02-23,51,31.2,27.8,29.1,0.20,0.20,2.0,19.7,37.4,227,84,1009.0,64,37619.68
2020-02-24,51,31.1,27.7,29.1,0.80,0.80,6.0,19.3,36.0,220,85,1008.8,66,37133.03
2020-02-25,51,30.9,27.1,28.8,0.60,0.60,5.0,20.4,37.4,216,82,1008.7,57,37824.22
2020-02-26,51,30.7,26.7,28.6,0.10,0.10,1.0,16.3,30.2,222,82,1008.2,66,37808.47
2020-02-27,2,31.3,27.6,29.1,0.00,0.00,0.0,19.0,36.4,206,81,1008.7,40,38027.77
2020-02-28,53,31.8,27.8,29.2,0.90,0.90,4.0,20.9,40.3,224,81,1009.3,57,36998.33
2020-02-29,3,31.7,28.1,29.4,0.00,0.00,0.0,20.5,41.8,222,82,1008.4,78,36825.52
2020-03-01,53,31.2,27.8,29.3,1.70,1.70,7.0,21.9,39.2,218,82,1008.9,82,36346.42
2020-03-02,53,30.7,27.7,28.7,3.80,3.80,11.0,18.9,34.9,212,83,1010.6,73,35812.17
2020-03-03,51,30.2,26.5,28.3,1.20,1.20,7.0,13.6,28.4,210,85,1011.3,82,35278.09
2020-03-04,3,31.3,28.0,29.2,0.00,0.00,0.0,15.8,31.3,222,82,1010.7,67,37469.61
2020-03-05,51,30.6,28.0,29.0,0.20,0.20,2.0,18.1,33.8,225,83,1009.4,60,36029.38
2020-03-06,65,30.6,26.3,28.8,14.70,14.70,11.0,21.6,39.6,227,84,1008.5,77,36256.73
2020-03-07,53,29.9,26.7,28.1,2.20,2.20,7.0,17.9,31.7,222,84,1008.9,74,19975.99
2020-03-08,51,30.2,27.6,28.7,0.50,0.50,4.0,17.7,34.9,214,81,1009.4,62,37646.93
2020-03-09,3,30.4,27.8,28.9,0.00,0.00,0.0,19.9,36.4,225,82,1008.9,57,37168.24
2020-03-10,51,30.4,27.9,29.0,0.30,0.30,2.0,21.0,38.5,235,83,1007.9,85,34773.95
2020-03-11,61,30.8,27.1,28.9,1.40,1.40,2.0,25.4,44.3,237,84,1008.0,58,37375.04
2020-03-12,51,30.3,28.0,29.0,0.10,0.10,1.0,18.4,35.3,217,84,1007.9,59,36797.99
2020-03-13,53,30.1,27.0,28.6,1.80,1.80,9.0,16.5,33.1,214,84,1008.5,70,35890.80
2020-03-14,65,29.9,25.2,27.7,20.00,20.00,9.0,14.8,29.2,213,85,1009.3,87,29136.78
2020-03-15,3,29.7,27.0,28.3,0.00,0.00,0.0,21.6,36.4,225,84,1008.5,53,37558.67
2020-03-16,3,29.9,27.5,28.5,0.00,0.00,0.0,18.9,34.2,227,84,1007.9,58,37530.04
2020-03-17,3,30.0,27.3,28.5,0.00,0.00,0.0,18.8,33.1,229,84,1008.2,64,37718.27
2020-03-18,3,29.8,27.7,28.5,0.00,0.00,0.0,23.1,39.6,231,85,1008.8,77,36115.25
2020-03-19,51,29.9,27.3,28.4,0.20,0.20,2.0,26.4,46.1,233,85,1009.0,80,34712.30
2020-03-20,51,29.5,27.2,28.1,0.60,0.60,6.0,23.2,39.2,224,85,1009.4,88,32330.81
2020-03-21,51,29.5,27.0,28.1,0.50,0.50,5.0,17.6,33.1,219,87,1008.8,64,37053.17
2020-03-22,3,30.2,27.1,28.3,0.00,0.00,0.0,17.1,33.8,221,84,1008.6,70,32271.85
2020-03-23,61,29.0,26.6,27.8,3.00,3.00,3.0,21.5,37.8,233,86,1009.4,85,16847.65
2020-03-24,63,29.0,25.2,26.9,9.20,9.20,10.0,24.6,42.1,248,86,1010.0,99,8068.50
2020-03-25,51,28.6,26.1,27.1,0.60,0.60,4.0,20.0,36.0,236,86,1010.1,91,21169.12
2020-03-26,51,29.2,25.8,27.5,0.40,0.40,2.0,12.6,25.9,207,85,1008.7,76,38113.83
2020-03-27,3,29.4,27.0,28.0,0.00,0.00,0.0,17.1,31.7,217,83,1009.0,89,36914.05
2020-03-28,3,29.9,26.5,27.9,0.00,0.00,0.0,16.1,31.0,220,84,1009.3,44,38026.29
2020-03-29,3,29.9,26.7,28.1,0.00,0.00,0.0,19.9,38.9,229,84,1009.0,39,38828.06
2020-03-30,51,29.8,26.9,28.0,0.40,0.40,2.0,22.9,38.9,221,83,1007.9,64,37325.99
2020-03-31,3,30.1,27.0,28.2,0.00,0.00,0.0,17.9,34.9,223,83,1008.3,44,39065.72
2020-04-01,51,29.7,27.2,28.2,0.20,0.20,1.0,21.3,41.8,213,82,1009.3,85,30677.85
2020-04-02,3,30.3,26.1,28.1,0.00,0.00,0.0,17.1,34.6,218,79,1008.8,86,37414.96
2020-04-03,3,30.8,27.3,28.6,0.00,0.00,0.0,20.4,40.3,223,80,1008.9,66,39809.72
2020-04-04,51,30.4,27.5,28.3,1.00,1.00,5.0,22.7,42.8,215,82,1010.3,84,18000.00
2020-04-05,3,30.4,25.8,28.1,0.00,0.00,0.0,16.9,32.0,193,83,1009.5,73,39134.73
2020-04-06,51,30.4,27.1,28.3,1.30,1.30,6.0,17.7,34.6,204,81,1010.6,64,36389.44
2020-04-07,3,30.4,26.2,28.1,0.00,0.00,0.0,17.2,36.4,216,80,1009.6,50,40001.07
2020-04-08,2,30.7,27.5,28.8,0.00,0.00,0.0,19.6,38.5,216,77,1009.0,32,40246.27
2020-04-09,2,31.2,27.8,29.1,0.00,0.00,0.0,18.3,37.1,219,77,1009.0,27,40780.59
2020-04-10,51,31.5,26.6,28.9,0.20,0.20,2.0,11.6,28.1,281,74,1009.6,69,31072.94
2020-04-11,51,31.6,27.6,29.2,0.20,0.20,2.0,16.3,33.8,211,76,1010.0,55,38205.43
2020-04-12,51,30.6,27.4,29.1,0.80,0.80,5.0,17.1,32.8,217,78,1010.0,70,37419.22
2020-04-13,51,30.7,28.3,29.2,0.20,0.20,2.0,17.4,32.4,218,79,1009.5,48,39746.35
2020-04-14,51,31.3,28.1,29.4,0.30,0.30,1.0,16.6,35.6,213,78,1009.0,72,41710.48
2020-04-15,3,32.0,28.3,29.6,0.00,0.00,0.0,18.6,38.2,224,77,1008.9,60,40899.36
2020-04-16,55,31.6,27.3,29.4,1.60,1.60,5.0,24.4,43.9,231,81,1008.6,91,40232.97
2020-04-17,61,29.8,26.8,28.4,3.60,3.60,11.0,24.1,42.1,217,82,1008.5,94,36915.58
2020-04-18,53,29.4,27.2,28.2,4.40,4.40,16.0,21.1,35.3,217,84,1009.6,75,38602.58
2020-04-19,61,28.9,26.3,27.4,9.70,9.70,18.0,24.9,41.4,219,85,1011.5,89,17991.23
2020-04-20,51,29.8,26.7,28.1,0.50,0.50,5.0,17.7,32.8,232,83,1010.9,92,27728.80
2020-04-21,51,30.1,27.1,28.5,0.20,0.20,2.0,17.7,33.1,220,83,1009.6,64,41516.68
2020-04-22,61,29.8,27.8,28.5,3.30,3.30,4.0,22.0,41.4,222,82,1009.0,89,38058.24
2020-04-23,53,29.0,26.3,27.7,0.90,0.90,5.0,18.9,34.2,217,86,1009.1,97,33032.33
2020-04-24,51,29.8,26.9,28.2,0.50,0.50,5.0,17.5,32.8,226,84,1009.2,44,41531.85
2020-04-25,53,29.4,27.1,28.0,3.10,3.10,8.0,28.1,47.9,232,83,1009.5,98,24674.77
2020-04-26,63,28.8,26.7,27.7,7.70,7.70,10.0,19.5,33.8,234,85,1010.0,97,3219.00
2020-04-27,51,29.6,25.3,27.6,0.60,0.60,3.0,13.6,27.4,187,84,1011.2,65,41784.72
2020-04-28,3,29.2,26.3,27.7,0.00,0.00,0.0,16.6,30.2,214,83,1011.4,82,20531.80
2020-04-29,51,29.6,27.2,28.2,0.30,0.30,2.0,17.2,31.3,212,82,1011.6,27,42033.65
2020-04-30,51,30.0,26.6,28.0,0.20,0.20,2.0,20.2,37.8,223,85,1012.2,59,39985.21
2020-05-01,3,29.8,26.9,28.0,0.00,0.00,0.0,13.2,29.2,209,80,1012.4,39,42283.42
2020-05-02,53,30.4,27.4,28.7,0.60,0.60,1.0,18.9,32.8,217,81,1011.0,90,40607.47
2020-05-03,51,30.4,27.3,28.3,1.50,1.50,13.0,21.5,37.1,218,84,1009.9,83,30147.72
2020-05-04,51,29.9,26.7,28.0,0.60,0.60,5.0,12.5,25.6,211,82,1010.1,75,24432.33
2020-05-05,2,30.7,27.2,28.5,0.00,0.00,0.0,14.3,29.2,208,81,1010.0,20,42785.41
2020-05-06,2,30.7,27.4,28.9,0.00,0.00,0.0,17.8,36.0,220,80,1009.4,25,42307.48
2020-05-07,51,30.3,27.7,28.8,0.80,0.80,5.0,20.6,37.4,219,79,1009.2,59,40635.08
2020-05-08,51,30.6,27.8,29.0,0.20,0.20,2.0,16.1,31.7,218,79,1009.6,68,41589.03
2020-05-09,51,30.6,27.3,28.8,2.50,2.50,14.0,19.9,37.1,223,81,1010.2,76,39686.83
2020-05-10,65,30.4,26.2,27.7,50.20,50.20,12.0,24.5,43.6,218,85,1010.7,83,21600.00
2020-05-11,61,28.5,25.8,27.2,6.60,6.60,14.0,16.9,28.1,194,84,1012.1,98,15613.40
2020-05-12,3,29.3,26.1,27.8,0.00,0.00,0.0,14.6,28.4,227,83,1011.8,37,42573.00
2020-05-13,51,30.2,27.6,28.5,0.50,0.50,4.0,15.1,30.6,201,81,1011.4,60,42576.03
2020-05-14,3,30.3,26.7,28.6,0.00,0.00,0.0,14.2,29.2,208,80,1010.8,41,42925.98
2020-05-15,3,30.7,27.7,29.0,0.00,0.00,0.0,17.6,34.6,224,79,1010.6,65,42933.99
2020-05-16,55,30.2,27.1,28.5,2.60,2.60,11.0,21.4,36.7,229,83,1010.5,86,40378.47
2020-05-17,51,30.6,27.6,28.8,0.20,0.20,2.0,15.0,28.1,216,79,1010.9,70,41890.16
2020-05-18,51,30.6,27.8,28.9,0.60,0.60,5.0,20.9,37.4,228,78,1011.6,80,36792.20
2020-05-19,51,29.9,26.6,27.9,0.90,0.90,4.0,21.3,38.2,230,83,1012.2,89,37202.31
2020-05-20,51,29.7,26.3,28.1,0.90,0.90,7.0,21.3,39.2,234,83,1011.8,60,40129.83
2020-05-21,61,29.6,27.2,28.1,4.80,4.80,16.0,22.7,40.7,228,84,1012.0,74,40123.37
2020-05-22,63,28.8,25.7,27.1,12.80,12.80,19.0,21.1,37.8,215,86,1012.5,87,22651.41
2020-05-23,53,29.0,26.6,27.8,2.30,2.30,8.0,18.9,34.6,224,84,1011.9,55,43014.85
2020-05-24,55,29.6,26.1,27.7,3.50,3.50,11.0,22.7,39.2,223,82,1011.8,55,42342.61
2020-05-25,61,27.7,25.5,26.4,14.70,14.70,14.0,14.1,22.0,217,88,1011.8,99,2266.77
2020-05-26,3,29.4,24.7,27.2,0.00,0.00,0.0,11.9,25.6,222,85,1011.8,56,42837.51
2020-05-27,53,29.5,26.5,27.9,2.00,2.00,5.0,22.9,39.6,232,84,1011.4,85,39453.10
2020-05-28,63,27.6,25.9,26.8,27.60,27.60,16.0,14.3,25.9,235,89,1011.1,95,12391.45
2020-05-29,53,29.3,25.9,27.7,2.00,2.00,8.0,13.4,26.6,205,84,1010.5,81,43087.46
2020-05-30,63,28.4,26.1,27.2,9.30,9.30,13.0,19.1,33.1,197,86,1010.9,95,22643.82
2020-05-31,63,28.9,25.8,27.3,4.40,4.40,5.0,13.5,28.1,223,84,1012.0,84,37410.42
2020-06-01,63,29.7,26.8,27.5,5.30,5.30,2.0,16.4,32.4,227,83,1012.7,80,29175.78
2020-06-02,51,28.4,25.8,26.8,0.60,0.60,6.0,13.5,27.0,233,84,1012.3,83,18111.35
2020-06-03,3,29.1,24.8,27.1,0.00,0.00,0.0,18.2,31.7,221,84,1011.8,55,43150.48
2020-06-04,53,28.9,26.4,27.4,1.90,1.90,7.0,19.3,38.5,220,85,1011.5,76,42324.08
2020-06-05,51,29.2,26.7,27.9,0.10,0.10,1.0,11.8,25.2,216,80,1012.6,91,38295.71
2020-06-06,55,28.0,26.1,26.9,4.40,4.40,13.0,15.5,26.6,187,85,1012.9,88,29870.29
2020-06-07,61,29.2,25.2,26.7,6.70,6.70,12.0,15.6,29.2,237,85,1012.9,94,25686.17
2020-06-08,3,29.3,25.3,27.2,0.00,0.00,0.0,20.2,33.5,221,85,1011.3,60,43200.00
2020-06-09,63,28.4,25.3,26.7,3.90,3.90,8.0,18.7,36.4,233,85,1011.7,93,12740.30
2020-06-10,63,28.0,25.1,26.3,10.20,10.20,20.0,13.7,28.8,192,86,1012.4,85,33350.32
2020-06-11,63,27.5,24.6,26.1,7.20,7.20,13.0,19.7,33.8,241,86,1013.2,93,31410.90
2020-06-12,61,27.6,25.6,26.3,8.80,8.80,17.0,17.6,31.7,234,86,1011.6,98,9989.98
2020-06-13,61,28.3,25.1,26.5,5.10,5.10,17.0,14.2,27.7,200,84,1011.8,84,30687.40
2020-06-14,51,28.2,25.9,26.7,2.00,2.00,11.0,18.4,33.5,209,86,1012.7,74,36963.49
2020-06-15,61,28.3,25.2,26.8,5.80,5.80,12.0,15.2,29.9,218,84,1012.8,67,42485.24
2020-06-16,51,28.6,26.6,27.4,1.20,1.20,7.0,19.6,35.6,222,84,1011.4,82,41905.50
2020-06-17,63,27.1,25.0,26.3,14.50,14.50,19.0,20.6,36.4,211,87,1011.4,96,13952.19
2020-06-18,65,25.9,24.7,25.3,59.60,59.60,23.0,17.9,31.7,218,90,1012.9,99,2933.49
2020-06-19,53,27.1,24.4,25.8,5.70,5.70,16.0,13.4,27.0,243,88,1014.1,79,29451.22
2020-06-20,53,27.9,24.9,26.4,1.90,1.90,9.0,20.9,36.4,241,86,1013.8,82,29906.58
2020-06-21,63,26.6,24.9,25.7,11.40,11.40,24.0,17.0,31.0,206,88,1012.8,95,13121.68
2020-06-22,53,27.0,25.0,25.8,4.80,4.80,17.0,15.5,27.4,220,87,1011.6,94,22486.72
2020-06-23,53,27.7,24.2,26.0,2.60,2.60,13.0,15.5,29.9,227,87,1010.8,60,39600.00
2020-06-24,53,27.8,25.5,26.6,2.40,2.40,11.0,18.9,34.9,231,85,1011.1,67,41971.65
2020-06-25,51,28.2,25.2,26.5,1.90,1.90,12.0,20.9,37.4,223,85,1011.1,76,43200.00
2020-06-26,53,27.4,25.2,26.3,3.40,3.40,13.0,25.1,43.9,229,86,1011.0,63,43200.00
2020-06-27,61,27.5,25.2,26.2,6.30,6.30,18.0,22.8,40.3,223,86,1010.3,88,24006.94
2020-06-28,63,26.4,24.7,25.3,10.40,10.40,22.0,16.0,33.5,227,89,1011.0,93,9541.67
2020-06-29,65,26.1,24.3,25.1,55.70,55.70,22.0,20.0,34.6,229,89,1011.4,99,1531.61
2020-06-30,53,26.3,24.6,25.5,3.00,3.00,14.0,18.4,32.0,238,87,1011.6,97,5806.14
2020-07-01,61,26.7,24.8,25.6,6.60,6.60,14.0,14.1,26.6,251,88,1011.3,92,20540.36
2020-07-02,53,27.3,24.8,26.0,2.00,2.00,9.0,19.3,34.2,233,85,1010.7,70,41850.84
2020-07-03,53,27.4,25.2,26.2,1.40,1.40,8.0,26.0,45.7,238,84,1010.7,86,39434.07
2020-07-04,65,26.0,24.8,25.2,75.90,75.90,23.0,40.2,66.6,251,90,1011.0,99,0.00
2020-07-05,61,26.6,24.2,25.3,9.50,9.50,17.0,15.7,28.8,247,88,1011.7,93,26472.60
2020-07-06,51,27.6,24.7,25.9,0.90,0.90,5.0,15.9,30.6,249,87,1011.3,82,37833.61
2020-07-07,53,26.5,25.0,25.6,6.50,6.50,20.0,19.9,34.2,236,88,1010.3,97,4169.71
2020-07-08,61,25.9,24.5,25.2,7.00,7.00,21.0,15.8,28.8,231,88,1010.2,98,1127.56
2020-07-09,63,26.0,24.4,25.3,10.40,10.40,17.0,18.9,32.4,235,87,1011.6,83,20072.80
2020-07-10,53,26.6,24.5,25.4,4.40,4.40,24.0,18.9,34.9,250,88,1012.0,98,28109.67
2020-07-11,53,25.9,24.7,25.2,4.20,4.20,15.0,19.2,33.5,247,87,1012.5,98,9165.71
2020-07-12,53,26.3,24.3,25.1,1.90,1.90,7.0,21.4,37.4,246,86,1013.1,88,38045.40
2020-07-13,51,26.3,24.6,25.4,1.00,1.00,7.0,25.7,44.6,233,84,1012.0,58,43200.00
2020-07-14,51,26.7,24.4,25.4,0.30,0.30,3.0,26.8,45.4,240,85,1011.7,86,43200.00
2020-07-15,3,26.2,24.6,25.2,0.00,0.00,0.0,22.7,39.6,231,85,1012.1,98,31432.49
2020-07-16,3,26.1,24.3,25.0,0.00,0.00,0.0,22.5,38.9,233,86,1013.2,94,32650.29
2020-07-17,3,26.2,24.3,25.0,0.00,0.00,0.0,17.8,32.8,225,88,1012.9,87,36239.14
2020-07-18,51,26.9,24.2,25.1,0.20,0.20,2.0,17.8,33.1,233,87,1012.4,88,37585.77
2020-07-19,3,26.4,23.9,25.0,0.00,0.00,0.0,19.7,36.4,237,89,1011.8,78,43200.00
2020-07-20,63,26.2,24.3,25.1,8.90,8.90,11.0,19.1,36.0,227,89,1011.2,86,35936.06
2020-07-21,55,26.8,24.1,25.0,2.50,2.50,8.0,20.2,36.0,236,90,1011.3,74,39175.21
2020-07-22,51,26.4,24.3,25.0,1.00,1.00,6.0,20.3,36.4,234,89,1011.6,86,33485.13
2020-07-23,51,26.3,24.1,25.0,0.80,0.80,6.0,21.4,39.6,234,89,1011.4,85,38147.35
2020-07-24,51,26.6,24.3,25.2,0.20,0.20,2.0,23.3,41.4,234,88,1011.2,94,38670.03
2020-07-25,51,26.7,24.3,25.2,0.60,0.60,5.0,23.1,41.8,233,86,1011.7,61,43200.00
2020-07-26,51,26.4,24.3,25.0,0.50,0.50,4.0,26.5,46.4,238,85,1011.9,65,43200.00
2020-07-27,51,26.1,24.2,25.0,0.40,0.40,3.0,25.9,46.1,238,84,1012.4,61,43200.00
2020-07-28,51,26.1,23.9,24.8,0.10,0.10,1.0,23.0,40.7,236,87,1012.4,49,43200.00
2020-07-29,51,26.3,23.9,24.8,0.70,0.70,7.0,18.8,34.9,223,87,1012.5,54,43200.00
2020-07-30,51,25.8,23.8,24.7,0.30,0.30,3.0,23.4,41.4,228,88,1012.9,64,34294.77
2020-07-31,55,25.4,23.8,24.5,2.40,2.40,5.0,26.6,45.0,230,88,1012.8,91,20195.79
2020-08-01,53,25.9,23.9,24.8,2.70,2.70,10.0,19.4,36.4,214,87,1013.7,45,43200.00
2020-08-02,3,26.0,23.8,24.7,0.00,0.00,0.0,23.2,40.7,234,87,1014.0,66,43200.00
2020-08-03,3,25.7,23.9,24.6,0.00,0.00,0.0,25.7,44.6,229,87,1014.8,89,34198.59
2020-08-04,3,25.9,23.4,24.4,0.00,0.00,0.0,24.5,43.6,229,86,1014.9,26,43200.00
2020-08-05,51,25.6,23.3,24.2,0.20,0.20,2.0,25.8,44.6,227,84,1014.3,34,43200.00
2020-08-06,51,25.3,23.4,24.3,0.20,0.20,2.0,27.5,46.8,229,82,1014.4,76,43200.00
2020-08-07,51,25.7,23.5,24.3,0.10,0.10,1.0,26.6,46.4,229,83,1014.7,60,36421.02
2020-08-08,51,25.9,23.2,24.1,0.80,0.80,5.0,17.2,31.7,216,85,1015.5,43,37869.09
2020-08-09,2,25.9,23.1,24.3,0.00,0.00,0.0,21.3,38.9,224,87,1014.2,21,43200.00
2020-08-10,3,26.0,23.5,24.5,0.00,0.00,0.0,25.6,44.6,227,85,1012.9,71,39472.32
2020-08-11,51,26.1,23.4,24.4,0.90,0.90,6.0,21.5,40.7,218,87,1013.2,72,41801.54
2020-08-12,1,26.3,22.6,24.2,0.00,0.00,0.0,19.3,34.2,225,88,1013.2,13,43200.00
2020-08-13,3,25.8,22.7,24.2,0.00,0.00,0.0,19.3,36.4,224,87,1012.6,47,43200.00
2020-08-14,53,25.1,23.4,24.1,7.70,7.70,14.0,21.3,40.0,236,92,1011.0,99,11293.52
2020-08-15,51,26.3,23.7,24.7,1.10,1.10,7.0,22.6,40.3,218,88,1011.0,61,43200.00
2020-08-16,51,26.3,23.2,24.4,0.70,0.70,5.0,21.2,38.9,230,88,1010.9,33,43200.00
2020-08-17,51,26.2,23.6,24.6,0.60,0.60,6.0,22.7,41.0,231,87,1010.4,71,43200.00
2020-08-18,51,26.8,23.7,24.8,0.50,0.50,5.0,19.4,37.4,226,89,1010.4,64,43188.11
2020-08-19,51,26.7,23.5,24.7,1.50,1.50,9.0,22.3,41.0,231,89,1009.9,49,43165.50
2020-08-20,51,26.1,24.0,24.8,0.60,0.60,4.0,24.5,45.7,235,87,1009.6,82,40872.60
2020-08-21,53,25.9,24.1,24.6,3.20,3.20,14.0,24.7,43.9,233,88,1010.2,96,25477.74
2020-08-22,53,26.0,23.7,24.4,1.60,1.60,8.0,21.7,39.2,222,90,1011.8,69,22342.64
2020-08-23,51,26.2,23.6,24.5,1.00,1.00,7.0,20.7,38.2,224,89,1012.6,74,39801.45
2020-08-24,51,25.8,23.5,24.3,0.40,0.40,4.0,21.4,38.2,231,88,1011.6,98,33972.63
2020-08-25,53,25.8,23.6,24.4,1.30,1.30,4.0,19.6,36.4,212,88,1011.3,71,39320.20
2020-08-26,3,26.4,23.2,24.5,0.00,0.00,0.0,18.3,35.6,229,88,1012.5,67,41585.26
2020-08-27,51,26.6,24.1,25.1,0.20,0.20,2.0,20.5,40.0,230,86,1012.8,76,42380.03
2020-08-28,51,27.0,24.0,25.2,0.50,0.50,5.0,24.4,44.3,233,86,1011.9,81,42410.61
2020-08-29,51,27.0,24.3,25.3,1.40,1.40,9.0,21.9,41.4,227,85,1011.4,75,39135.73
2020-08-30,51,26.7,24.3,25.2,0.80,0.80,7.0,21.7,40.3,225,85,1011.7,95,31645.00
2020-08-31,51,26.5,24.4,25.2,1.20,1.20,10.0,23.8,43.6,232,85,1012.3,81,34962.49
2020-09-01,51,26.2,24.5,25.0,0.50,0.50,5.0,17.9,32.0,241,86,1011.3,98,4164.86
2020-09-02,51,26.8,24.2,25.3,0.30,0.30,3.0,21.9,39.2,234,86,1010.3,74,40358.94
2020-09-03,51,27.1,24.3,25.5,0.90,0.90,6.0,20.7,39.6,223,84,1011.6,63,42757.73
2020-09-04,51,27.3,24.3,25.5,1.10,1.10,7.0,20.9,39.2,226,86,1013.6,87,30222.33
2020-09-05,51,26.9,24.6,25.5,1.00,1.00,8.0,28.2,48.6,234,83,1012.3,87,33186.20
2020-09-06,53,27.1,24.7,25.4,2.20,2.20,6.0,22.4,40.3,231,83,1010.7,85,31768.84
2020-09-07,51,27.2,24.5,25.6,0.20,0.20,2.0,22.0,40.0,223,83,1010.0,68,41801.76
2020-09-08,51,27.5,24.7,25.8,0.20,0.20,2.0,22.2,41.0,225,83,1010.4,72,41349.68
2020-09-09,65,26.1,24.4,25.0,34.00,34.00,21.0,27.2,45.7,236,88,1011.5,99,11035.38
2020-09-10,53,26.8,24.2,25.4,3.40,3.40,12.0,21.5,39.2,226,86,1011.8,68,40882.04
2020-09-11,51,26.9,24.7,25.6,0.30,0.30,2.0,22.2,40.0,230,86,1010.7,86,29966.94
2020-09-12,51,27.2,24.9,25.8,1.30,1.30,8.0,23.8,43.2,229,86,1011.3,76,39780.28
2020-09-13,61,26.0,24.4,25.1,11.00,11.00,14.0,15.7,29.2,243,89,1012.3,97,3353.72
2020-09-14,51,26.9,24.5,25.6,1.30,1.30,7.0,20.6,37.4,229,87,1012.9,60,40505.39
2020-09-15,51,27.0,24.8,25.5,1.20,1.20,10.0,21.8,38.9,245,87,1011.2,88,32255.51
2020-09-16,51,26.5,24.4,25.4,2.40,2.40,16.0,24.9,43.6,237,87,1010.2,72,40998.89
2020-09-17,53,26.5,23.9,25.1,3.00,3.00,14.0,21.6,38.2,218,88,1011.4,59,40643.10
2020-09-18,51,26.8,24.5,25.5,0.50,0.50,5.0,18.0,33.1,237,87,1012.7,80,36645.38
2020-09-19,51,27.0,24.5,25.6,1.30,1.30,8.0,19.6,35.6,235,87,1012.2,95,30179.81
2020-09-20,53,26.3,24.9,25.5,3.30,3.30,16.0,19.7,36.0,237,88,1012.2,94,3881.28
2020-09-21,53,27.3,24.4,25.7,2.50,2.50,11.0,22.6,40.3,241,87,1012.1,66,41308.65
2020-09-22,53,27.7,24.9,26.0,4.30,4.30,9.0,23.6,41.4,239,85,1012.0,83,39324.92
2020-09-23,51,27.1,24.8,25.8,1.10,1.10,9.0,20.4,37.8,229,86,1012.6,70,39597.81
2020-09-24,51,27.7,24.4,25.5,0.70,0.70,5.0,15.8,33.1,247,87,1012.9,77,21297.90
2020-09-25,51,27.2,24.1,25.6,0.50,0.50,2.0,18.7,34.6,230,87,1012.7,71,40909.78
2020-09-26,53,27.3,25.0,25.7,3.00,3.00,11.0,16.1,33.5,238,87,1011.2,90,24187.54
2020-09-27,55,27.2,24.1,25.4,3.00,3.00,11.0,18.7,33.1,250,86,1010.4,86,33444.57
2020-09-28,51,27.2,24.2,25.8,0.80,0.80,6.0,21.4,37.4,234,86,1011.1,56,40030.80
2020-09-29,53,27.4,25.2,26.1,2.00,2.00,10.0,22.1,39.2,226,85,1011.7,91,35677.86
2020-09-30,51,27.0,25.0,25.8,1.90,1.90,17.0,25.7,43.2,228,85,1011.0,98,18703.93
2020-10-01,51,27.3,24.6,25.6,3.10,3.10,16.0,21.4,37.8,217,87,1010.4,60,37851.29
2020-10-02,51,27.3,24.6,25.9,0.70,0.70,7.0,15.8,31.7,221,85,1010.0,55,39600.00
2020-10-03,51,27.6,25.0,26.1,0.40,0.40,3.0,18.2,33.1,211,83,1010.4,88,37951.45
2020-10-04,51,27.8,25.1,26.3,0.70,0.70,5.0,16.4,31.0,222,84,1011.3,78,39888.75
2020-10-05,53,28.5,25.3,26.5,2.30,2.30,9.0,16.3,31.7,238,87,1011.9,91,39146.38
2020-10-06,55,28.7,24.7,26.4,5.10,5.10,8.0,20.4,34.2,241,86,1011.7,90,37021.79
2020-10-07,61,26.7,24.1,25.4,9.50,9.50,13.0,16.0,29.5,217,88,1012.0,92,10114.48
2020-10-08,61,27.6,24.6,25.8,10.10,10.10,18.0,18.9,35.6,233,88,1011.7,88,31937.72
2020-10-09,63,26.9,24.7,25.5,10.20,10.20,20.0,17.7,32.8,235,89,1012.0,76,38248.14
2020-10-10,61,27.6,24.5,25.8,7.90,7.90,16.0,16.7,31.3,216,87,1012.3,78,37063.75
2020-10-11,63,26.3,24.5,25.5,11.40,11.40,18.0,12.0,24.5,233,89,1012.1,92,18582.96
2020-10-12,51,28.4,24.1,26.1,0.40,0.40,3.0,19.1,34.9,243,86,1011.3,38,40005.70
2020-10-13,51,28.0,25.5,26.6,0.60,0.60,5.0,18.9,36.7,235,85,1011.3,50,39600.00
2020-10-14,53,27.1,24.9,26.0,2.40,2.40,12.0,14.7,28.8,231,87,1011.7,88,29091.93
2020-10-15,53,27.6,24.6,26.1,2.40,2.40,11.0,19.8,34.6,232,88,1011.9,63,39796.71
2020-10-16,51,27.4,24.4,26.1,1.30,1.30,11.0,18.7,33.5,236,87,1011.3,72,39545.92
2020-10-17,63,26.9,24.6,25.8,18.50,18.50,16.0,13.0,30.2,214,87,1010.8,95,21703.72
2020-10-18,51,27.9,24.6,26.2,0.50,0.50,5.0,15.8,30.2,225,87,1010.1,51,37095.90
2020-10-19,51,28.1,25.4,26.7,0.60,0.60,5.0,17.1,32.0,235,86,1010.5,56,37274.17
2020-10-20,51,28.3,25.6,26.9,1.40,1.40,7.0,19.9,36.7,230,86,1010.8,70,39600.00
2020-10-21,53,28.8,25.7,26.9,1.40,1.40,7.0,16.5,31.0,230,87,1010.8,44,39645.36
2020-10-22,51,28.4,26.1,27.0,0.90,0.90,7.0,17.0,31.7,223,86,1010.8,27,39655.47
2020-10-23,51,28.5,25.9,27.2,1.60,1.60,8.0,18.9,34.6,231,85,1011.1,60,39600.00
2020-10-24,51,28.8,25.9,27.2,1.30,1.30,8.0,18.9,33.8,231,84,1010.4,81,37248.79
2020-10-25,63,27.4,25.2,26.3,12.00,12.00,14.0,17.4,29.2,216,88,1009.8,85,20958.97
2020-10-26,51,28.5,25.7,26.9,0.50,0.50,5.0,12.8,29.9,214,86,1009.2,73,36000.00
2020-10-27,53,28.4,25.9,26.9,2.00,2.00,11.0,15.8,33.1,218,87,1009.0,74,39600.00
2020-10-28,51,29.2,25.7,27.0,0.30,0.30,3.0,14.9,34.9,223,87,1009.4,64,39600.00
2020-10-29,51,28.3,26.2,27.0,0.90,0.90,6.0,12.5,31.3,212,85,1010.2,41,39600.00
2020-10-30,51,28.7,25.7,27.1,0.90,0.90,6.0,14.7,30.6,212,85,1010.2,77,36000.00
2020-10-31,53,29.1,26.5,27.5,1.20,1.20,7.0,15.5,31.3,221,85,1009.9,38,39600.00
2020-11-01,53,28.7,26.2,27.3,1.20,1.20,6.0,18.2,33.5,215,86,1009.2,46,39600.00
2020-11-02,61,28.8,25.6,26.8,5.10,5.10,7.0,14.1,30.2,194,86,1010.1,65,31022.48
2020-11-03,51,29.8,25.3,27.0,0.60,0.60,2.0,16.6,44.3,200,87,1010.5,61,39600.00
2020-11-04,51,28.4,26.0,27.2,2.30,2.30,9.0,12.7,29.9,216,87,1010.3,84,37333.31
2020-11-05,53,29.5,26.2,27.4,3.00,3.00,11.0,12.8,32.0,213,86,1010.1,89,28635.51
2020-11-06,51,28.9,26.2,27.6,2.90,2.90,13.0,16.8,36.4,215,85,1010.6,56,39461.11
2020-11-07,51,29.2,26.4,27.5,1.80,1.80,10.0,18.9,31.3,225,86,1011.4,74,39600.00
2020-11-08,53,29.4,26.5,27.7,1.90,1.90,8.0,17.9,31.3,212,83,1012.1,51,38912.48
2020-11-09,51,28.9,25.7,27.4,1.10,1.10,4.0,14.1,27.0,216,84,1011.9,60,39600.00
2020-11-10,51,28.3,26.6,27.3,1.20,1.20,8.0,13.4,29.5,194,85,1011.0,42,39600.00
2020-11-11,53,28.9,25.6,27.3,2.70,2.70,9.0,13.4,33.5,204,84,1010.2,41,39600.00
2020-11-12,61,30.5,25.9,27.8,2.20,2.20,3.0,14.4,36.0,233,85,1009.9,32,39600.00
2020-11-13,1,30.9,25.6,28.0,0.00,0.00,0.0,17.1,30.6,219,84,1010.2,12,39600.00
2020-11-14,53,29.0,26.0,27.5,1.30,1.30,5.0,15.8,34.6,212,87,1010.4,44,39600.00
2020-11-15,51,29.6,26.6,28.0,0.50,0.50,5.0,14.9,29.5,222,84,1009.5,37,39600.00
2020-11-16,53,28.5,26.0,27.3,3.60,3.60,9.0,17.7,31.7,211,85,1009.8,56,34570.93
2020-11-17,53,28.9,26.1,27.4,2.50,2.50,7.0,15.0,29.2,216,86,1009.3,48,39600.00
2020-11-18,51,28.9,26.3,27.5,2.50,2.50,12.0,15.8,31.3,226,86,1009.1,56,39600.00
2020-11-19,53,28.9,25.8,27.3,2.10,2.10,9.0,16.0,30.2,219,87,1008.8,53,36000.00
2020-11-20,51,28.5,25.7,27.2,0.50,0.50,5.0,14.6,29.9,216,86,1008.6,43,39600.00
2020-11-21,53,29.1,26.1,27.4,2.90,2.90,7.0,15.2,29.9,212,85,1009.1,76,39600.00
2020-11-22,51,29.8,25.9,27.8,0.70,0.70,3.0,18.1,38.2,227,85,1009.7,75,39600.00
2020-11-23,51,29.6,26.4,27.9,1.90,1.90,11.0,18.1,30.2,223,83,1010.6,35,39600.00
2020-11-24,51,28.8,26.6,27.6,1.00,1.00,7.0,16.0,29.9,218,84,1010.5,62,38539.60
2020-11-25,55,28.7,26.1,27.3,2.80,2.80,10.0,19.1,33.8,223,85,1009.6,67,36104.31
2020-11-26,53,29.3,25.9,27.1,5.20,5.20,12.0,19.8,33.1,227,85,1009.2,76,35502.70
2020-11-27,61,28.1,26.0,26.8,6.70,6.70,13.0,19.7,36.4,222,86,1009.7,79,32120.01
2020-11-28,53,27.8,25.8,26.7,2.70,2.70,15.0,15.5,31.3,230,87,1010.6,43,39453.21
2020-11-29,51,29.1,25.3,27.1,0.40,0.40,3.0,14.2,37.8,230,87,1010.1,28,39600.00
2020-11-30,51,29.4,26.1,27.6,0.30,0.30,3.0,17.1,33.5,224,86,1010.3,48,39600.00
2020-12-01,51,28.5,26.3,27.4,1.60,1.60,9.0,17.4,32.4,220,87,1009.9,47,39600.00
2020-12-02,51,29.0,26.1,27.6,1.10,1.10,10.0,19.2,33.8,232,85,1010.1,25,39600.00
2020-12-03,51,29.0,26.3,27.5,1.60,1.60,10.0,19.7,33.5,236,85,1010.5,27,39600.00
2020-12-04,51,29.1,26.5,27.6,0.70,0.70,6.0,18.4,34.9,232,85,1011.2,25,39600.00
2020-12-05,51,29.2,26.7,27.7,0.10,0.10,1.0,16.6,30.6,226,84,1010.7,26,39135.28
2020-12-06,51,29.4,26.6,27.8,0.30,0.30,2.0,18.4,33.5,230,84,1010.2,54,39600.00
2020-12-07,51,28.7,26.8,27.5,0.90,0.90,7.0,19.1,33.8,224,85,1011.4,26,37051.50
2020-12-08,51,29.1,26.0,27.4,0.90,0.90,5.0,16.9,30.6,218,85,1011.4,42,38524.24
2020-12-09,51,28.7,26.5,27.4,1.50,1.50,9.0,16.4,31.3,219,84,1010.5,48,38378.81
2020-12-10,51,29.0,26.6,27.4,0.90,0.90,4.0,18.3,29.5,223,85,1010.7,69,38441.05
2020-12-11,51,28.9,26.7,27.6,0.60,0.60,5.0,17.9,34.2,231,85,1010.7,39,38504.97
2020-12-12,51,28.9,26.8,27.7,0.30,0.30,3.0,17.8,34.2,226,85,1010.1,29,38351.93
2020-12-13,61,28.9,26.4,27.3,3.90,3.90,7.0,18.5,32.0,221,87,1009.3,35,38415.52
2020-12-14,53,29.5,26.5,27.6,1.30,1.30,7.0,17.0,29.2,216,84,1009.1,34,38480.33
2020-12-15,51,29.0,26.3,27.5,1.50,1.50,8.0,16.3,31.0,222,85,1008.9,56,37689.13
2020-12-16,51,28.8,26.4,27.4,0.70,0.70,3.0,17.6,31.0,227,85,1009.5,73,37353.64
2020-12-17,51,28.7,26.1,27.1,0.60,0.60,5.0,19.1,32.0,228,87,1009.6,82,37029.80
2020-12-18,51,29.1,25.8,27.4,0.60,0.60,6.0,18.4,32.8,230,86,1009.6,42,38269.68
2020-12-19,51,28.8,26.1,27.4,1.40,1.40,6.0,16.8,31.3,227,85,1009.2,44,38087.81
2020-12-20,51,28.9,25.9,27.3,0.50,0.50,3.0,15.9,34.2,224,86,1009.5,22,37900.39
2020-12-21,61,29.1,25.6,27.3,2.50,2.50,5.0,14.2,30.6,225,86,1009.6,68,36064.42
2020-12-22,51,29.2,25.8,27.5,0.90,0.90,6.0,14.8,28.8,228,86,1009.3,66,35087.91
2020-12-23,51,29.4,26.5,27.7,0.50,0.50,4.0,15.7,31.0,221,85,1009.2,27,37773.02
2020-12-24,55,28.8,25.7,27.3,2.60,2.60,7.0,14.3,29.2,215,86,1008.9,67,37024.57
2020-12-25,51,29.6,26.0,27.2,0.20,0.20,1.0,13.4,29.2,215,88,1008.0,37,37799.91
2020-12-26,3,30.8,25.2,27.5,0.00,0.00,0.0,18.5,33.8,229,84,1008.0,27,38125.33
2020-12-27,3,30.2,24.9,27.2,0.00,0.00,0.0,16.9,29.9,224,84,1008.3,54,37825.77
2020-12-28,3,30.3,25.4,27.6,0.00,0.00,0.0,18.7,32.4,226,82,1008.3,65,36089.27
2020-12-29,3,30.5,24.9,27.5,0.00,0.00,0.0,18.6,32.0,228,81,1008.0,44,37099.57
2020-12-30,51,29.8,25.7,27.7,0.10,0.10,1.0,16.9,29.5,224,84,1008.7,87,32957.11
2020-12-31,51,29.6,25.5,27.8,0.30,0.30,3.0,19.5,32.8,227,84,1009.3,45,37113.89
2021-01-01,51,29.6,26.0,27.9,0.30,0.30,3.0,17.8,32.4,228,84,1008.9,39,36872.26
2021-01-02,51,30.0,27.2,28.3,0.20,0.20,2.0,18.9,36.0,227,82,1009.1,31,36883.25
2021-01-03,51,29.9,27.1,28.2,0.10,0.10,1.0,17.6,33.1,225,83,1009.1,23,36893.74
2021-01-04,55,29.6,27.0,28.0,1.30,1.30,4.0,18.6,34.6,227,84,1008.4,30,36399.10
2021-01-05,51,29.8,26.8,28.3,0.50,0.50,2.0,21.9,38.5,227,84,1007.8,39,36660.95
2021-01-06,51,29.9,27.2,28.1,1.00,1.00,6.0,19.2,36.4,222,84,1008.6,58,36418.11
2021-01-07,51,29.5,26.9,28.0,0.70,0.70,5.0,20.6,38.2,225,82,1009.4,57,36426.66
2021-01-08,51,29.2,26.7,27.8,1.80,1.80,10.0,19.0,33.1,225,84,1009.5,93,34097.60
2021-01-09,51,29.5,26.0,27.7,0.20,0.20,2.0,20.4,36.0,234,85,1008.8,52,36777.74
2021-01-10,51,29.4,26.5,27.7,0.30,0.30,3.0,16.6,32.0,230,85,1008.2,18,37019.90
2021-01-11,1,29.8,25.9,27.7,0.00,0.00,0.0,17.1,32.4,225,84,1008.1,15,36509.74
2021-01-12,51,29.7,26.1,27.7,0.10,0.10,1.0,18.9,35.6,228,84,1009.1,23,36288.62
2021-01-13,61,29.3,25.6,27.4,1.60,1.60,3.0,21.6,35.6,229,84,1010.2,34,36491.21
2021-01-14,53,29.2,25.7,27.3,1.10,1.10,6.0,18.1,32.4,231,85,1009.8,22,36257.21
2021-01-15,53,28.9,25.2,27.1,1.40,1.40,3.0,18.4,34.6,223,87,1008.6,24,36241.60
2021-01-16,61,28.5,25.0,27.0,2.50,2.50,7.0,18.4,31.0,222,85,1008.0,60,36000.00
2021-01-17,51,29.1,25.7,27.3,0.30,0.30,2.0,16.3,28.1,208,85,1008.3,36,36459.04
2021-01-18,55,29.4,25.4,27.5,1.60,1.60,7.0,14.6,28.8,225,84,1008.9,27,36439.21
2021-01-19,53,29.3,25.7,27.3,0.80,0.80,3.0,17.9,36.7,223,86,1009.5,68,33846.95
2021-01-20,51,29.9,25.2,27.4,0.70,0.70,3.0,17.7,31.7,226,85,1009.2,54,36663.91
2021-01-21,51,31.0,25.2,27.4,0.10,0.10,1.0,19.5,34.6,214,83,1009.5,52,37145.93
2021-01-22,51,31.2,25.2,27.5,0.40,0.40,4.0,17.7,33.1,225,82,1009.6,31,36877.01
2021-01-23,3,29.9,25.1,27.5,0.00,0.00,0.0,18.0,32.0,221,81,1009.3,87,35763.54
2021-01-24,3,30.1,24.7,27.1,0.00,0.00,0.0,18.1,33.5,220,80,1008.6,64,36847.52
2021-01-25,1,29.9,26.1,27.9,0.00,0.00,0.0,15.6,29.9,212,78,1009.0,17,37093.69
2021-01-26,3,30.3,25.5,27.8,0.00,0.00,0.0,20.4,36.4,220,81,1009.2,61,37064.81
2021-01-27,51,30.0,26.2,28.0,0.50,0.50,3.0,21.7,39.2,228,83,1008.9,37,37066.81
2021-01-28,51,30.3,26.8,28.2,0.80,0.80,4.0,17.4,34.9,222,82,1009.0,32,37297.50
2021-01-29,51,29.7,26.8,28.1,0.80,0.80,4.0,16.9,29.5,221,83,1009.5,40,36795.11
2021-01-30,51,29.7,26.6,27.9,1.00,1.00,7.0,17.1,30.6,226,84,1009.5,47,37025.10
2021-01-31,51,30.1,26.8,28.3,0.50,0.50,4.0,18.6,34.2,230,82,1008.8,66,36523.89
2021-02-01,53,30.0,26.8,28.0,2.00,2.00,7.0,18.2,34.2,217,84,1009.3,35,33630.76
2021-02-02,51,29.4,27.1,28.0,1.10,1.10,7.0,17.4,33.8,214,84,1009.8,33,36490.65
2021-02-03,51,29.6,26.7,28.0,1.10,1.10,7.0,17.4,30.2,219,85,1009.9,46,36964.49
2021-02-04,53,30.0,26.6,28.2,1.60,1.60,6.0,19.6,33.1,218,84,1009.2,31,37434.96
2021-02-05,51,29.7,26.9,28.1,1.70,1.70,10.0,17.9,32.4,222,85,1009.6,38,36505.40
2021-02-06,53,30.3,26.7,28.4,0.50,0.50,1.0,20.9,34.9,228,84,1009.3,48,37414.40
2021-02-07,51,30.0,27.0,28.6,0.80,0.80,5.0,20.7,34.9,229,83,1008.5,37,37627.88
2021-02-08,53,30.3,27.2,28.7,1.30,1.30,6.0,21.1,34.9,225,82,1007.7,42,36989.49
2021-02-09,53,30.2,26.1,28.4,1.10,1.10,3.0,20.9,37.1,231,84,1008.2,84,37835.14
2021-02-10,51,30.6,27.2,28.8,0.80,0.80,3.0,18.6,34.9,223,82,1008.5,63,37612.84
2021-02-11,53,30.7,27.2,28.8,0.70,0.70,3.0,19.6,38.5,228,82,1008.6,66,35135.16
2021-02-12,51,30.7,27.5,28.8,1.30,1.30,6.0,19.9,34.9,229,82,1008.2,62,34982.13
2021-02-13,51,30.5,27.6,28.8,1.10,1.10,5.0,19.4,36.0,222,83,1007.5,32,37291.28
2021-02-14,53,29.5,27.0,28.3,1.30,1.30,5.0,19.4,33.8,222,84,1007.5,40,37337.89
2021-02-15,61,30.2,26.4,28.2,5.20,5.20,9.0,20.1,32.4,220,84,1007.8,45,36893.74
2021-02-16,51,29.7,27.3,28.3,1.50,1.50,10.0,16.9,31.3,218,85,1007.7,53,37244.41
2021-02-17,61,29.3,26.6,27.9,2.20,2.20,6.0,17.6,42.8,218,86,1008.5,68,36723.75
2021-02-18,51,30.9,25.7,28.1,1.20,1.20,6.0,20.5,37.1,223,83,1009.8,80,38398.72
2021-02-19,3,31.6,25.2,27.9,0.00,0.00,0.0,18.9,33.1,136,68,1011.0,79,38618.36
2021-02-20,3,32.3,24.3,27.6,0.00,0.00,0.0,19.9,36.0,155,66,1011.2,26,39073.90
2021-02-21,3,30.6,23.9,27.3,0.00,0.00,0.0,21.4,38.9,209,78,1010.0,68,38348.31
2021-02-22,51,30.1,25.3,27.8,0.30,0.30,2.0,19.3,34.9,217,82,1009.5,50,38095.27
2021-02-23,51,30.7,26.3,28.6,0.50,0.50,2.0,17.6,31.0,215,76,1009.9,29,38079.67
2021-02-24,3,31.0,26.3,28.5,0.00,0.00,0.0,19.6,34.9,228,79,1009.7,57,37514.57
2021-02-25,3,30.6,27.4,28.6,0.00,0.00,0.0,25.3,42.1,235,81,1009.0,68,31759.14
2021-02-26,51,30.3,27.2,28.6,1.10,1.10,6.0,23.0,38.9,222,78,1008.6,53,37796.39
2021-02-27,51,29.8,27.0,28.2,0.20,0.20,2.0,15.5,30.6,212,79,1008.0,27,36042.08
2021-02-28,51,30.2,26.7,28.3,0.60,0.60,5.0,19.7,35.6,218,81,1006.7,26,38233.98
2021-03-01,51,31.1,27.5,28.8,0.80,0.80,5.0,19.8,36.0,229,80,1006.6,66,37326.00
2021-03-02,51,30.8,27.7,29.0,1.20,1.20,9.0,20.5,36.7,217,82,1007.1,39,37969.09
2021-03-03,53,30.9,27.5,28.9,1.40,1.40,5.0,20.1,36.0,225,82,1007.3,91,37495.77
2021-03-04,51,31.1,28.1,29.1,0.20,0.20,2.0,21.0,37.8,230,82,1007.2,25,37939.40
2021-03-05,51,30.4,28.0,29.0,0.60,0.60,6.0,22.4,41.4,226,82,1007.4,54,37075.06
2021-03-06,51,30.9,27.7,29.0,0.70,0.70,6.0,23.1,41.8,228,81,1009.3,85,33912.99
2021-03-07,51,29.8,27.4,28.4,1.70,1.70,10.0,23.7,38.5,228,84,1009.6,78,33830.88
2021-03-08,51,30.6,27.6,28.9,0.30,0.30,3.0,23.2,39.6,228,81,1008.2,46,36792.86
2021-03-09,51,29.6,27.6,28.6,1.20,1.20,9.0,21.3,37.4,223,82,1007.4,54,36939.04
2021-03-10,61,30.3,27.0,28.4,3.80,3.80,11.0,23.6,42.5,232,82,1007.4,74,36038.47
2021-03-11,61,29.7,26.5,28.0,4.60,4.60,9.0,22.0,39.6,222,83,1007.5,97,28894.93
2021-03-12,61,30.4,25.4,28.2,3.50,3.50,5.0,22.2,38.5,235,83,1007.3,84,32499.34
2021-03-13,65,30.2,25.2,27.8,13.40,13.40,11.0,18.8,34.6,243,84,1008.2,92,31627.72
2021-03-14,65,28.1,25.1,27.0,11.50,11.50,8.0,20.3,34.9,239,86,1009.7,100,1674.65
2021-03-15,3,30.1,26.9,28.1,0.00,0.00,0.0,21.8,38.2,217,77,1008.2,74,32454.33
2021-03-16,51,29.9,27.4,28.4,0.10,0.10,1.0,20.7,38.5,222,79,1007.8,77,37075.41
2021-03-17,63,29.6,26.3,27.6,8.00,8.00,11.0,22.7,40.0,221,82,1008.4,96,23367.74
2021-03-18,51,29.2,25.8,27.4,0.70,0.70,7.0,20.9,37.1,231,83,1009.0,94,31776.98
2021-03-19,3,29.1,25.0,27.3,0.00,0.00,0.0,14.8,28.4,201,83,1008.6,99,33266.36
2021-03-20,51,29.7,25.5,27.6,0.10,0.10,1.0,15.8,31.0,199,81,1008.6,75,37829.99
2021-03-21,3,30.1,26.9,28.3,0.00,0.00,0.0,21.9,38.9,216,78,1008.0,45,38450.20
2021-03-22,63,29.9,26.7,27.8,13.60,13.60,8.0,23.7,42.5,227,83,1007.8,78,32069.22
2021-03-23,63,29.4,26.4,27.4,12.50,12.50,14.0,22.6,39.2,233,83,1009.8,100,14416.70
2021-03-24,63,29.1,26.3,27.3,4.80,4.80,5.0,17.6,32.4,233,84,1010.8,88,17833.89
2021-03-25,55,28.6,26.6,27.5,3.60,3.60,12.0,21.9,37.4,204,82,1010.7,85,29071.32
2021-03-26,3,30.1,24.7,27.5,0.00,0.00,0.0,20.5,35.6,191,84,1008.9,63,39083.03
2021-03-27,51,29.9,27.2,28.4,0.40,0.40,4.0,15.2,29.2,215,79,1009.1,81,38452.93
2021-03-28,51,29.2,26.6,27.8,0.30,0.30,3.0,16.1,37.8,227,83,1009.2,28,39001.80
2021-03-29,51,29.9,26.4,27.9,0.20,0.20,2.0,24.5,41.8,216,84,1009.3,23,39538.38
2021-03-30,51,30.3,26.6,28.1,0.10,0.10,1.0,20.0,37.1,225,82,1008.7,89,39030.78
2021-03-31,3,30.5,27.7,28.8,0.00,0.00,0.0,20.6,36.4,217,79,1007.9,70,38286.37
2021-04-01,51,30.3,27.6,28.6,0.50,0.50,4.0,19.9,33.8,203,81,1008.6,36,39179.95
2021-04-02,51,30.2,27.7,28.6,1.30,1.30,5.0,17.8,40.0,206,82,1009.1,40,39272.92
2021-04-03,53,30.0,27.8,28.6,1.00,1.00,4.0,16.3,34.2,209,82,1008.9,54,39410.73
2021-04-04,51,30.7,27.7,28.9,0.20,0.20,2.0,18.3,34.6,221,80,1008.6,58,39297.55
2021-04-05,51,30.8,27.9,29.0,1.00,1.00,6.0,21.6,40.0,227,79,1008.7,40,38499.34
2021-04-06,51,30.7,27.7,29.0,0.10,0.10,1.0,20.4,38.2,223,80,1008.6,35,39518.42
2021-04-07,51,30.7,27.9,29.0,0.30,0.30,3.0,18.0,35.6,213,81,1008.5,40,39937.71
2021-04-08,51,30.7,28.2,29.2,1.30,1.30,6.0,22.5,41.4,219,80,1008.7,82,38229.27
2021-04-09,51,30.8,27.9,29.0,0.70,0.70,5.0,22.2,40.3,219,79,1008.0,53,39915.14
2021-04-10,51,30.2,26.9,28.5,0.10,0.10,1.0,19.7,36.4,219,81,1007.2,54,38768.83
2021-04-11,3,30.4,26.9,28.5,0.00,0.00,0.0,19.9,36.0,221,81,1007.8,52,40473.28
2021-04-12,51,32.3,26.3,28.9,0.60,0.60,2.0,20.2,37.8,218,79,1009.3,75,38955.70
2021-04-13,3,31.3,27.8,29.2,0.00,0.00,0.0,16.8,33.5,205,76,1010.3,72,39025.70
2021-04-14,51,30.9,28.0,29.0,0.70,0.70,5.0,21.3,40.3,212,77,1009.7,80,39737.82
2021-04-15,3,31.1,27.4,29.0,0.00,0.00,0.0,16.8,33.1,223,76,1008.7,67,40968.25
2021-04-16,55,31.2,27.0,28.8,2.90,2.90,9.0,20.4,37.8,216,75,1007.8,64,29883.52
2021-04-17,55,30.7,27.4,28.6,2.40,2.40,10.0,20.4,37.1,230,79,1008.2,85,39600.00
2021-04-18,63,30.2,26.8,27.7,6.90,6.90,6.0,18.8,38.5,229,83,1009.9,94,20304.47
2021-04-19,51,29.8,25.5,27.6,1.00,1.00,5.0,17.1,31.3,196,82,1009.5,84,36163.87
2021-04-20,51,30.3,26.6,28.1,0.50,0.50,5.0,22.5,43.2,222,84,1008.7,93,32552.83
2021-04-21,3,30.5,27.4,28.7,0.00,0.00,0.0,18.8,34.2,219,81,1008.6,76,40094.59
2021-04-22,3,31.6,27.4,28.9,0.00,0.00,0.0,18.1,32.8,213,81,1008.9,68,38639.40
2021-04-23,61,30.5,26.5,28.8,2.70,2.70,3.0,20.6,37.4,217,81,1008.7,81,33663.21
2021-04-24,53,30.2,28.2,28.9,2.20,2.20,9.0,21.1,37.1,215,79,1008.6,92,23048.48
2021-04-25,51,30.4,27.5,28.7,0.50,0.50,5.0,20.1,36.4,211,80,1008.6,92,38401.03
2021-04-26,51,30.8,27.9,29.0,0.30,0.30,2.0,17.2,32.8,222,79,1008.5,47,41778.43
2021-04-27,51,30.6,27.7,28.8,0.60,0.60,3.0,20.4,38.9,225,80,1007.4,68,34678.38
2021-04-28,51,30.1,27.4,28.2,1.00,1.00,6.0,18.5,36.4,210,80,1008.3,81,36612.17
2021-04-29,3,30.3,25.8,27.9,0.00,0.00,0.0,14.8,30.6,224,81,1008.6,89,41730.96
2021-04-30,3,30.7,27.4,28.7,0.00,0.00,0.0,17.1,33.8,209,78,1008.4,86,41559.60
2021-05-01,3,31.4,27.6,29.2,0.00,0.00,0.0,18.6,36.7,224,76,1008.2,55,41803.79
2021-05-02,51,31.2,28.3,29.4,0.20,0.20,2.0,19.7,37.1,219,75,1008.0,74,38982.02
2021-05-03,53,30.3,26.8,28.1,2.80,2.80,16.0,26.4,47.2,216,82,1008.4,72,39400.77
2021-05-04,55,28.7,26.1,27.5,2.20,2.20,9.0,24.6,42.5,230,83,1009.2,98,11999.59
2021-05-05,51,29.9,26.8,28.2,0.10,0.10,1.0,22.5,40.0,235,83,1009.0,90,30925.36
2021-05-06,55,29.5,25.7,27.7,4.30,4.30,11.0,23.3,39.6,225,81,1010.7,95,34596.64
2021-05-07,61,29.5,26.0,27.5,3.40,3.40,8.0,21.4,38.2,234,84,1011.8,85,33663.27
2021-05-08,65,27.5,24.9,26.3,33.50,33.50,14.0,21.6,37.1,243,87,1012.6,93,4357.89
2021-05-09,53,28.2,25.5,26.7,2.30,2.30,9.0,15.4,29.2,224,85,1011.7,98,13365.42
2021-05-10,51,29.3,25.4,27.4,1.20,1.20,6.0,13.7,27.4,177,82,1011.5,63,42897.33
2021-05-11,51,29.5,26.7,28.0,0.10,0.10,1.0,18.4,34.2,216,80,1011.1,30,41595.81
2021-05-12,51,29.3,27.0,28.1,0.70,0.70,4.0,22.0,40.0,224,77,1011.0,34,41597.60
2021-05-13,51,29.8,27.3,28.3,0.60,0.60,4.0,22.2,40.3,221,78,1010.0,52,42818.50
2021-05-14,51,29.7,26.6,27.9,0.60,0.60,5.0,15.0,29.5,208,83,1009.3,36,42925.48
2021-05-15,61,29.9,27.0,28.3,2.70,2.70,5.0,17.1,33.1,219,82,1009.5,44,42933.64
2021-05-16,51,29.2,26.3,27.7,1.10,1.10,10.0,18.9,35.6,225,85,1009.6,69,41847.30
2021-05-17,55,29.7,26.9,28.0,2.50,2.50,9.0,17.4,32.8,226,82,1009.9,82,38144.41
2021-05-18,63,28.3,26.5,27.6,5.60,5.60,8.0,15.4,28.1,218,84,1011.0,93,16726.38
2021-05-19,53,29.6,26.1,27.8,2.00,2.00,8.0,19.6,35.3,225,84,1011.0,38,40865.87
2021-05-20,63,29.3,26.8,27.8,6.00,6.00,10.0,19.8,40.0,223,82,1011.4,81,39057.20
2021-05-21,61,29.6,26.9,28.0,1.90,1.90,4.0,19.6,38.2,222,81,1011.4,49,42990.13
2021-05-22,53,29.5,26.3,27.3,0.70,0.70,3.0,19.3,36.7,233,83,1011.8,85,21600.00
2021-05-23,51,29.9,25.4,27.5,0.10,0.10,1.0,13.3,28.8,176,83,1011.6,46,42343.70
2021-05-24,3,29.8,26.6,28.2,0.00,0.00,0.0,14.8,29.2,195,79,1011.1,51,43022.12
2021-05-25,51,29.8,27.1,28.3,1.30,1.30,11.0,18.2,35.3,218,82,1010.6,45,43033.18
2021-05-26,51,29.9,26.9,28.3,1.30,1.30,9.0,22.2,39.2,225,82,1010.7,30,42591.14
2021-05-27,53,29.6,26.6,28.1,2.50,2.50,16.0,22.3,39.6,218,83,1010.4,62,42342.40
2021-05-28,51,29.9,26.5,27.9,2.30,2.30,13.0,14.8,28.8,208,83,1010.1,51,43067.32
2021-05-29,55,29.5,27.2,28.1,2.40,2.40,9.0,16.9,31.3,197,83,1009.8,84,39494.53
2021-05-30,53,29.1,26.4,27.6,4.40,4.40,13.0,16.1,29.5,219,86,1008.8,85,34828.24
2021-05-31,53,28.9,26.2,27.6,3.50,3.50,12.0,23.5,40.3,228,84,1009.7,94,30270.74
2021-06-01,51,28.8,27.0,27.6,0.20,0.20,1.0,16.6,34.2,229,83,1010.0,81,11023.53
2021-06-02,51,29.6,26.5,27.9,0.70,0.70,4.0,15.1,29.5,204,83,1010.5,63,39832.25
2021-06-03,3,29.8,26.9,28.2,0.00,0.00,0.0,19.5,35.6,213,81,1010.7,48,40651.60
2021-06-04,53,29.6,26.8,27.5,3.70,3.70,14.0,17.3,33.5,219,83,1010.7,73,23717.87
2021-06-05,63,28.5,25.2,27.0,18.00,18.00,10.0,13.8,31.0,219,82,1011.1,87,34126.28
2021-06-06,51,29.5,26.1,27.6,0.60,0.60,3.0,16.1,31.0,211,80,1010.2,48,43068.46
2021-06-07,53,28.8,26.4,27.6,1.70,1.70,2.0,14.4,31.7,198,80,1010.0,37,43200.00
2021-06-08,63,29.6,25.1,27.1,9.60,9.60,7.0,15.4,38.5,223,85,1010.1,55,24658.93
2021-06-09,61,29.8,24.2,26.8,2.60,2.60,6.0,17.9,31.0,171,85,1010.2,85,34854.28
2021-06-10,51,28.6,25.5,27.1,0.50,0.50,2.0,12.2,21.6,215,85,1009.5,90,20501.29
2021-06-11,61,29.5,26.1,27.4,4.00,4.00,7.0,19.3,36.4,235,85,1009.8,68,36000.00
2021-06-12,53,29.2,26.4,27.8,1.70,1.70,8.0,15.8,29.5,194,83,1011.5,87,35863.45
2021-06-13,51,29.6,24.9,27.4,0.10,0.10,1.0,15.8,28.8,191,83,1011.7,92,38572.04
2021-06-14,51,29.6,26.8,28.0,0.60,0.60,6.0,17.0,31.3,227,81,1011.7,75,37487.50
2021-06-15,63,29.7,27.6,28.4,6.60,6.60,5.0,24.2,44.6,229,81,1011.3,72,42049.00
2021-06-16,63,30.3,26.4,27.9,7.20,7.20,6.0,24.9,41.4,249,79,1011.3,87,23667.24
2021-06-17,61,29.9,25.7,27.5,2.50,2.50,4.0,17.2,30.6,237,81,1013.0,74,39600.00
2021-06-18,61,28.8,25.6,26.9,7.70,7.70,17.0,19.8,34.2,217,84,1012.8,73,39411.26
2021-06-19,53,28.3,25.9,27.0,2.70,2.70,9.0,18.7,32.0,227,84,1012.3,80,35634.62
2021-06-20,63,27.3,24.8,25.9,32.50,32.50,22.0,16.0,29.2,203,87,1012.8,98,694.68
2021-06-21,63,27.1,24.6,25.7,19.90,19.90,20.0,22.7,39.2,246,88,1013.2,99,14458.33
2021-06-22,61,28.4,24.5,26.3,3.40,3.40,10.0,19.0,34.6,252,84,1012.1,88,37001.87
2021-06-23,63,27.2,24.8,25.7,18.90,18.90,22.0,17.4,30.2,230,87,1011.6,99,5376.53
2021-06-24,53,26.9,24.6,25.7,4.00,4.00,15.0,11.9,23.4,194,87,1011.8,95,27075.63
2021-06-25,61,28.4,24.7,26.5,4.30,4.30,10.0,15.3,27.4,234,86,1011.5,71,41421.54
2021-06-26,63,27.0,23.7,25.3,23.20,23.20,15.0,15.5,25.6,267,89,1011.1,94,0.00
2021-06-27,51,27.9,23.2,25.7,0.20,0.20,2.0,12.2,22.7,186,85,1010.6,69,35822.89
2021-06-28,55,28.2,24.8,26.4,3.60,3.60,8.0,22.6,38.9,224,85,1012.2,44,43200.00
2021-06-29,63,28.1,24.5,26.4,8.60,8.60,15.0,17.6,31.7,239,85,1013.5,94,27815.00
2021-06-30,61,27.1,25.5,26.3,4.50,4.50,12.0,16.5,32.4,235,86,1013.5,68,39952.63
2021-07-01,53,28.3,25.1,26.5,3.30,3.30,12.0,16.9,32.0,233,85,1013.0,91,38224.99
2021-07-02,61,27.4,24.8,26.1,11.80,11.80,19.0,20.6,35.6,229,86,1012.5,96,22587.10
2021-07-03,63,27.2,25.0,25.7,21.10,21.10,17.0,20.6,33.5,242,88,1012.8,98,24126.25
2021-07-04,55,27.6,23.7,25.7,2.20,2.20,5.0,19.7,33.8,247,86,1013.5,93,25553.70
2021-07-05,53,28.2,25.0,26.4,1.00,1.00,3.0,18.7,32.8,236,84,1013.7,75,43200.00
2021-07-06,51,27.7,25.7,26.5,1.10,1.10,7.0,23.0,40.7,231,84,1012.8,58,43200.00
2021-07-07,51,27.5,25.9,26.4,1.60,1.60,7.0,22.1,38.9,232,85,1011.2,94,32829.95
2021-07-08,61,26.8,25.3,25.9,5.10,5.10,20.0,20.8,36.7,219,87,1012.8,85,37217.39
2021-07-09,61,26.4,24.5,25.4,8.40,8.40,18.0,19.6,36.0,225,86,1013.4,92,14805.74
2021-07-10,51,27.3,24.5,25.7,2.20,2.20,12.0,17.4,31.7,233,83,1013.2,68,40989.61
2021-07-11,51,27.0,24.7,25.9,0.40,0.40,3.0,20.0,36.4,231,84,1013.4,43,42167.50
2021-07-12,51,27.2,24.9,26.1,1.00,1.00,6.0,21.1,39.2,230,85,1013.8,64,43200.00
2021-07-13,51,27.5,24.9,25.9,0.40,0.40,4.0,20.6,36.0,234,85,1012.9,90,43200.00
2021-07-14,51,26.9,24.6,25.7,2.20,2.20,15.0,23.2,41.0,230,87,1012.5,79,43200.00
2021-07-15,51,27.3,25.0,26.0,1.60,1.60,10.0,21.6,38.5,240,84,1011.7,84,39600.00
2021-07-16,65,25.7,24.2,24.9,53.30,53.30,22.0,23.4,38.5,218,88,1011.9,96,4836.61
2021-07-17,63,26.5,24.7,25.4,8.90,8.90,18.0,20.1,35.6,223,88,1013.5,91,29865.47
2021-07-18,3,27.0,25.0,25.7,0.00,0.00,0.0,19.1,34.9,231,86,1013.4,95,30306.82
2021-07-19,51,26.7,25.1,25.7,1.40,1.40,12.0,23.2,39.2,234,84,1012.7,83,40551.04
2021-07-20,51,26.7,24.8,25.5,2.90,2.90,11.0,24.5,42.5,231,84,1013.7,57,25242.42
2021-07-21,51,27.1,25.0,25.7,0.30,0.30,3.0,20.4,36.4,230,83,1015.2,57,41662.69
2021-07-22,51,26.5,25.1,25.7,1.20,1.20,10.0,21.4,36.7,227,82,1015.5,91,36453.50
2021-07-23,51,27.3,24.4,25.6,0.60,0.60,6.0,19.1,34.9,227,84,1014.5,77,42555.46
2021-07-24,51,26.7,24.8,25.6,0.70,0.70,6.0,21.4,37.8,232,84,1013.6,51,43200.00
2021-07-25,3,26.8,24.9,25.6,0.00,0.00,0.0,22.3,40.0,230,83,1013.1,62,39632.44
2021-07-26,51,26.3,24.7,25.4,0.30,0.30,3.0,26.3,44.6,231,81,1012.8,82,38002.06
2021-07-27,51,27.0,25.0,25.8,0.20,0.20,1.0,25.0,42.8,230,78,1012.5,89,37996.41
2021-07-28,51,26.9,24.6,25.6,0.40,0.40,4.0,20.0,37.8,225,82,1012.5,72,43200.00
2021-07-29,51,27.1,24.0,25.4,0.20,0.20,2.0,20.9,38.2,230,86,1012.8,49,43200.00
2021-07-30,3,27.1,24.8,25.7,0.00,0.00,0.0,20.2,37.8,223,86,1013.0,86,40793.82
2021-07-31,51,27.4,24.9,25.9,1.20,1.20,10.0,21.1,38.9,223,84,1013.7,53,42015.24
2021-08-01,51,27.3,24.4,25.6,1.20,1.20,9.0,20.7,37.4,239,87,1015.2,69,40961.63
2021-08-02,3,26.6,24.9,25.6,0.00,0.00,0.0,18.4,33.5,236,87,1014.3,92,26009.41
2021-08-03,53,27.3,25.1,25.9,1.40,1.40,6.0,21.4,37.8,232,87,1012.8,90,29402.81
2021-08-04,63,27.1,25.1,25.7,10.90,10.90,19.0,25.0,43.9,230,85,1013.7,89,38875.29
2021-08-05,61,26.7,24.2,25.4,8.60,8.60,14.0,19.6,35.3,228,87,1015.3,86,39098.04
2021-08-06,51,27.2,24.6,25.7,0.30,0.30,3.0,19.3,36.7,243,87,1014.7,80,37285.67
2021-08-07,51,27.0,24.7,25.6,0.40,0.40,4.0,24.4,42.5,242,88,1013.8,91,27747.57
2021-08-08,53,26.5,24.3,25.4,7.40,7.40,20.0,25.6,43.6,237,88,1013.4,94,21035.61
2021-08-09,53,26.7,24.4,25.4,2.80,2.80,13.0,24.3,43.6,231,87,1014.3,65,42183.86
2021-08-10,53,26.3,24.3,25.0,2.60,2.60,14.0,21.2,37.4,234,89,1013.6,89,30270.28
2021-08-11,51,26.4,24.2,25.1,0.20,0.20,2.0,23.4,41.8,234,88,1012.5,57,43200.00
2021-08-12,53,26.4,24.0,25.2,2.90,2.90,18.0,22.4,39.2,218,88,1012.8,60,42512.24
2021-08-13,51,26.6,24.6,25.4,1.50,1.50,14.0,21.9,39.2,225,86,1013.4,78,38579.24
2021-08-14,51,26.7,24.7,25.4,0.60,0.60,6.0,21.7,38.5,228,85,1012.3,65,38199.29
2021-08-15,51,26.7,24.4,25.4,0.60,0.60,6.0,21.9,41.0,233,85,1011.4,46,43200.00
2021-08-16,51,27.0,24.8,25.6,0.50,0.50,4.0,21.8,38.9,235,84,1011.9,87,38750.63
2021-08-17,55,26.5,24.6,25.4,4.50,4.50,11.0,15.9,28.1,232,86,1013.3,97,9605.23
2021-08-18,51,27.0,24.6,25.5,0.10,0.10,1.0,17.3,33.8,239,86,1013.7,91,27562.84
2021-08-19,53,26.7,24.3,25.4,1.70,1.70,9.0,19.4,40.3,247,88,1011.8,91,20644.04
2021-08-20,61,26.8,24.5,25.3,7.10,7.10,19.0,24.4,45.7,241,86,1010.7,94,13401.96
2021-08-21,61,25.9,24.5,25.0,14.70,14.70,22.0,20.1,34.9,220,88,1011.1,95,10806.19
2021-08-22,61,26.7,23.9,25.2,5.10,5.10,15.0,12.1,26.6,221,87,1011.1,72,36297.55
2021-08-23,51,27.2,23.9,25.5,2.10,2.10,12.0,19.3,34.6,242,89,1010.0,86,39337.69
2021-08-24,61,26.7,24.0,25.4,6.30,6.30,19.0,19.2,36.0,229,87,1009.3,92,24214.45
2021-08-25,53,26.9,24.4,25.6,3.60,3.60,18.0,21.9,38.5,215,87,1009.7,84,27032.50
2021-08-26,51,27.6,24.6,25.8,1.00,1.00,7.0,19.5,33.8,241,87,1011.0,90,33599.63
2021-08-27,51,27.6,25.2,26.2,0.70,0.70,4.0,21.8,38.9,239,85,1012.0,89,30717.32
2021-08-28,61,27.2,24.4,25.8,4.50,4.50,11.0,21.2,38.5,234,87,1011.7,85,38508.43
2021-08-29,53,27.2,25.0,26.0,3.60,3.60,17.0,22.4,40.0,234,86,1010.0,92,28847.16
2021-08-30,65,26.8,24.5,25.4,38.60,38.60,17.0,21.9,38.9,234,88,1010.0,98,10800.00
2021-08-31,51,27.9,24.3,25.8,0.50,0.50,4.0,19.0,33.5,246,88,1010.6,74,35653.13
2021-09-01,53,27.5,25.1,26.2,1.70,1.70,7.0,20.9,37.8,238,88,1010.0,74,39394.26
2021-09-02,65,26.7,24.7,25.3,31.50,31.50,24.0,18.8,35.3,210,89,1010.7,98,16614.13
2021-09-03,63,26.8,24.9,25.4,27.40,27.40,22.0,22.2,38.2,239,89,1011.7,98,10557.21
2021-09-04,63,27.2,24.6,25.5,7.80,7.80,11.0,20.0,34.9,254,88,1011.3,94,30046.39
2021-09-05,51,27.3,24.1,25.6,0.60,0.60,4.0,23.7,40.3,241,88,1011.8,86,31728.37
2021-09-06,51,26.6,25.0,25.6,1.40,1.40,14.0,15.5,29.5,237,89,1011.9,87,16730.74
2021-09-07,51,27.7,24.2,25.7,1.50,1.50,8.0,17.2,32.4,238,88,1011.7,94,33742.48
2021-09-08,51,27.4,25.2,26.0,0.40,0.40,3.0,22.1,39.2,230,86,1010.7,75,38672.39
2021-09-09,51,27.3,25.0,26.1,1.20,1.20,9.0,18.0,34.6,205,88,1011.1,60,41590.20
2021-09-10,51,27.5,25.2,25.9,1.50,1.50,10.0,19.7,36.0,245,88,1012.4,91,30516.08
2021-09-11,61,27.5,24.6,25.8,8.40,8.40,17.0,14.1,24.1,252,89,1012.9,99,11032.83
2021-09-12,51,27.6,24.3,25.9,0.30,0.30,3.0,21.4,38.5,239,89,1011.8,54,42491.84
2021-09-13,63,26.8,24.7,25.6,13.60,13.60,18.0,18.9,34.6,245,89,1011.0,92,8705.57
2021-09-14,53,26.7,24.2,25.4,3.50,3.50,16.0,17.0,31.0,214,88,1010.9,78,39707.51
2021-09-15,61,26.1,24.7,25.3,6.70,6.70,17.0,16.7,31.7,210,88,1012.5,94,23876.96
2021-09-16,53,28.3,24.4,26.0,1.80,1.80,9.0,18.4,32.8,247,88,1013.2,79,34475.15
2021-09-17,61,28.4,25.1,26.2,5.30,5.30,11.0,16.0,30.6,232,89,1012.0,92,23016.58
2021-09-18,63,27.0,24.7,25.9,7.20,7.20,12.0,16.1,31.3,217,87,1011.7,79,37031.60
2021-09-19,51,27.3,25.3,26.2,1.50,1.50,11.0,17.3,32.8,226,85,1011.4,74,41274.68
2021-09-20,51,28.1,25.2,26.3,0.10,0.10,1.0,14.8,30.6,242,85,1011.0,91,34063.43
2021-09-21,63,27.1,25.6,26.2,11.70,11.70,13.0,18.0,31.3,232,86,1010.9,92,20326.22
2021-09-22,63,26.0,24.5,25.1,24.10,24.10,20.0,10.6,20.5,237,89,1011.5,95,0.00
2021-09-23,51,27.9,24.0,26.2,0.50,0.50,4.0,12.6,25.6,206,87,1011.3,59,42030.11
2021-09-24,61,27.7,24.9,26.3,5.40,5.40,13.0,15.8,27.7,224,86,1011.9,83,39280.98
2021-09-25,63,28.3,25.0,26.1,6.60,6.60,11.0,17.0,32.0,234,88,1011.9,87,36000.00
2021-09-26,63,28.7,24.2,25.9,7.40,7.40,9.0,16.5,32.4,195,87,1011.6,76,36625.33
2021-09-27,61,27.6,24.5,25.9,3.50,3.50,8.0,15.1,29.5,223,86,1011.1,72,28800.00
2021-09-28,51,28.0,24.9,26.4,1.40,1.40,10.0,14.5,27.0,219,85,1010.1,63,35669.04
2021-09-29,51,28.0,25.4,26.7,1.20,1.20,7.0,16.6,31.7,217,85,1010.0,52,39600.00
2021-09-30,53,27.8,25.4,26.4,3.60,3.60,16.0,14.4,27.4,233,87,1010.7,92,34744.23
2021-10-01,53,28.0,25.2,26.4,2.80,2.80,13.0,15.3,28.4,227,86,1011.4,99,30989.07
2021-10-02,53,28.4,25.1,26.7,1.50,1.50,4.0,19.4,38.2,236,86,1010.2,54,40426.42
2021-10-03,55,28.3,25.5,26.7,3.70,3.70,12.0,18.1,32.0,228,86,1010.4,56,40102.88
2021-10-04,51,28.3,25.3,26.8,1.20,1.20,9.0,13.8,30.6,213,88,1010.2,73,39886.43
2021-10-05,55,28.7,26.0,27.2,2.80,2.80,13.0,18.2,32.8,225,84,1010.1,54,40133.85
2021-10-06,63,27.1,25.2,26.1,14.60,14.60,20.0,13.7,31.3,187,87,1010.6,99,3542.71
2021-10-07,53,28.4,24.4,26.5,1.40,1.40,6.0,13.8,27.4,238,86,1009.9,75,35122.93
2021-10-08,51,28.7,25.8,27.1,0.50,0.50,3.0,15.9,38.2,230,86,1008.5,89,40411.73
2021-10-09,55,28.7,26.5,27.4,3.20,3.20,12.0,18.7,33.8,235,85,1009.4,80,39600.00
2021-10-10,63,27.9,25.7,26.7,8.50,8.50,11.0,16.3,30.6,220,86,1010.5,89,25082.93
2021-10-11,61,28.8,25.3,27.0,4.60,4.60,11.0,14.4,27.7,227,86,1010.9,77,37321.70
2021-10-12,51,29.1,26.4,27.5,0.30,0.30,3.0,18.4,32.4,234,85,1010.1,58,39639.10
2021-10-13,51,29.2,26.4,27.7,0.20,0.20,2.0,16.9,32.0,225,84,1009.6,37,40249.58
2021-10-14,55,29.0,25.8,27.3,4.10,4.10,13.0,17.5,30.6,214,85,1010.0,61,39600.00
2021-10-15,61,28.1,26.0,27.0,2.20,2.20,5.0,14.8,28.4,215,84,1009.8,44,39600.00
2021-10-16,51,29.1,26.1,27.2,0.50,0.50,5.0,20.8,39.6,228,83,1009.5,32,39819.42
2021-10-17,63,28.9,26.0,27.4,7.30,7.30,13.0,22.7,38.9,231,83,1009.1,63,39600.00
2021-10-18,61,27.1,24.6,25.5,16.30,16.30,24.0,12.4,25.6,221,88,1010.3,100,4098.39
2021-10-19,53,28.0,24.5,26.4,1.10,1.10,5.0,19.4,35.6,247,86,1011.0,85,39600.00
2021-10-20,51,28.4,25.4,26.8,1.20,1.20,6.0,14.6,25.2,238,86,1011.0,100,5227.08
2021-10-21,63,26.7,24.6,25.7,19.10,19.10,14.0,11.2,24.8,223,88,1010.9,100,18986.66
2021-10-22,61,27.7,24.8,25.9,3.40,3.40,10.0,18.2,30.2,223,89,1010.5,97,34780.86
2021-10-23,65,27.0,24.2,25.4,31.30,31.30,23.0,17.9,32.8,187,87,1012.0,99,17911.74
2021-10-24,53,28.0,24.7,26.2,3.50,3.50,16.0,11.2,21.6,217,86,1012.1,86,36000.00
2021-10-25,53,29.1,25.7,27.1,2.40,2.40,7.0,19.6,36.7,237,87,1011.3,56,38122.03
2021-10-26,63,28.2,25.1,26.6,8.20,8.20,7.0,14.8,25.2,210,85,1011.5,87,26669.11
2021-10-27,51,28.2,25.1,26.9,2.70,2.70,11.0,11.3,27.0,186,84,1010.9,87,37176.28
2021-10-28,55,28.1,25.5,26.8,2.30,2.30,9.0,11.3,26.3,207,84,1010.5,66,39405.37
2021-10-29,51,28.9,25.2,27.2,0.30,0.30,3.0,14.0,26.3,217,86,1009.3,82,39600.00
2021-10-30,53,28.4,25.9,27.1,1.20,1.20,6.0,16.5,30.2,231,85,1009.9,83,37099.06
2021-10-31,55,28.7,25.2,27.1,2.20,2.20,5.0,21.1,37.4,223,84,1011.4,91,36000.00
2021-11-01,55,28.9,26.3,27.3,3.10,3.10,6.0,24.7,41.8,232,83,1011.7,59,39600.00
2021-11-02,61,28.3,23.8,26.4,2.00,2.00,3.0,14.8,31.3,217,83,1012.0,86,18107.62
2021-11-03,51,29.0,24.9,27.0,0.10,0.10,1.0,16.1,28.4,210,85,1010.7,72,37748.89
2021-11-04,53,28.4,26.0,27.3,1.70,1.70,9.0,16.9,31.0,203,85,1010.1,41,39600.00
2021-11-05,51,28.9,25.8,27.1,1.30,1.30,5.0,13.5,26.3,211,84,1010.1,64,23463.53
2021-11-06,3,28.9,25.6,27.4,0.00,0.00,0.0,13.6,24.5,205,83,1009.3,90,39600.00
2021-11-07,63,28.7,26.0,27.1,3.50,3.50,7.0,16.6,28.8,200,85,1008.7,89,33468.37
2021-11-08,61,29.9,25.6,27.2,3.50,3.50,9.0,15.3,27.4,203,85,1008.3,86,39600.00
2021-11-09,53,28.9,25.2,27.1,1.80,1.80,7.0,14.8,24.1,197,84,1009.0,100,34885.45
2021-11-10,63,28.3,25.2,26.8,8.80,8.80,10.0,18.7,36.0,200,85,1010.0,98,29060.89
2021-11-11,63,29.2,25.9,27.2,6.30,6.30,12.0,15.2,27.4,219,84,1010.0,80,39597.11
2021-11-12,51,29.0,24.6,26.9,0.20,0.20,2.0,12.7,26.3,225,86,1008.6,54,39600.00
2021-11-13,53,29.1,26.1,27.5,1.60,1.60,6.0,14.0,27.0,216,84,1008.5,20,39600.00
2021-11-14,51,29.5,26.5,27.8,1.60,1.60,9.0,15.9,26.6,220,84,1009.6,58,38020.78
2021-11-15,63,30.0,25.6,27.2,6.50,6.50,8.0,15.1,26.6,208,86,1010.0,92,37028.23
2021-11-16,63,29.2,24.9,27.4,10.50,10.50,9.0,14.9,29.5,221,85,1009.2,87,39600.00
2021-11-17,51,29.7,25.4,28.0,0.80,0.80,3.0,15.5,28.1,215,81,1008.6,82,39600.00
2021-11-18,61,29.1,26.7,27.7,2.60,2.60,2.0,15.4,27.0,201,84,1009.3,57,39600.00
2021-11-19,63,28.3,26.3,27.3,5.00,5.00,8.0,15.1,33.5,209,85,1009.6,51,36838.49
2021-11-20,51,29.7,26.1,27.9,0.10,0.10,1.0,12.8,25.2,201,82,1009.0,47,39600.00
2021-11-21,51,29.6,26.7,28.0,0.30,0.30,2.0,13.4,26.3,199,84,1008.0,18,39600.00
2021-11-22,51,28.9,26.9,27.7,0.80,0.80,7.0,15.9,29.2,221,84,1009.4,43,39600.00
2021-11-23,53,29.5,26.7,27.4,1.40,1.40,5.0,16.5,37.1,210,83,1010.5,29,39201.45
2021-11-24,51,29.5,26.4,27.8,1.20,1.20,5.0,16.5,29.5,214,83,1009.9,49,39600.00
2021-11-25,55,29.4,26.0,27.7,2.00,2.00,5.0,17.9,28.8,207,83,1008.8,38,37428.42
2021-11-26,61,29.2,25.9,27.5,3.10,3.10,9.0,18.0,29.2,208,83,1009.4,47,38138.64
2021-11-27,53,29.2,26.4,27.7,1.70,1.70,7.0,16.2,28.4,211,82,1009.5,63,39600.00
2021-11-28,53,29.0,26.8,27.8,1.20,1.20,6.0,17.9,28.8,215,82,1009.3,62,39431.92
2021-11-29,53,28.6,25.6,27.3,1.00,1.00,4.0,16.5,28.8,213,82,1009.4,66,37460.72
2021-11-30,61,29.5,26.9,27.8,2.80,2.80,4.0,15.4,28.4,209,82,1009.6,60,36592.83
2021-12-01,51,29.4,25.9,27.8,0.20,0.20,2.0,18.5,32.0,224,85,1008.7,59,38315.58
2021-12-02,51,29.6,26.3,27.4,0.80,0.80,4.0,18.1,32.8,227,85,1008.1,49,39600.00
2021-12-03,51,29.4,26.1,27.8,1.50,1.50,5.0,19.7,32.4,222,85,1008.4,56,39600.00
2021-12-04,51,29.8,26.4,28.1,1.10,1.10,6.0,17.4,28.8,210,84,1009.0,84,39600.00
2021-12-05,63,29.2,25.7,27.9,5.80,5.80,4.0,17.8,31.3,224,84,1009.2,91,36000.00
2021-12-06,51,29.6,26.6,28.1,0.50,0.50,3.0,20.2,35.6,226,84,1009.7,76,38141.88
2021-12-07,53,29.2,26.5,27.9,1.20,1.20,5.0,17.2,27.4,211,84,1009.9,94,34555.04
2021-12-08,51,29.2,26.3,27.6,0.30,0.30,2.0,14.5,26.3,214,85,1010.3,24,39337.58
2021-12-09,51,30.1,25.7,27.7,0.10,0.10,1.0,17.3,31.0,200,85,1008.5,10,38368.46
2021-12-10,51,29.9,25.1,27.6,0.40,0.40,4.0,13.2,24.8,213,85,1007.3,50,37416.50
2021-12-11,53,29.6,25.9,27.6,1.20,1.20,4.0,15.5,28.1,217,84,1007.3,46,39131.89
2021-12-12,51,29.9,26.0,27.9,0.40,0.40,4.0,17.7,30.6,215,84,1007.8,63,38332.59
2021-12-13,3,29.8,25.6,27.8,0.00,0.00,0.0,18.7,32.4,229,86,1008.0,59,38612.31
2021-12-14,53,30.0,26.7,28.3,1.50,1.50,3.0,17.2,30.6,224,83,1007.8,35,38564.59
2021-12-15,51,29.9,26.6,28.2,0.70,0.70,6.0,14.9,27.7,222,83,1008.0,77,38740.40
2021-12-16,51,31.5,26.4,28.4,0.20,0.20,2.0,15.2,27.4,207,82,1008.7,55,34229.94
2021-12-17,3,30.2,26.5,28.2,0.00,0.00,0.0,13.4,25.9,184,82,1009.7,43,39113.20
2021-12-18,3,32.4,25.2,28.0,0.00,0.00,0.0,18.1,31.0,109,70,1009.5,60,38715.19
2021-12-19,3,31.3,22.3,26.9,0.00,0.00,0.0,15.8,28.8,108,58,1009.3,74,39600.00
2021-12-20,3,32.3,22.6,27.2,0.00,0.00,0.0,17.3,31.3,99,59,1008.9,58,38862.62
2021-12-21,3,32.3,23.2,27.2,0.00,0.00,0.0,15.4,28.8,105,62,1008.9,92,39189.44
2021-12-22,3,33.2,23.8,27.4,0.00,0.00,0.0,17.3,32.4,135,64,1009.6,91,36229.31
2021-12-23,3,31.7,23.5,27.4,0.00,0.00,0.0,17.0,31.3,207,69,1008.6,93,38024.68
2021-12-24,3,29.8,24.8,27.4,0.00,0.00,0.0,17.4,28.4,209,82,1008.6,48,38292.81
2021-12-25,3,31.1,25.2,27.9,0.00,0.00,0.0,23.5,40.3,220,82,1008.9,90,37994.85
2021-12-26,3,30.2,25.3,27.9,0.00,0.00,0.0,17.8,33.5,218,81,1009.1,74,36289.09
2021-12-27,51,30.2,26.0,27.9,0.60,0.60,3.0,20.0,35.3,207,84,1009.5,64,37571.33
2021-12-28,3,31.0,25.5,27.6,0.00,0.00,0.0,24.1,41.8,211,84,1010.0,69,37330.38
2021-12-29,55,29.1,26.3,27.5,1.60,1.60,4.0,16.9,28.1,199,82,1010.7,79,28994.62
2021-12-30,3,30.4,25.2,27.6,0.00,0.00,0.0,18.5,32.8,189,81,1009.4,24,37354.37
2021-12-31,51,30.0,25.8,27.9,0.50,0.50,5.0,13.3,26.6,209,81,1010.1,68,32320.16
2022-01-01,53,29.6,26.2,27.7,1.30,1.30,3.0,14.8,28.4,197,81,1010.0,72,36678.24
2022-01-02,51,29.8,25.3,27.6,0.80,0.80,5.0,18.4,32.4,203,84,1009.0,67,36627.52
2022-01-03,51,31.7,25.3,27.5,1.00,1.00,3.0,19.9,33.8,213,83,1009.2,78,34884.70
2022-01-04,3,30.2,25.4,27.3,0.00,0.00,0.0,15.6,26.6,196,80,1010.1,99,23916.14
2022-01-05,3,30.3,25.1,27.7,0.00,0.00,0.0,16.9,27.7,149,75,1009.7,82,34065.38
2022-01-06,3,30.6,24.2,27.7,0.00,0.00,0.0,19.0,34.2,206,75,1008.7,35,36803.43
2022-01-07,1,30.3,25.9,28.1,0.00,0.00,0.0,17.1,31.0,217,81,1009.1,11,36544.27
2022-01-08,53,30.2,25.5,27.9,0.90,0.90,2.0,15.6,29.9,218,80,1009.1,35,36106.78
2022-01-09,61,31.5,25.8,28.1,1.90,1.90,4.0,19.6,35.6,218,82,1008.6,82,36090.65
2022-01-10,3,30.2,25.1,27.6,0.00,0.00,0.0,17.2,29.2,217,82,1007.8,78,36519.74
2022-01-11,51,30.1,26.0,28.0,0.50,0.50,3.0,16.8,31.0,212,80,1008.3,74,36000.00
2022-01-12,51,30.6,27.1,28.5,0.10,0.10,1.0,20.7,32.8,225,81,1009.7,90,35113.56
2022-01-13,63,27.7,24.9,26.8,5.00,5.00,7.0,18.8,35.6,215,86,1011.4,99,14552.73
2022-01-14,51,29.3,26.0,27.7,0.80,0.80,7.0,18.8,33.8,209,83,1011.4,84,33923.49
2022-01-15,51,29.7,25.9,27.7,0.30,0.30,3.0,21.4,36.0,225,84,1010.3,93,34173.60
2022-01-16,51,29.8,26.1,27.8,0.10,0.10,1.0,20.3,34.9,226,82,1011.0,100,34793.38
2022-01-17,3,29.3,24.5,27.2,0.00,0.00,0.0,16.9,31.0,220,82,1011.8,57,36461.43
2022-01-18,53,30.5,24.7,27.5,1.00,1.00,5.0,17.3,32.0,205,80,1011.9,90,36197.91
2022-01-19,61,31.0,23.5,26.8,3.50,3.50,5.0,18.0,33.1,139,80,1011.4,71,32583.09
2022-01-20,3,31.5,23.9,27.1,0.00,0.00,0.0,15.6,27.7,110,65,1010.6,89,36419.70
2022-01-21,3,31.5,22.5,26.5,0.00,0.00,0.0,14.9,26.3,110,61,1010.3,69,37396.82
2022-01-22,0,31.5,22.7,26.8,0.00,0.00,0.0,17.7,29.9,147,70,1010.2,0,37630.82
2022-01-23,3,31.1,24.4,27.0,0.00,0.00,0.0,17.3,30.6,201,77,1009.9,18,36603.61
2022-01-24,51,30.4,24.0,26.9,0.20,0.20,2.0,17.4,30.2,235,79,1009.1,17,37357.80
2022-01-25,51,31.5,24.0,27.1,0.10,0.10,1.0,16.2,29.9,235,71,1008.3,22,37589.83
2022-01-26,1,31.3,22.3,26.5,0.00,0.00,0.0,14.4,28.8,107,60,1008.6,2,38065.95
2022-01-27,3,30.3,23.5,26.7,0.00,0.00,0.0,16.6,28.4,193,80,1009.1,15,37315.96
2022-01-28,3,31.0,24.7,27.4,0.00,0.00,0.0,17.3,30.6,174,82,1009.0,68,37301.66
2022-01-29,3,33.6,24.6,27.5,0.00,0.00,0.0,19.2,36.7,133,72,1009.2,88,37518.65
2022-01-30,3,31.3,22.0,26.4,0.00,0.00,0.0,15.4,27.7,118,65,1009.7,89,37027.92
2022-01-31,3,30.5,21.2,26.1,0.00,0.00,0.0,17.8,34.6,115,66,1009.0,50,38473.92
2022-02-01,3,31.5,22.5,26.5,0.00,0.00,0.0,16.5,29.9,225,69,1009.2,55,38214.20
2022-02-02,3,29.7,22.5,26.1,0.00,0.00,0.0,17.9,31.7,224,74,1009.6,18,37954.72
2022-02-03,51,30.9,24.9,27.3,0.40,0.40,3.0,19.1,33.8,202,81,1010.5,35,34095.29
2022-02-04,51,29.9,25.3,27.6,0.50,0.50,5.0,18.9,31.7,202,81,1010.6,18,37437.77
2022-02-05,2,30.5,25.1,27.5,0.00,0.00,0.0,19.6,35.6,198,82,1009.8,19,37663.55
2022-02-06,2,30.6,25.0,27.6,0.00,0.00,0.0,18.1,33.5,192,80,1009.5,19,37888.57
2022-02-07,51,30.1,25.3,27.7,0.10,0.10,1.0,16.9,31.0,199,81,1009.3,31,37631.14
2022-02-08,3,30.9,25.9,28.2,0.00,0.00,0.0,20.6,37.8,214,78,1009.2,33,37614.98
2022-02-09,51,30.7,26.2,28.2,0.20,0.20,2.0,21.6,38.2,217,81,1009.1,36,37598.86
2022-02-10,2,30.6,26.1,28.1,0.00,0.00,0.0,19.7,36.0,218,83,1008.1,29,37582.84
2022-02-11,51,30.7,26.1,28.0,0.20,0.20,2.0,18.8,31.0,218,83,1007.3,33,38045.77
2022-02-12,51,29.2,26.2,27.4,0.40,0.40,4.0,20.2,36.7,221,84,1008.3,58,38028.93
2022-02-13,51,30.5,26.3,28.1,0.60,0.60,4.0,17.9,34.2,227,81,1009.0,53,37348.10
2022-02-14,51,30.7,26.5,28.2,0.90,0.90,6.0,19.5,35.3,230,82,1008.6,48,37996.04
2022-02-15,51,30.8,26.7,28.4,0.40,0.40,4.0,22.1,34.6,224,83,1008.9,44,38455.26
2022-02-16,51,29.9,27.1,28.2,0.20,0.20,2.0,21.1,34.6,217,81,1009.1,54,37562.81
2022-02-17,51,29.7,26.5,27.5,1.30,1.30,7.0,17.8,32.8,222,83,1007.9,59,37286.88
2022-02-18,3,30.5,26.6,28.2,0.00,0.00,0.0,21.1,37.8,228,81,1007.5,64,32935.40
2022-02-19,51,29.2,26.3,27.5,1.20,1.20,4.0,23.8,39.6,223,84,1008.7,84,37675.36
2022-02-20,51,29.3,26.3,27.4,0.80,0.80,5.0,20.2,34.6,209,84,1009.7,91,32030.02
2022-02-21,51,29.7,26.1,27.6,0.20,0.20,2.0,16.1,31.0,227,84,1009.4,85,30181.27
2022-02-22,53,30.1,26.1,28.0,0.80,0.80,2.0,20.6,33.8,226,84,1009.3,72,37526.12
2022-02-23,51,30.3,27.2,28.2,0.30,0.30,3.0,20.7,35.3,223,82,1010.0,50,37764.68
2022-02-24,53,29.9,26.7,28.1,1.00,1.00,4.0,18.9,34.9,224,83,1009.4,62,37124.86
2022-02-25,2,30.7,26.5,28.3,0.00,0.00,0.0,18.8,35.3,223,82,1008.6,25,38049.99
2022-02-26,51,30.7,26.6,28.4,0.20,0.20,2.0,21.6,36.0,218,83,1008.0,47,37564.58
2022-02-27,51,30.4,26.4,28.3,1.00,1.00,8.0,22.2,40.0,225,81,1008.9,47,37505.92
2022-02-28,3,30.9,27.0,28.5,0.00,0.00,0.0,21.3,39.2,224,79,1008.8,53,37299.91
2022-03-01,3,30.8,27.5,28.8,0.00,0.00,0.0,21.0,38.5,226,78,1008.3,54,37987.61
2022-03-02,51,30.5,27.3,28.5,0.40,0.40,2.0,22.2,38.5,231,79,1008.3,92,33202.93
2022-03-03,53,30.3,26.5,28.1,1.00,1.00,5.0,21.6,39.2,224,81,1008.5,76,36462.39
2022-03-04,65,30.6,25.5,28.1,14.50,14.50,9.0,22.0,38.5,224,80,1008.1,89,32305.39
2022-03-05,51,30.1,25.6,27.7,0.50,0.50,3.0,19.6,34.6,228,83,1007.8,79,33886.34
2022-03-06,3,29.9,27.3,28.1,0.00,0.00,0.0,19.5,35.3,222,82,1007.5,81,36282.91
2022-03-07,3,30.4,27.4,28.5,0.00,0.00,0.0,16.7,31.7,220,81,1007.0,63,37668.13
2022-03-08,3,30.9,27.7,28.9,0.00,0.00,0.0,18.6,34.2,220,78,1006.3,90,37654.49
2022-03-09,3,30.8,27.6,28.9,0.00,0.00,0.0,24.4,38.9,223,81,1005.9,92,37641.01
2022-03-10,55,30.7,27.5,28.5,1.90,1.90,5.0,23.0,42.8,214,83,1006.7,97,28482.29
2022-03-11,63,30.8,25.8,28.4,4.60,4.60,6.0,22.7,38.2,206,79,1007.4,81,33408.87
2022-03-12,63,29.5,25.3,27.6,10.70,10.70,11.0,19.1,33.5,208,82,1008.2,100,13625.48
2022-03-13,65,29.9,26.3,28.0,13.20,13.20,7.0,16.6,38.2,219,83,1007.6,92,32796.55
2022-03-14,63,30.0,25.9,28.0,3.20,3.20,3.0,22.7,36.0,221,82,1007.5,96,27897.96
2022-03-15,61,30.1,26.6,28.1,5.80,5.80,9.0,22.8,35.6,221,82,1008.9,100,30258.10
2022-03-16,51,29.9,27.0,28.2,2.30,2.30,11.0,21.1,33.1,217,81,1008.8,97,35449.52
2022-03-17,53,30.2,27.3,28.6,0.60,0.60,2.0,19.3,33.1,217,81,1007.7,82,37498.28
2022-03-18,51,30.3,27.4,28.6,0.70,0.70,6.0,19.6,34.9,221,82,1007.4,68,37451.27
2022-03-19,51,30.1,27.4,28.6,1.10,1.10,9.0,21.6,37.4,219,82,1008.1,60,37422.96
2022-03-20,51,30.4,27.2,28.5,1.00,1.00,9.0,22.7,39.6,222,82,1008.8,76,37203.33
2022-03-21,51,30.4,27.2,28.7,0.60,0.60,5.0,21.9,39.2,226,80,1008.6,97,37335.50
2022-03-22,63,29.5,25.2,28.0,5.50,5.50,4.0,20.2,35.6,225,79,1008.5,97,23934.39
2022-03-23,51,30.2,27.4,28.7,0.30,0.30,3.0,20.7,37.4,220,80,1008.5,100,32022.37
2022-03-24,63,30.6,26.2,28.3,3.60,3.60,4.0,19.1,34.2,217,80,1008.1,100,30501.47
2022-03-25,3,31.1,26.7,28.7,0.00,0.00,0.0,17.6,34.2,216,79,1007.4,74,38244.44
2022-03-26,3,30.7,27.5,28.8,0.00,0.00,0.0,17.2,31.0,214,80,1007.6,68,32699.95
2022-03-27,51,30.6,27.4,28.8,0.30,0.30,3.0,20.1,36.0,222,82,1008.7,62,38859.78
2022-03-28,51,30.2,27.5,28.5,1.00,1.00,6.0,23.0,38.9,221,83,1009.1,76,37541.36
2022-03-29,53,30.7,27.7,29.0,3.20,3.20,12.0,20.9,36.7,212,80,1007.7,58,38472.15
2022-03-30,51,29.5,27.4,28.2,0.90,0.90,5.0,16.7,32.8,213,81,1006.2,67,39549.61
2022-03-31,51,31.0,27.5,29.1,0.40,0.40,4.0,19.6,36.7,221,79,1006.6,73,39507.95
2022-04-01,63,29.5,26.1,27.9,8.50,8.50,13.0,24.1,40.0,224,83,1008.4,89,29143.05
2022-04-02,51,30.1,26.1,27.9,1.40,1.40,7.0,21.6,37.4,211,82,1009.0,96,20940.43
2022-04-03,51,30.2,27.5,28.6,0.10,0.10,1.0,21.9,37.8,224,80,1008.4,99,38384.41
2022-04-04,53,29.7,26.5,27.9,2.60,2.60,10.0,23.2,40.3,215,83,1008.9,98,31399.56
2022-04-05,51,30.4,27.3,28.5,0.90,0.90,8.0,17.6,33.5,212,82,1009.1,78,38455.10
2022-04-06,51,29.5,27.1,27.9,0.60,0.60,5.0,18.9,33.1,216,84,1008.6,98,12832.13
2022-04-07,51,30.3,27.1,28.3,0.80,0.80,5.0,21.3,37.8,214,81,1008.9,49,39251.10
2022-04-08,51,29.8,27.4,28.3,0.40,0.40,4.0,23.9,43.9,226,81,1008.9,84,31206.20
2022-04-09,51,29.7,26.5,27.6,0.20,0.20,2.0,17.7,30.2,208,82,1008.4,100,21469.14
2022-04-10,51,29.9,25.5,27.7,0.20,0.20,2.0,14.4,28.4,201,84,1007.3,70,38391.20
2022-04-11,2,30.8,26.6,28.6,0.00,0.00,0.0,17.6,31.7,213,79,1007.3,31,41221.92
2022-04-12,63,29.1,25.9,27.4,10.70,10.70,13.0,20.8,34.6,205,84,1007.8,100,24544.37
2022-04-13,53,28.3,25.1,27.0,3.40,3.40,12.0,15.7,29.2,193,84,1007.6,95,24096.82
2022-04-14,65,29.2,26.6,27.4,11.40,11.40,7.0,19.9,35.3,213,84,1008.1,85,32355.76
2022-04-15,51,29.9,26.7,28.1,0.70,0.70,3.0,15.5,27.4,209,80,1008.7,99,35437.23
2022-04-16,65,30.0,24.3,27.3,11.00,11.00,7.0,16.9,30.6,234,82,1009.2,89,37904.46
2022-04-17,53,30.2,25.9,28.1,1.60,1.60,7.0,19.7,34.6,234,83,1008.0,94,35437.27
2022-04-18,63,28.3,24.9,26.4,7.90,7.90,13.0,13.7,22.3,234,85,1009.3,100,7132.23
2022-04-19,3,30.1,26.3,28.0,0.00,0.00,0.0,14.9,28.1,188,80,1010.0,96,37277.89
2022-04-20,51,29.8,26.6,28.2,0.60,0.60,4.0,17.1,29.9,221,82,1009.2,73,40833.95
2022-04-21,55,29.0,26.8,27.8,3.30,3.30,8.0,15.8,26.3,251,83,1009.1,100,8266.16
2022-04-22,3,29.7,26.3,28.0,0.00,0.00,0.0,14.8,28.4,212,80,1008.5,57,41281.40
2022-04-23,3,29.5,27.0,28.2,0.00,0.00,0.0,22.3,38.2,230,80,1008.2,84,40575.36
2022-04-24,53,29.9,26.1,27.8,1.80,1.80,4.0,19.2,35.3,222,84,1008.2,100,17106.25
2022-04-25,51,30.0,25.8,28.1,0.30,0.30,3.0,16.8,29.5,173,78,1008.0,84,39392.92
2022-04-26,51,29.5,25.7,27.6,0.60,0.60,4.0,23.5,40.7,199,82,1008.2,93,25581.00
2022-04-27,63,29.8,25.4,27.6,9.20,9.20,10.0,22.4,39.2,209,81,1008.7,98,24044.89
2022-04-28,61,29.1,24.4,26.6,3.60,3.60,6.0,13.2,23.8,243,83,1009.4,68,19549.41
2022-04-29,3,30.2,25.8,27.8,0.00,0.00,0.0,17.9,31.0,175,81,1009.3,55,39600.00
2022-04-30,53,30.1,25.3,27.5,1.60,1.60,8.0,15.6,29.2,224,83,1010.8,84,39864.60
2022-05-01,51,29.9,27.3,28.3,0.30,0.30,3.0,17.7,33.5,227,81,1011.4,67,39176.52
2022-05-02,51,30.0,27.2,28.3,0.80,0.80,5.0,20.5,36.7,216,80,1010.5,78,41327.26
2022-05-03,3,30.2,25.5,28.0,0.00,0.00,0.0,18.2,34.2,222,82,1009.4,92,38455.31
2022-05-04,63,31.0,26.1,28.0,8.30,8.30,3.0,20.1,43.2,196,78,1010.2,97,33668.22
2022-05-05,51,30.0,25.5,27.7,0.60,0.60,4.0,17.3,32.8,233,82,1010.4,89,33848.91
2022-05-06,63,28.5,25.5,27.4,6.40,6.40,3.0,14.1,27.0,244,82,1010.0,99,14144.81
2022-05-07,51,29.0,25.1,27.0,0.70,0.70,5.0,13.1,23.4,226,84,1010.1,89,30449.69
2022-05-08,51,30.0,26.0,28.1,0.50,0.50,5.0,19.7,33.8,226,83,1008.9,62,42555.01
2022-05-09,63,29.3,26.9,28.1,3.90,3.90,6.0,20.0,34.9,230,82,1009.7,69,41831.79
2022-05-10,61,29.0,26.3,27.8,1.90,1.90,4.0,14.6,26.3,213,84,1009.9,98,32935.27
2022-05-11,61,30.0,27.3,28.3,4.00,4.00,9.0,17.9,32.0,212,81,1010.0,73,42809.49
2022-05-12,61,29.4,26.7,27.8,1.70,1.70,5.0,16.1,27.4,218,84,1010.6,85,32778.16
2022-05-13,51,30.1,26.4,28.2,0.20,0.20,2.0,15.3,31.3,226,84,1010.6,91,39600.00
2022-05-14,51,29.8,26.7,28.2,0.80,0.80,6.0,16.2,28.1,192,81,1010.5,89,41327.60
2022-05-15,51,29.6,26.8,27.8,0.80,0.80,6.0,19.9,36.4,207,82,1010.8,31,42334.15
2022-05-16,51,30.2,26.8,28.3,0.80,0.80,5.0,17.9,31.0,218,81,1011.1,55,41356.94
2022-05-17,51,30.1,27.1,28.0,0.10,0.10,1.0,15.9,29.5,212,83,1010.5,95,31512.30
2022-05-18,53,29.8,26.9,28.2,0.50,0.50,1.0,19.1,34.2,215,80,1009.3,58,42830.96
2022-05-19,61,28.5,25.5,27.0,4.90,4.90,12.0,18.6,38.2,200,83,1010.1,96,39431.62
2022-05-20,61,29.6,26.1,27.4,4.90,4.90,13.0,17.9,31.3,204,82,1011.1,99,41053.20
2022-05-21,65,27.8,25.1,26.4,28.50,28.50,21.0,15.8,27.4,228,86,1012.4,100,6673.93
2022-05-22,63,28.5,24.3,26.4,19.50,19.50,18.0,18.9,32.4,229,85,1012.7,96,20449.10
2022-05-23,63,30.2,24.7,26.6,15.20,15.20,12.0,13.6,29.2,237,84,1011.5,88,28531.38
2022-05-24,55,27.7,25.4,26.5,4.10,4.10,17.0,17.9,31.7,189,84,1012.2,91,7499.38
2022-05-25,63,28.8,24.7,26.5,14.10,14.10,16.0,17.8,31.0,218,83,1013.9,81,40362.59
2022-05-26,63,27.7,24.6,26.4,11.70,11.70,15.0,20.3,34.2,200,83,1014.5,88,33571.92
2022-05-27,53,28.4,24.3,26.5,2.40,2.40,7.0,19.1,33.5,202,84,1013.6,78,36276.70
2022-05-28,51,28.7,26.0,27.4,0.30,0.30,3.0,17.5,31.0,211,83,1011.6,65,31410.59
2022-05-29,51,29.2,26.3,27.5,0.20,0.20,2.0,20.6,34.2,203,82,1010.7,26,43079.06
2022-05-30,51,28.8,25.9,27.2,1.50,1.50,10.0,18.4,33.5,205,82,1010.5,83,41838.82
2022-05-31,55,28.1,25.3,26.7,4.90,4.90,17.0,17.0,31.3,190,84,1010.6,100,27486.82
2022-06-01,51,29.4,24.8,27.0,0.10,0.10,1.0,14.4,27.7,205,84,1009.6,94,35102.56
2022-06-02,51,29.8,26.3,28.0,0.60,0.60,5.0,18.4,33.5,213,81,1008.1,66,43134.59
2022-06-03,63,27.6,25.3,26.6,10.40,10.40,13.0,23.5,40.3,190,86,1008.8,82,15163.67
2022-06-04,61,28.5,25.0,26.6,9.50,9.50,14.0,18.8,33.5,202,84,1010.0,96,38565.03
2022-06-05,63,28.7,23.6,25.6,28.60,28.60,13.0,18.2,32.4,95,88,1010.7,100,7474.46
2022-06-06,63,26.4,23.9,25.5,12.80,12.80,10.0,13.7,26.6,196,87,1011.6,82,37456.06
2022-06-07,51,29.3,24.6,27.0,0.10,0.10,1.0,15.9,27.0,231,84,1011.5,83,39414.97
2022-06-08,63,28.3,25.8,27.0,6.10,6.10,5.0,18.4,33.8,234,85,1011.1,99,28354.62
2022-06-09,61,28.4,25.8,27.2,3.90,3.90,9.0,19.7,34.9,220,82,1009.9,73,43200.00
2022-06-10,61,28.1,24.5,26.5,9.00,9.00,13.0,19.8,35.6,225,84,1010.3,91,28654.13
2022-06-11,63,27.3,23.9,25.5,13.80,13.80,22.0,17.0,29.9,217,86,1011.7,99,13238.55
2022-06-12,51,28.6,24.2,26.3,0.60,0.60,5.0,17.0,30.6,242,84,1012.1,98,40038.38
2022-06-13,51,28.8,25.3,27.0,0.50,0.50,3.0,20.4,34.9,242,82,1011.1,91,38041.41
2022-06-14,63,28.5,24.6,26.6,7.90,7.90,12.0,21.1,36.4,239,84,1010.1,90,34640.83
2022-06-15,63,26.1,24.4,25.3,23.00,23.00,21.0,17.8,31.7,221,87,1010.7,100,1715.24
2022-06-16,65,25.9,23.0,24.7,34.70,34.70,23.0,19.9,34.9,251,90,1011.1,100,3471.76
2022-06-17,61,25.5,24.0,24.8,6.70,6.70,14.0,13.7,25.2,221,88,1011.5,93,17392.36
2022-06-18,63,25.8,23.5,24.8,19.60,19.60,20.0,15.1,28.1,244,89,1012.6,98,19641.08
2022-06-19,51,27.6,23.2,25.5,0.70,0.70,3.0,13.4,24.5,246,86,1012.5,85,29851.07
2022-06-20,51,27.6,25.5,26.5,1.10,1.10,8.0,17.8,29.2,216,83,1012.2,68,42580.34
2022-06-21,61,27.2,24.0,25.5,7.00,7.00,13.0,17.9,32.8,190,84,1012.1,84,34712.18
2022-06-22,61,27.2,23.8,25.1,10.30,10.30,22.0,19.1,33.1,226,87,1011.7,99,15724.76
2022-06-23,53,27.6,24.6,26.1,2.20,2.20,11.0,15.0,26.3,210,84,1011.4,96,34657.72
2022-06-24,63,26.8,24.8,25.6,10.60,10.60,11.0,19.1,33.1,211,85,1011.3,89,20804.74
2022-06-25,51,27.5,24.6,26.2,0.50,0.50,4.0,14.7,27.4,211,82,1011.1,92,32370.34
2022-06-26,55,26.1,24.8,25.5,4.90,4.90,17.0,16.0,26.6,220,86,1011.8,99,7588.29
2022-06-27,51,27.8,25.1,26.4,0.90,0.90,7.0,14.4,26.6,218,86,1011.8,100,34336.91
2022-06-28,63,28.1,24.9,26.4,7.10,7.10,10.0,17.3,31.0,213,85,1011.9,98,34586.36
2022-06-29,61,27.4,25.2,26.0,7.00,7.00,17.0,21.6,37.1,222,87,1012.2,99,17603.98
2022-06-30,63,26.1,24.4,25.1,13.70,13.70,22.0,22.5,37.4,237,87,1011.6,100,13873.17
2022-07-01,63,27.3,24.2,25.4,10.90,10.90,17.0,19.1,36.4,236,85,1011.9,99,30628.62
2022-07-02,51,27.9,24.5,26.0,0.70,0.70,5.0,17.4,30.2,243,80,1013.7,99,26342.55
2022-07-03,51,27.7,24.4,26.0,0.20,0.20,2.0,20.0,33.8,241,82,1013.8,37,43200.00
2022-07-04,61,26.9,25.2,25.9,6.30,6.30,17.0,26.0,41.8,237,84,1013.2,94,38921.00
2022-07-05,63,27.0,24.3,25.4,9.80,9.80,14.0,18.8,31.7,228,85,1013.2,96,27852.43
2022-07-06,51,27.1,24.6,25.7,1.00,1.00,7.0,15.0,28.4,228,87,1012.9,74,37821.90
2022-07-07,55,27.4,25.1,26.0,1.80,1.80,5.0,17.6,32.8,233,86,1013.0,42,43200.00
2022-07-08,61,26.2,24.2,25.3,12.80,12.80,16.0,23.6,39.2,226,86,1013.5,94,13660.97
2022-07-09,61,26.1,23.9,24.8,7.40,7.40,14.0,18.3,31.7,227,88,1013.9,99,9502.17
2022-07-10,53,26.9,24.6,25.6,2.10,2.10,11.0,24.1,40.3,240,85,1012.5,70,43170.80
2022-07-11,51,27.0,24.6,25.7,1.10,1.10,6.0,22.7,39.2,230,82,1011.5,81,40120.74
2022-07-12,51,26.1,24.5,25.1,2.60,2.60,16.0,18.1,31.0,221,84,1013.1,91,11272.11
2022-07-13,53,26.1,25.0,25.4,0.90,0.90,4.0,20.7,33.8,229,83,1013.5,90,29377.89
2022-07-14,51,27.0,25.0,25.7,0.60,0.60,6.0,23.2,41.0,233,83,1012.1,82,43200.00
2022-07-15,51,26.8,24.7,25.7,1.00,1.00,6.0,21.4,36.4,226,84,1011.3,58,43200.00
2022-07-16,51,26.8,24.6,25.6,1.40,1.40,10.0,23.0,38.9,228,84,1011.8,89,35570.77
2022-07-17,53,26.8,24.5,25.4,2.10,2.10,9.0,20.9,36.4,214,85,1013.0,71,42098.08
2022-07-18,51,26.3,23.8,25.0,1.20,1.20,6.0,23.0,39.2,231,86,1013.4,46,43200.00
2022-07-19,51,26.7,24.3,25.3,0.50,0.50,3.0,23.7,41.0,227,81,1012.6,48,43200.00
2022-07-20,51,26.3,24.3,25.1,0.50,0.50,3.0,21.4,37.8,226,80,1012.0,46,43200.00
2022-07-21,3,26.7,24.1,25.2,0.00,0.00,0.0,23.4,40.7,227,78,1011.9,47,43200.00
2022-07-22,3,26.9,24.4,25.5,0.00,0.00,0.0,19.4,34.6,230,81,1011.5,69,43200.00
2022-07-23,51,27.3,24.4,25.6,0.90,0.90,8.0,20.9,37.1,232,82,1011.8,99,39213.22
2022-07-24,51,26.6,24.1,25.3,1.50,1.50,9.0,18.4,33.8,222,85,1012.2,63,42512.49
2022-07-25,51,27.0,24.3,25.3,0.10,0.10,1.0,21.9,37.8,234,85,1012.3,89,38558.37
2022-07-26,63,25.8,24.6,25.0,7.30,7.30,17.0,23.8,39.2,239,87,1011.7,99,21108.45
2022-07-27,51,26.4,24.3,25.2,0.30,0.30,3.0,24.4,43.6,230,88,1011.4,89,32382.12
2022-07-28,51,26.6,24.7,25.4,0.50,0.50,3.0,27.6,46.4,240,86,1011.8,99,37641.62
2022-07-29,3,26.7,24.4,25.1,0.00,0.00,0.0,25.6,44.3,239,84,1013.0,91,28303.24
2022-07-30,3,26.6,24.1,25.1,0.00,0.00,0.0,22.9,39.6,232,84,1013.3,79,38689.43
2022-07-31,51,26.0,24.3,25.0,1.00,1.00,7.0,28.8,47.5,236,84,1013.0,76,40467.25
2022-08-01,51,25.0,23.6,24.1,2.40,2.40,12.0,24.9,41.8,237,86,1013.2,74,18044.42
2022-08-02,3,25.5,23.0,24.0,0.00,0.00,0.0,19.4,33.5,236,84,1013.4,92,27925.39
2022-08-03,3,25.8,22.6,24.1,0.00,0.00,0.0,19.9,37.1,232,86,1012.2,24,43200.00
2022-08-04,3,25.8,23.2,24.2,0.00,0.00,0.0,20.1,37.1,227,85,1012.1,62,42039.86
2022-08-05,51,25.7,23.0,24.1,0.20,0.20,2.0,18.4,33.8,220,87,1012.9,81,43200.00
2022-08-06,51,26.0,22.9,24.2,0.20,0.20,2.0,19.2,34.6,219,87,1012.8,32,43200.00
2022-08-07,3,25.8,22.6,24.2,0.00,0.00,0.0,20.6,37.8,226,86,1011.5,38,43200.00
2022-08-08,51,26.1,23.5,24.6,0.30,0.30,2.0,26.5,46.1,231,84,1011.8,75,41488.60
2022-08-09,51,26.0,23.7,24.7,0.20,0.20,2.0,21.1,36.7,232,86,1012.1,95,34924.27
2022-08-10,3,26.3,23.7,24.7,0.00,0.00,0.0,22.9,39.6,235,86,1012.3,91,37778.93
2022-08-11,3,26.7,23.7,24.8,0.00,0.00,0.0,26.3,45.0,235,86,1012.0,95,38242.63
2022-08-12,51,26.3,23.8,24.7,0.20,0.20,2.0,25.7,42.8,238,86,1012.0,94,25489.69
2022-08-13,51,26.3,23.9,24.8,0.60,0.60,5.0,27.7,48.2,241,86,1012.4,88,29079.58
2022-08-14,61,25.1,23.9,24.3,4.20,4.20,11.0,32.3,53.3,240,88,1011.1,100,11987.25
2022-08-15,61,25.6,23.5,24.3,4.80,4.80,16.0,30.0,51.1,227,88,1010.6,98,31237.40
2022-08-16,51,25.2,23.0,23.9,1.50,1.50,9.0,22.9,39.6,212,89,1012.2,86,37894.24
2022-08-17,51,25.4,22.8,23.8,0.20,0.20,2.0,16.2,29.9,214,88,1012.3,68,42958.91
2022-08-18,3,25.4,22.5,23.8,0.00,0.00,0.0,20.7,36.4,228,90,1011.8,81,43200.00
2022-08-19,51,25.8,23.5,24.4,2.00,2.00,11.0,24.0,41.8,232,88,1012.0,88,29216.61
2022-08-20,53,25.5,23.5,24.4,2.60,2.60,13.0,22.4,40.7,222,86,1013.4,87,41182.47
2022-08-21,3,26.1,22.9,24.3,0.00,0.00,0.0,19.1,33.8,229,87,1012.5,56,43129.53
2022-08-22,51,26.1,23.7,24.6,0.60,0.60,5.0,27.2,44.6,230,86,1010.6,91,31319.98
2022-08-23,53,26.1,23.6,24.7,2.80,2.80,19.0,28.1,45.7,214,86,1011.0,84,21479.07
2022-08-24,51,25.7,23.3,24.4,0.90,0.90,6.0,18.3,34.9,216,87,1013.8,59,42187.49
2022-08-25,51,26.1,23.2,24.4,0.50,0.50,5.0,19.7,34.2,225,87,1013.1,96,41653.49
2022-08-26,61,25.5,23.9,24.4,11.80,11.80,16.0,24.0,39.6,233,88,1011.4,100,10248.94
2022-08-27,61,25.8,24.0,24.5,6.90,6.90,19.0,29.3,50.0,218,85,1010.3,76,22302.32
2022-08-28,51,26.2,23.7,24.6,1.40,1.40,10.0,18.8,33.8,210,85,1011.8,67,42012.23
2022-08-29,51,26.6,23.6,24.8,0.20,0.20,2.0,18.8,33.5,230,87,1012.1,55,42920.00
2022-08-30,63,25.7,23.8,24.5,18.50,18.50,20.0,25.1,40.7,238,89,1010.7,97,9948.32
2022-08-31,53,26.2,23.9,24.9,4.20,4.20,18.0,24.1,43.2,211,87,1011.2,92,41476.72
2022-09-01,51,26.4,24.0,24.9,2.50,2.50,13.0,18.7,33.5,218,87,1012.5,96,30644.95
2022-09-02,51,26.9,23.6,25.1,0.60,0.60,4.0,19.9,36.0,237,86,1013.6,88,34158.43
2022-09-03,51,26.5,24.1,25.3,2.00,2.00,11.0,20.1,34.9,234,88,1013.4,77,41719.63
2022-09-04,53,26.5,24.2,25.3,2.10,2.10,8.0,22.7,39.2,233,85,1013.7,68,41543.22
2022-09-05,53,26.8,24.0,25.3,2.20,2.20,10.0,18.2,33.1,214,85,1013.7,57,42718.42
2022-09-06,51,26.9,24.2,25.4,1.20,1.20,10.0,18.9,34.2,218,84,1013.2,38,40631.38
2022-09-07,51,27.0,24.8,25.7,0.80,0.80,6.0,21.0,36.4,231,83,1012.0,73,41328.18
2022-09-08,53,26.5,24.5,25.6,1.60,1.60,9.0,22.9,37.4,234,85,1011.3,72,42624.77
2022-09-09,51,27.2,24.2,25.6,1.20,1.20,9.0,23.7,41.4,231,85,1012.0,86,37397.08
2022-09-10,51,27.0,24.7,25.6,0.40,0.40,4.0,22.8,38.5,236,84,1013.3,78,31761.08
2022-09-11,51,26.7,24.7,25.5,1.00,1.00,8.0,22.3,37.8,236,86,1012.5,92,17177.54
2022-09-12,61,26.3,23.5,24.9,6.80,6.80,20.0,22.5,37.4,239,87,1011.7,98,14082.17
2022-09-13,51,26.5,24.0,25.1,2.30,2.30,13.0,16.5,33.1,227,87,1011.4,86,26319.15
2022-09-14,51,26.8,24.4,25.5,0.90,0.90,5.0,17.1,30.6,220,85,1010.9,73,42432.98
2022-09-15,63,26.9,24.6,25.5,3.80,3.80,7.0,20.5,34.9,232,85,1011.9,98,34474.97
2022-09-16,53,26.9,24.1,25.5,3.10,3.10,13.0,22.0,39.6,213,84,1012.4,84,42294.89
2022-09-17,51,27.0,24.5,25.6,0.90,0.90,7.0,19.3,34.6,234,86,1011.1,90,39600.00
2022-09-18,63,26.9,24.3,25.5,8.90,8.90,15.0,25.5,43.2,238,84,1010.8,89,41227.51
2022-09-19,63,26.0,23.6,25.0,18.30,18.30,23.0,29.0,46.8,237,86,1010.8,99,20705.28
2022-09-20,55,26.9,24.2,25.3,3.00,3.00,11.0,20.5,36.0,212,85,1011.1,97,30715.36
2022-09-21,53,27.3,24.5,25.5,2.20,2.20,11.0,14.0,28.4,233,86,1011.4,97,35669.20
2022-09-22,63,26.1,23.5,24.9,6.60,6.60,11.0,13.7,26.3,238,88,1011.0,99,26614.38
2022-09-23,53,27.4,24.6,25.9,1.10,1.10,4.0,15.0,28.4,220,85,1011.0,80,41329.92
2022-09-24,61,27.4,24.3,25.8,3.60,3.60,10.0,17.2,28.8,231,86,1010.9,89,38041.06
2022-09-25,55,27.5,24.7,25.9,3.20,3.20,11.0,17.8,31.3,237,86,1010.2,94,37197.72
2022-09-26,61,26.4,24.6,25.3,13.10,13.10,20.0,23.9,38.9,243,86,1010.9,99,14560.50
2022-09-27,61,26.2,24.0,25.0,8.80,8.80,9.0,17.1,29.2,237,87,1011.7,100,3029.23
2022-09-28,63,25.9,24.4,25.1,11.00,11.00,17.0,18.6,31.7,232,87,1012.1,100,4480.31
2022-09-29,55,27.0,23.7,25.2,3.20,3.20,11.0,16.3,29.9,242,87,1011.3,88,36206.18
2022-09-30,61,27.0,24.5,25.4,6.60,6.60,16.0,19.0,35.6,241,86,1010.5,99,34969.81
2022-10-01,63,27.0,23.3,25.3,13.50,13.50,17.0,19.9,34.6,224,85,1012.0,88,37588.73
2022-10-02,51,27.0,24.3,25.2,1.50,1.50,10.0,16.5,27.4,238,88,1013.1,94,36644.13
2022-10-03,51,27.5,23.9,25.6,0.10,0.10,1.0,17.6,31.0,236,86,1011.7,70,36509.80
2022-10-04,51,27.5,24.9,26.1,0.60,0.60,5.0,19.8,34.6,224,86,1010.2,50,40812.04
2022-10-05,3,27.8,24.9,26.1,0.00,0.00,0.0,17.8,33.5,229,86,1010.5,59,40827.60
2022-10-06,55,27.7,24.8,26.1,1.50,1.50,4.0,23.2,40.7,231,85,1010.9,39,40146.29
2022-10-07,53,26.0,24.7,25.2,3.70,3.70,14.0,18.4,33.1,231,87,1011.4,99,11330.45
2022-10-08,53,27.2,24.3,25.6,1.60,1.60,9.0,15.9,28.4,232,87,1011.1,87,13181.65
2022-10-09,63,26.0,24.6,25.3,10.50,10.50,13.0,12.5,27.7,280,88,1011.4,98,1006.12
2022-10-10,63,27.4,23.9,25.6,6.50,6.50,13.0,15.3,28.4,184,85,1012.4,86,36753.99
2022-10-11,51,27.9,24.5,26.1,0.50,0.50,5.0,17.0,29.2,218,86,1011.6,82,37993.09
2022-10-12,51,28.3,24.8,26.0,0.60,0.60,5.0,16.2,31.0,243,87,1010.4,75,39997.03
2022-10-13,55,27.3,25.5,26.2,3.90,3.90,11.0,15.3,28.4,226,85,1010.3,91,32779.58
2022-10-14,53,28.4,23.8,26.2,1.50,1.50,6.0,16.6,29.5,224,85,1011.2,89,39600.00
2022-10-15,63,27.6,24.1,25.7,15.30,15.30,18.0,17.9,32.0,257,88,1011.1,100,16194.52
2022-10-16,53,28.4,24.4,26.1,1.40,1.40,6.0,14.3,26.6,218,86,1010.9,88,34283.24
2022-10-17,53,28.7,25.3,26.6,1.70,1.70,7.0,12.3,27.7,197,86,1011.3,64,39828.29
2022-10-18,53,28.2,25.5,26.8,2.10,2.10,9.0,14.0,28.4,219,85,1011.8,31,39840.63
2022-10-19,51,28.4,25.5,26.4,0.80,0.80,7.0,19.7,34.6,230,87,1011.2,50,39600.00
2022-10-20,63,28.3,25.1,26.3,4.50,4.50,8.0,15.0,27.4,231,87,1010.2,71,39600.00
2022-10-21,55,28.0,26.0,26.7,2.00,2.00,8.0,15.1,28.8,204,84,1010.5,58,39600.00
2022-10-22,61,28.9,25.3,26.8,3.40,3.40,3.0,12.2,29.9,218,85,1010.7,61,39600.00
2022-10-23,51,28.9,25.2,27.0,0.60,0.60,4.0,16.8,31.0,225,85,1011.5,57,39600.00
2022-10-24,51,28.5,25.4,26.9,0.80,0.80,5.0,16.2,31.7,216,87,1010.8,59,39600.00
2022-10-25,61,27.0,25.1,26.4,3.50,3.50,5.0,13.6,27.4,180,85,1010.6,95,16031.13
2022-10-26,51,28.8,24.4,26.9,0.80,0.80,5.0,14.6,29.2,157,84,1010.0,90,39600.00
2022-10-27,55,29.5,25.6,27.3,2.80,2.80,10.0,14.1,28.4,203,85,1010.4,44,39600.00
2022-10-28,53,29.1,26.0,27.2,1.10,1.10,7.0,15.0,27.4,227,85,1010.4,95,30718.03
2022-10-29,51,28.9,26.0,27.4,1.10,1.10,5.0,15.3,28.4,221,84,1009.9,68,37676.38
2022-10-30,53,28.9,25.8,27.2,2.60,2.60,7.0,11.7,28.1,205,85,1009.0,28,39600.00
2022-10-31,53,28.5,25.6,27.0,1.50,1.50,5.0,11.9,29.2,195,85,1009.6,35,39600.00
2022-11-01,61,29.3,25.8,27.2,2.60,2.60,4.0,17.3,32.4,219,86,1010.6,44,39600.00
2022-11-02,51,30.0,26.2,27.7,0.20,0.20,2.0,19.5,33.5,228,85,1010.3,48,39600.00
2022-11-03,51,29.0,26.6,27.5,0.80,0.80,5.0,16.6,33.8,223,84,1010.4,85,36417.37
2022-11-04,61,28.2,26.0,26.9,2.30,2.30,2.0,15.6,27.7,202,84,1010.4,89,39600.00
2022-11-05,51,29.2,26.0,27.2,0.20,0.20,2.0,13.3,28.4,212,84,1010.3,71,39600.00
2022-11-06,51,29.1,26.2,27.4,0.60,0.60,6.0,15.1,27.7,206,83,1010.8,55,39600.00
2022-11-07,55,29.5,25.5,27.3,2.70,2.70,9.0,19.6,33.5,210,84,1010.9,72,39600.00
2022-11-08,51,29.9,26.2,27.8,0.20,0.20,2.0,19.8,34.9,216,84,1010.4,77,39600.00
2022-11-09,53,29.2,26.8,27.5,1.70,1.70,7.0,16.6,30.6,230,84,1010.9,49,39600.00
2022-11-10,61,29.2,26.1,27.3,4.00,4.00,7.0,20.5,35.3,229,83,1009.9,99,39552.14
2022-11-11,53,29.0,24.0,26.8,1.70,1.70,9.0,17.7,34.6,219,82,1010.6,67,36971.92
2022-11-12,53,28.1,25.4,26.8,2.20,2.20,9.0,17.7,32.8,207,84,1011.0,45,39600.00
2022-11-13,53,28.7,25.9,27.1,1.40,1.40,8.0,14.6,29.2,181,82,1011.4,82,32400.00
2022-11-14,51,29.1,25.3,27.0,0.70,0.70,4.0,17.9,29.2,203,84,1011.2,47,39600.00
2022-11-15,53,28.2,24.8,26.5,1.10,1.10,5.0,17.9,32.4,228,88,1011.1,58,39600.00
2022-11-16,51,29.5,25.2,27.5,0.60,0.60,4.0,22.0,37.8,225,83,1010.2,51,39600.00
2022-11-17,53,28.7,25.7,27.1,2.20,2.20,6.0,17.5,28.1,223,83,1009.8,88,30875.21
2022-11-18,53,28.5,25.8,26.8,2.50,2.50,8.0,14.0,25.9,203,84,1009.4,48,39600.00
2022-11-19,51,28.3,25.6,26.7,1.40,1.40,8.0,15.7,31.0,226,85,1010.3,54,39600.00
2022-11-20,51,28.9,25.8,27.4,0.40,0.40,4.0,15.4,27.4,227,83,1010.1,98,33050.76
2022-11-21,3,29.3,25.9,27.5,0.00,0.00,0.0,18.0,31.0,212,83,1010.1,75,39600.00
2022-11-22,61,29.1,25.6,26.9,2.40,2.40,5.0,15.5,31.7,207,85,1009.6,35,39600.00
2022-11-23,51,28.9,25.5,27.0,0.60,0.60,5.0,13.8,28.1,211,85,1009.0,28,39600.00
2022-11-24,51,29.6,24.9,26.9,0.10,0.10,1.0,13.5,26.3,223,85,1008.6,60,39600.00
2022-11-25,3,30.1,25.2,27.5,0.00,0.00,0.0,19.2,34.6,232,85,1008.9,23,38904.25
2022-11-26,51,29.4,26.4,27.8,0.50,0.50,4.0,19.1,32.0,228,83,1009.4,68,39600.00
2022-11-27,63,29.5,24.8,27.7,9.30,9.30,7.0,17.4,30.6,229,81,1008.0,37,39600.00
2022-11-28,61,28.3,25.0,26.5,2.60,2.60,7.0,18.4,31.3,219,86,1007.3,73,39600.00
2022-11-29,61,28.7,24.6,26.8,3.90,3.90,4.0,17.1,27.4,206,84,1006.9,86,36796.20
2022-11-30,53,29.2,25.3,27.0,1.50,1.50,6.0,13.4,26.3,195,84,1007.1,39,39600.00
2022-12-01,61,29.4,25.4,26.8,2.60,2.60,3.0,14.8,29.2,220,86,1008.1,65,38056.56
2022-12-02,3,28.7,25.5,26.6,0.00,0.00,0.0,16.4,25.9,240,88,1007.9,99,38022.77
2022-12-03,61,29.2,26.2,27.4,2.80,2.80,6.0,19.4,33.5,230,83,1007.2,67,35062.15
2022-12-04,51,29.1,25.9,27.5,0.20,0.20,1.0,14.8,28.1,223,84,1008.0,25,39600.00
2022-12-05,51,29.3,26.4,27.8,0.60,0.60,4.0,16.1,29.9,218,85,1009.4,83,39113.89
2022-12-06,51,29.6,26.3,27.4,0.10,0.10,1.0,19.7,33.1,231,87,1009.3,99,38560.90
2022-12-07,53,28.7,25.4,27.0,1.60,1.60,8.0,16.8,30.2,227,87,1009.4,78,39600.00
2022-12-08,53,29.2,25.4,26.8,0.50,0.50,1.0,13.9,23.8,212,86,1009.6,40,39310.51
2022-12-09,53,29.3,25.0,27.1,0.80,0.80,4.0,14.5,24.8,198,86,1010.2,24,39378.30
2022-12-10,3,29.7,24.8,27.1,0.00,0.00,0.0,16.7,28.8,221,86,1009.9,33,37349.30
2022-12-11,3,29.7,25.2,27.4,0.00,0.00,0.0,20.1,33.1,226,85,1009.2,53,37819.45
2022-12-12,51,29.3,25.9,27.6,0.20,0.20,2.0,15.3,28.1,228,82,1009.3,53,38951.90
2022-12-13,51,30.0,26.0,27.7,0.20,0.20,1.0,19.1,34.2,229,83,1009.7,54,37707.40
2022-12-14,3,29.3,25.4,27.3,0.00,0.00,0.0,19.3,32.0,225,84,1009.2,30,38651.17
2022-12-15,55,29.0,25.2,27.2,2.50,2.50,5.0,17.1,28.4,217,86,1008.8,45,37590.43
2022-12-16,51,29.0,25.6,27.3,0.60,0.60,5.0,14.8,28.4,230,84,1008.0,92,34366.85
2022-12-17,51,29.1,25.9,27.3,0.30,0.30,2.0,17.7,29.9,220,83,1008.2,41,38633.29
2022-12-18,61,29.3,25.6,27.3,1.40,1.40,1.0,16.9,28.8,232,84,1009.4,53,36249.61
2022-12-19,3,32.2,24.6,27.2,0.00,0.00,0.0,18.8,33.8,219,80,1008.7,47,37816.24
2022-12-20,3,29.1,24.7,26.9,0.00,0.00,0.0,15.3,29.5,228,85,1008.6,21,38857.09
2022-12-21,3,29.5,25.1,27.1,0.00,0.00,0.0,15.4,27.0,226,84,1009.3,63,38436.86
2022-12-22,53,30.0,24.9,27.2,0.90,0.90,4.0,15.3,27.7,214,83,1010.5,74,38093.60
2022-12-23,3,30.6,24.1,26.8,0.00,0.00,0.0,16.3,29.9,122,70,1010.7,42,38532.10
2022-12-24,3,31.5,22.6,26.3,0.00,0.00,0.0,16.3,32.8,86,64,1010.7,85,38545.93
2022-12-25,3,31.3,21.5,26.0,0.00,0.00,0.0,19.2,34.6,92,63,1011.0,18,38891.83
2022-12-26,0,31.1,21.9,26.4,0.00,0.00,0.0,16.0,28.8,127,65,1011.1,0,38635.33
2022-12-27,1,30.9,22.2,26.6,0.00,0.00,0.0,15.5,30.6,132,66,1010.9,1,38378.50
2022-12-28,1,31.6,22.1,26.5,0.00,0.00,0.0,14.1,27.0,136,67,1010.5,3,38374.99
2022-12-29,3,29.6,22.0,26.0,0.00,0.00,0.0,16.1,29.9,215,79,1010.3,49,38117.29
2022-12-30,3,31.1,23.1,26.5,0.00,0.00,0.0,15.5,29.2,190,75,1010.6,40,36255.80
2022-12-31,3,32.4,22.3,26.6,0.00,0.00,0.0,18.1,32.4,110,64,1010.6,35,38106.41
2023-01-01,2,31.8,21.0,25.8,0.00,0.00,0.0,15.2,28.8,98,59,1009.8,5,38100.60
2023-01-02,3,31.7,21.6,26.2,0.00,0.00,0.0,15.7,29.2,178,62,1009.8,30,38094.24
2023-01-03,3,31.8,21.5,26.2,0.00,0.00,0.0,19.2,33.1,154,64,1010.0,34,37582.11
2023-01-04,3,30.2,22.0,26.2,0.00,0.00,0.0,16.9,33.1,203,69,1010.2,71,37322.78
2023-01-05,3,30.5,23.2,26.6,0.00,0.00,0.0,18.6,33.1,202,77,1010.5,96,36148.01
2023-01-06,3,29.9,25.4,27.2,0.00,0.00,0.0,19.8,33.8,214,81,1011.1,79,35479.22
2023-01-07,3,29.7,24.6,27.0,0.00,0.00,0.0,20.5,35.6,225,84,1010.8,27,36796.75
2023-01-08,3,30.0,25.2,27.4,0.00,0.00,0.0,17.6,32.4,224,85,1010.5,56,34542.47
2023-01-09,3,30.7,24.9,27.2,0.00,0.00,0.0,17.4,31.0,221,85,1010.9,68,36343.40
2023-01-10,3,31.5,25.1,27.3,0.00,0.00,0.0,18.4,32.8,218,83,1011.9,20,36326.78
2023-01-11,3,30.8,24.6,27.2,0.00,0.00,0.0,17.9,32.0,229,82,1011.7,21,36310.31
2023-01-12,51,31.7,25.0,27.5,0.10,0.10,1.0,20.2,36.4,213,81,1010.0,70,36094.49
2023-01-13,51,30.5,24.9,27.2,0.10,0.10,1.0,16.9,30.2,214,82,1009.3,59,36494.71
2023-01-14,3,31.5,24.5,27.4,0.00,0.00,0.0,18.5,32.4,215,79,1009.4,35,36984.36
2023-01-15,51,30.1,25.5,27.5,0.30,0.30,3.0,14.8,25.9,212,82,1009.7,55,36475.81
2023-01-16,3,31.0,24.9,27.5,0.00,0.00,0.0,19.2,33.5,206,81,1009.1,48,36714.78
2023-01-17,3,31.6,24.7,27.4,0.00,0.00,0.0,18.9,34.6,220,82,1009.3,46,33642.71
2023-01-18,51,30.2,25.2,27.6,0.10,0.10,1.0,19.0,33.5,220,82,1009.5,64,36450.89
2023-01-19,51,30.4,25.9,27.7,0.10,0.10,1.0,18.4,32.4,219,82,1010.0,35,36930.61
2023-01-20,53,29.9,26.4,28.0,0.60,0.60,2.0,18.5,30.2,223,80,1009.6,80,34755.00
2023-01-21,51,29.9,26.2,27.7,0.60,0.60,2.0,18.2,33.1,226,83,1009.2,62,36407.63
2023-01-22,51,29.8,26.6,27.6,1.10,1.10,6.0,19.5,35.3,220,82,1008.7,91,33469.79
2023-01-23,51,30.0,27.0,28.1,0.30,0.30,3.0,19.9,36.0,225,81,1008.7,74,36626.02
2023-01-24,53,29.9,26.3,27.7,1.30,1.30,3.0,17.1,33.5,223,83,1008.6,29,32671.78
2023-01-25,2,29.9,25.9,27.9,0.00,0.00,0.0,18.9,31.7,232,83,1007.8,18,37101.24
2023-01-26,51,29.8,26.7,28.1,0.40,0.40,4.0,21.4,37.1,233,83,1007.7,50,36842.15
2023-01-27,55,29.8,26.5,28.0,1.50,1.50,6.0,21.5,36.0,226,83,1008.0,57,35913.85
2023-01-28,63,29.1,25.7,27.2,3.60,3.60,3.0,19.1,33.5,229,85,1008.7,93,25383.26
2023-01-29,3,29.1,26.6,27.5,0.00,0.00,0.0,18.3,33.8,232,83,1008.7,90,33248.80
2023-01-30,51,29.2,26.1,27.4,0.20,0.20,2.0,19.7,31.7,221,85,1009.0,98,21162.64
2023-01-31,51,29.7,26.6,27.6,0.60,0.60,4.0,17.9,31.3,221,83,1009.9,94,26752.10
2023-02-01,3,29.4,25.2,27.2,0.00,0.00,0.0,16.3,28.4,203,85,1009.6,28,36076.70
2023-02-02,51,30.0,26.3,28.0,0.30,0.30,3.0,19.1,32.0,205,80,1010.0,46,37229.82
2023-02-03,51,30.3,26.0,27.9,0.40,0.40,1.0,16.0,28.8,227,83,1010.0,55,37214.77
2023-02-04,3,30.2,26.6,28.3,0.00,0.00,0.0,19.9,36.4,231,83,1009.6,51,37442.73
2023-02-05,51,30.0,27.1,28.1,0.30,0.30,2.0,22.6,41.8,227,83,1009.6,75,37189.21
2023-02-06,51,30.1,26.7,28.1,0.80,0.80,5.0,23.0,37.4,225,82,1009.3,90,34720.69
2023-02-07,51,29.6,26.7,28.0,0.50,0.50,3.0,20.8,36.4,217,79,1009.2,90,36048.13
2023-02-08,51,29.3,26.8,27.8,0.30,0.30,1.0,16.5,30.6,216,81,1009.4,99,37379.70
2023-02-09,51,29.4,26.2,27.5,0.50,0.50,4.0,17.3,31.3,225,86,1009.2,54,37628.20
2023-02-10,51,29.9,26.2,27.9,0.40,0.40,2.0,19.2,31.3,227,84,1009.2,14,38307.58
2023-02-11,51,30.4,26.2,28.2,0.10,0.10,1.0,16.7,31.0,228,83,1008.7,18,38290.29
2023-02-12,51,29.7,26.4,27.9,0.50,0.50,4.0,18.9,33.5,217,86,1008.2,25,38034.06
2023-02-13,3,30.7,26.1,28.1,0.00,0.00,0.0,21.1,37.4,222,85,1008.7,42,38255.90
2023-02-14,51,30.5,26.5,28.0,0.30,0.30,3.0,21.3,37.4,219,84,1008.7,15,38476.77
2023-02-15,3,31.9,25.8,28.3,0.00,0.00,0.0,20.1,36.0,230,79,1007.6,56,37268.01
2023-02-16,3,34.5,25.2,28.7,0.00,0.00,0.0,18.3,35.6,155,66,1007.1,37,38916.90
2023-02-17,3,33.7,23.7,28.1,0.00,0.00,0.0,18.9,36.4,109,59,1007.5,40,39135.96
2023-02-18,1,33.3,23.6,28.3,0.00,0.00,0.0,18.8,35.6,132,56,1007.7,5,39117.58
2023-02-19,3,31.7,23.5,27.6,0.00,0.00,0.0,19.7,36.0,201,74,1008.1,5,39099.35
2023-02-20,3,31.4,25.0,28.0,0.00,0.00,0.0,20.3,36.7,211,82,1008.1,12,34848.15
2023-02-21,3,31.1,25.5,28.1,0.00,0.00,0.0,21.9,39.2,219,82,1008.1,27,38355.12
2023-02-22,3,31.2,27.2,28.7,0.00,0.00,0.0,19.8,35.6,222,80,1009.0,58,38338.07
2023-02-23,3,31.2,27.4,28.9,0.00,0.00,0.0,21.7,39.6,225,79,1009.0,60,38086.00
2023-02-24,53,30.7,27.0,28.6,0.70,0.70,3.0,22.5,39.2,223,81,1008.7,77,37834.42
2023-02-25,51,30.4,27.1,28.2,0.80,0.80,6.0,23.1,37.4,217,81,1009.4,90,36580.56
2023-02-26,51,30.6,26.9,28.4,0.20,0.20,2.0,21.9,39.2,222,79,1010.0,58,37803.36
2023-02-27,51,30.6,26.7,28.5,0.10,0.10,1.0,20.1,36.7,229,80,1010.9,97,37318.85
2023-02-28,61,31.1,25.2,28.1,3.20,3.20,3.0,22.0,40.0,226,82,1011.5,75,37502.33
2023-03-01,51,31.2,27.2,28.8,0.10,0.10,1.0,19.0,33.5,217,77,1010.7,60,37524.23
2023-03-02,51,30.6,27.8,29.0,0.40,0.40,2.0,20.8,35.3,216,79,1009.3,83,36807.32
2023-03-03,61,31.2,27.2,28.5,3.10,3.10,4.0,22.4,40.3,211,81,1009.3,82,36219.72
2023-03-04,63,30.2,25.3,28.1,5.40,5.40,9.0,19.1,42.8,216,80,1009.7,64,36546.13
2023-03-05,3,30.5,26.6,28.4,0.00,0.00,0.0,19.7,34.2,224,79,1008.7,74,36559.30
2023-03-06,61,31.2,26.4,28.5,3.60,3.60,8.0,23.7,40.0,224,80,1008.1,84,27570.08
2023-03-07,53,29.4,26.2,27.8,1.50,1.50,5.0,24.6,39.2,224,84,1007.7,99,19074.64
2023-03-08,51,30.3,27.1,28.5,0.40,0.40,2.0,18.6,32.4,204,80,1008.1,67,36725.99
2023-03-09,63,30.2,27.4,28.2,4.60,4.60,6.0,19.2,36.4,212,82,1009.0,59,34836.86
2023-03-10,51,30.3,26.5,28.4,0.10,0.10,1.0,16.8,32.4,237,81,1008.7,94,34256.55
2023-03-11,61,30.7,27.6,28.6,3.30,3.30,3.0,16.4,31.3,209,80,1008.6,69,36687.34
2023-03-12,51,30.2,27.1,28.4,0.20,0.20,2.0,19.1,36.0,225,79,1008.6,84,28886.57
2023-03-13,3,30.3,26.8,28.3,0.00,0.00,0.0,18.6,34.6,218,80,1008.4,70,29832.23
2023-03-14,1,30.6,26.8,28.6,0.00,0.00,0.0,19.6,36.0,225,81,1007.6,18,37811.45
2023-03-15,53,31.1,27.6,29.0,0.80,0.80,1.0,20.0,36.7,235,78,1007.0,35,37567.03
2023-03-16,63,29.9,25.4,27.9,6.10,6.10,2.0,17.9,34.2,209,83,1007.1,85,34252.50
2023-03-17,51,31.1,26.5,28.6,0.30,0.30,3.0,20.5,32.4,215,80,1007.6,48,37507.18
2023-03-18,63,28.6,24.3,27.4,6.60,6.60,5.0,20.9,34.2,222,80,1008.8,94,33574.43
2023-03-19,51,30.1,25.2,27.5,0.30,0.30,1.0,15.1,29.9,195,81,1009.8,100,28376.13
2023-03-20,3,30.7,26.3,28.5,0.00,0.00,0.0,17.8,32.8,212,76,1009.4,50,37645.56
2023-03-21,53,31.2,26.7,28.6,1.40,1.40,5.0,18.6,34.9,221,76,1009.4,87,36993.28
2023-03-22,61,29.5,25.1,27.3,4.20,4.20,7.0,14.5,27.4,202,78,1010.0,96,35589.85
2023-03-23,61,31.7,25.7,28.0,3.00,3.00,5.0,18.1,38.9,245,80,1009.2,49,37556.02
2023-03-24,61,28.6,24.5,26.9,3.20,3.20,3.0,19.0,31.3,214,81,1009.3,100,10884.53
2023-03-25,51,30.0,27.1,28.4,0.30,0.30,3.0,16.9,30.6,189,77,1009.7,91,35718.86
2023-03-26,53,30.5,26.3,28.4,1.40,1.40,5.0,16.5,30.6,187,77,1010.0,85,38006.19
2023-03-27,53,29.8,25.9,27.8,0.80,0.80,1.0,13.6,29.2,215,79,1009.5,95,31966.08
2023-03-28,3,30.7,27.5,28.8,0.00,0.00,0.0,20.2,37.4,222,76,1008.9,74,38790.64
2023-03-29,51,30.5,27.3,28.8,0.40,0.40,1.0,17.0,32.4,218,79,1009.7,72,36612.63
2023-03-30,55,31.0,28.0,29.1,2.00,2.00,4.0,19.3,36.7,224,78,1009.9,93,35017.33
2023-03-31,63,30.9,24.7,28.1,13.20,13.20,8.0,15.8,30.2,215,80,1009.7,99,26607.58
2023-04-01,51,30.4,28.0,29.0,0.30,0.30,3.0,18.2,31.3,211,77,1009.4,65,30933.90
2023-04-02,3,30.8,27.2,29.0,0.00,0.00,0.0,18.1,33.5,221,76,1008.5,36,39384.00
2023-04-03,63,30.5,25.6,28.6,10.50,10.50,10.0,28.2,49.3,228,80,1007.4,53,39241.60
2023-04-04,63,30.7,25.3,28.3,11.00,11.00,7.0,18.9,32.8,210,80,1007.3,90,37600.37
2023-04-05,3,30.9,27.6,28.9,0.00,0.00,0.0,18.1,31.3,209,74,1007.6,55,40799.87
2023-04-06,51,31.4,27.6,29.1,0.20,0.20,1.0,23.2,39.6,230,75,1007.6,78,39646.41
2023-04-07,63,30.4,27.0,28.3,8.20,8.20,10.0,20.7,36.7,223,80,1008.0,97,33211.88
2023-04-08,55,31.3,26.9,28.8,3.50,3.50,7.0,21.1,40.0,233,78,1008.0,99,28876.71
2023-04-09,53,30.4,26.7,28.3,2.20,2.20,11.0,21.5,40.7,215,81,1009.1,96,33491.77
2023-04-10,51,30.3,27.5,28.7,0.10,0.10,1.0,18.9,31.3,220,79,1009.1,76,37613.80
2023-04-11,51,30.5,27.8,28.8,0.30,0.30,3.0,18.0,33.8,207,80,1008.6,74,40828.66
2023-04-12,51,30.4,27.8,28.8,0.70,0.70,5.0,18.7,32.8,206,80,1008.3,88,28417.08
2023-04-13,51,30.7,27.6,29.0,0.60,0.60,4.0,19.6,37.1,225,79,1008.1,69,39824.33
2023-04-14,51,30.9,27.1,29.0,0.30,0.30,2.0,21.4,35.3,224,80,1008.1,85,41112.11
2023-04-15,53,30.9,27.5,28.7,1.90,1.90,6.0,22.4,38.5,219,80,1009.4,82,37961.86
2023-04-16,51,30.9,26.4,28.6,0.10,0.10,1.0,18.1,33.5,210,81,1007.7,96,37647.96
2023-04-17,63,29.7,25.0,27.7,13.90,13.90,10.0,17.2,30.2,199,82,1007.3,96,33062.91
2023-04-18,3,30.9,26.8,28.7,0.00,0.00,0.0,14.0,28.8,209,79,1007.0,53,41259.48
2023-04-19,63,30.8,27.6,28.8,5.40,5.40,9.0,17.0,34.2,214,80,1008.4,94,35794.63
2023-04-20,61,31.1,26.7,28.3,5.60,5.60,6.0,22.2,38.5,229,81,1007.6,77,26870.75
2023-04-21,3,31.0,28.0,29.2,0.00,0.00,0.0,21.5,36.4,222,74,1007.0,92,38977.95
2023-04-22,53,31.4,27.0,29.3,1.50,1.50,5.0,23.7,41.4,224,76,1006.5,93,30718.51
2023-04-23,63,29.5,25.8,27.4,10.70,10.70,19.0,22.2,37.8,205,82,1008.2,99,26081.93
2023-04-24,61,30.4,26.6,28.1,2.30,2.30,3.0,13.4,22.7,201,81,1009.1,91,33038.92
2023-04-25,3,30.5,26.7,28.6,0.00,0.00,0.0,17.6,32.4,215,82,1008.7,77,40583.83
2023-04-26,51,30.3,25.6,28.2,0.50,0.50,4.0,22.4,40.0,240,82,1008.4,98,26221.71
2023-04-27,61,28.4,26.0,26.9,8.00,8.00,10.0,15.6,25.2,177,85,1010.0,100,5567.52
2023-04-28,3,29.9,26.2,28.1,0.00,0.00,0.0,20.1,36.4,216,79,1010.8,95,21107.17
2023-04-29,63,30.5,26.1,27.4,5.50,5.50,8.0,19.9,36.7,219,84,1011.3,82,25879.92
2023-04-30,61,29.2,25.2,26.9,3.90,3.90,9.0,17.1,28.8,248,86,1010.2,89,18342.26
2023-05-01,63,29.7,25.8,27.8,4.00,4.00,6.0,17.5,33.8,212,83,1009.6,65,41561.37
2023-05-02,53,29.9,26.6,28.2,2.30,2.30,7.0,16.9,30.2,214,80,1010.0,89,38060.36
2023-05-03,51,30.1,26.9,28.5,1.20,1.20,6.0,14.5,27.7,197,79,1011.2,75,42049.72
2023-05-04,63,30.7,26.3,27.9,5.40,5.40,9.0,19.2,35.3,207,82,1011.9,90,41091.76
2023-05-05,3,29.9,25.6,27.8,0.00,0.00,0.0,16.8,34.2,226,82,1011.4,46,33116.55
2023-05-06,51,30.6,26.9,28.1,0.30,0.30,1.0,18.9,34.9,186,81,1010.2,80,32814.20
2023-05-07,51,30.0,25.5,28.1,0.10,0.10,1.0,15.8,29.2,203,81,1009.8,32,42549.58
2023-05-08,53,30.6,26.5,28.8,0.90,0.90,3.0,14.6,27.7,205,78,1010.5,79,41789.60
2023-05-09,51,30.8,27.0,28.9,0.30,0.30,1.0,15.7,30.2,220,80,1009.3,75,42558.28
2023-05-10,51,31.3,28.3,29.5,0.30,0.30,3.0,22.3,39.6,221,78,1008.7,66,42319.63
2023-05-11,63,30.7,27.0,28.6,8.90,8.90,9.0,23.0,44.3,206,81,1009.2,64,39103.79
2023-05-12,53,30.4,26.5,28.6,3.10,3.10,12.0,12.6,25.2,189,81,1010.1,70,41109.46
2023-05-13,55,31.0,27.8,29.1,2.30,2.30,6.0,16.3,30.2,214,81,1010.7,77,42085.70
2023-05-14,63,31.1,27.1,28.3,4.90,4.90,5.0,18.3,33.5,213,83,1011.8,100,21771.93
2023-05-15,65,29.6,25.2,27.0,52.40,52.40,12.0,17.9,29.9,251,87,1011.3,99,11465.72
2023-05-16,51,30.0,26.7,28.4,0.90,0.90,7.0,17.7,31.0,229,83,1010.8,88,36888.74
2023-05-17,51,30.3,26.9,28.3,0.90,0.90,7.0,21.8,37.8,204,84,1010.3,90,41848.83
2023-05-18,61,28.6,25.7,27.6,3.90,3.90,8.0,13.8,23.4,222,83,1010.9,92,19815.04
2023-05-19,61,29.6,25.6,27.5,8.00,8.00,9.0,22.3,38.5,208,86,1010.7,88,36549.63
2023-05-20,53,28.8,27.1,27.8,2.20,2.20,11.0,17.6,32.4,210,83,1010.7,96,36000.00
2023-05-21,61,29.0,25.7,27.5,8.50,8.50,13.0,19.6,33.5,226,84,1010.9,99,29268.68
2023-05-22,63,28.5,24.9,27.1,4.90,4.90,12.0,20.4,31.7,196,85,1011.0,100,23696.77
2023-05-23,61,29.5,26.7,28.0,3.10,3.10,4.0,13.7,25.9,208,83,1009.9,99,29607.25
2023-05-24,63,29.9,26.8,28.0,4.20,4.20,10.0,14.6,29.5,215,85,1009.5,99,41354.47
2023-05-25,51,30.4,27.0,28.4,0.80,0.80,5.0,17.0,29.9,212,82,1009.4,78,40995.01
2023-05-26,51,30.4,27.1,28.3,0.60,0.60,5.0,21.5,36.7,216,83,1009.4,74,43040.15
2023-05-27,61,28.8,26.7,27.9,4.60,4.60,12.0,21.9,37.1,216,82,1009.9,98,8777.10
2023-05-28,51,29.7,26.2,28.1,1.50,1.50,9.0,17.8,32.8,206,81,1010.2,95,40224.80
2023-05-29,53,29.2,26.5,27.7,1.80,1.80,8.0,19.0,32.4,169,82,1010.7,98,15894.28
2023-05-30,53,30.0,25.6,27.9,1.50,1.50,6.0,15.6,28.8,165,80,1011.6,66,37107.67
2023-05-31,53,29.9,26.5,28.1,1.50,1.50,10.0,21.3,35.6,214,83,1011.0,75,42334.59
2023-06-01,63,28.8,25.3,27.4,12.20,12.20,14.0,19.9,36.0,225,83,1010.5,95,31416.82
2023-06-02,63,28.0,24.6,26.5,11.90,11.90,17.0,20.1,33.8,197,85,1011.0,98,26817.02
2023-06-03,61,27.8,25.7,26.8,7.90,7.90,13.0,13.5,28.1,217,84,1011.9,100,35101.68
2023-06-04,63,29.0,25.7,27.2,5.80,5.80,9.0,17.0,29.2,230,85,1011.8,97,35729.25
2023-06-05,51,29.0,26.5,27.6,2.90,2.90,15.0,20.5,36.4,226,83,1011.6,100,39367.97
2023-06-06,65,28.4,26.0,26.9,24.10,24.10,15.0,17.4,33.5,207,85,1011.6,100,6744.25
2023-06-07,63,27.5,25.3,26.4,8.70,8.70,22.0,24.2,39.6,212,86,1012.7,99,15799.29
2023-06-08,63,28.0,24.8,26.2,12.60,12.60,14.0,21.9,35.3,223,85,1013.4,100,856.27
2023-06-09,63,28.5,24.9,26.9,6.20,6.20,8.0,18.5,31.3,218,80,1012.3,69,42031.44
2023-06-10,61,27.2,25.1,25.9,13.40,13.40,23.0,22.6,39.2,226,86,1011.9,97,30009.74
2023-06-11,63,28.1,25.2,26.5,18.00,18.00,17.0,20.4,33.5,228,81,1012.8,94,7200.00
2023-06-12,3,29.0,25.3,27.2,0.00,0.00,0.0,18.6,32.4,237,76,1013.2,78,43200.00
2023-06-13,3,28.7,25.0,27.0,0.00,0.00,0.0,19.1,34.2,239,79,1012.5,87,42736.03
2023-06-14,55,28.8,25.3,26.9,5.10,5.10,14.0,24.5,43.2,237,80,1012.0,95,30453.72
2023-06-15,63,27.8,24.9,26.2,10.90,10.90,15.0,19.5,35.6,233,84,1012.4,94,33054.58
2023-06-16,61,28.7,25.3,26.4,4.00,4.00,10.0,17.8,31.3,250,86,1012.3,92,23605.19
2023-06-17,51,28.9,26.2,27.3,0.70,0.70,5.0,18.5,33.5,240,84,1011.4,72,36000.00
2023-06-18,51,28.7,26.1,27.3,1.80,1.80,8.0,22.4,37.8,235,84,1011.6,97,26728.09
2023-06-19,63,27.5,24.9,26.1,11.20,11.20,16.0,18.9,34.6,230,87,1012.2,96,22625.89
2023-06-20,63,27.4,25.1,26.1,8.90,8.90,14.0,18.7,32.0,220,86,1011.8,99,22768.67
2023-06-21,63,26.5,24.9,25.5,19.80,19.80,22.0,18.9,31.3,222,88,1012.3,98,15065.55
2023-06-22,55,27.4,24.9,25.8,5.10,5.10,17.0,24.6,41.8,250,87,1012.5,94,19069.32
2023-06-23,63,27.5,24.7,26.2,9.80,9.80,14.0,22.7,39.2,237,83,1011.9,74,38243.36
2023-06-24,63,26.4,24.0,24.8,36.00,36.00,22.0,20.8,38.2,220,89,1012.3,99,11127.26
2023-06-25,55,27.9,24.5,26.1,4.10,4.10,9.0,19.8,34.9,221,78,1013.0,63,43200.00
2023-06-26,3,27.9,25.3,26.1,0.00,0.00,0.0,21.2,36.0,231,76,1012.5,86,33701.07
2023-06-27,3,27.5,24.5,26.0,0.00,0.00,0.0,28.0,52.6,244,79,1011.8,71,43200.00
2023-06-28,53,26.2,24.6,25.4,5.50,5.50,17.0,23.6,42.5,242,84,1012.5,100,4146.39
2023-06-29,51,27.2,24.3,25.6,2.70,2.70,13.0,18.0,36.7,223,86,1014.0,89,40839.52
2023-06-30,53,28.4,24.2,26.0,1.10,1.10,4.0,18.9,37.1,235,84,1013.7,83,39600.00
2023-07-01,53,28.2,24.8,25.9,0.70,0.70,3.0,17.7,36.4,225,87,1012.5,83,39011.24
2023-07-02,63,26.6,25.0,25.6,11.20,11.20,10.0,14.8,29.2,196,87,1013.1,93,25095.60
2023-07-03,51,27.9,24.4,26.0,0.50,0.50,3.0,19.2,37.4,221,85,1014.0,78,42910.84
2023-07-04,51,28.0,25.0,26.2,0.60,0.60,6.0,24.1,45.7,239,84,1013.9,96,33874.47
2023-07-05,51,28.1,24.6,26.1,0.50,0.50,2.0,16.0,30.2,213,86,1013.3,75,28577.60
2023-07-06,51,28.2,25.1,26.7,0.20,0.20,2.0,20.4,38.5,226,82,1011.5,79,43200.00
2023-07-07,53,27.4,25.5,26.4,1.70,1.70,8.0,19.6,37.1,235,83,1012.2,96,40761.92
2023-07-08,61,26.7,24.6,25.6,9.80,9.80,21.0,23.7,43.9,231,87,1012.8,99,11817.32
2023-07-09,53,26.9,24.7,25.6,2.70,2.70,12.0,19.9,35.6,230,86,1013.7,96,27847.75
2023-07-10,53,27.7,24.8,26.2,2.90,2.90,11.0,17.1,34.6,223,83,1012.9,69,43200.00
2023-07-11,51,27.7,25.0,26.2,0.80,0.80,8.0,20.6,39.2,234,84,1011.6,64,43200.00
2023-07-12,63,25.4,24.4,24.9,19.00,19.00,20.0,15.0,26.3,234,89,1011.1,99,0.00
2023-07-13,53,27.3,24.3,25.7,4.40,4.40,16.0,15.0,31.0,209,85,1011.7,64,42213.35
2023-07-14,53,28.4,24.9,26.3,1.20,1.20,7.0,13.8,30.2,226,84,1012.1,72,41902.63
2023-07-15,51,28.2,25.3,26.5,1.20,1.20,9.0,18.3,34.9,226,84,1012.3,77,43200.00
2023-07-16,55,27.7,24.0,25.9,4.30,4.30,13.0,17.5,34.2,239,86,1012.1,89,39109.53
2023-07-17,61,27.6,24.1,26.0,3.90,3.90,11.0,17.6,34.2,240,86,1012.9,82,37668.13
2023-07-18,51,27.9,25.0,26.5,0.70,0.70,6.0,20.3,38.5,234,84,1013.6,86,43200.00
2023-07-19,53,28.1,25.4,26.7,0.90,0.90,5.0,24.3,47.9,234,83,1013.7,94,37862.95
2023-07-20,51,27.9,25.5,26.6,0.40,0.40,4.0,23.7,44.6,230,84,1013.2,69,43200.00
2023-07-21,51,27.1,25.3,26.2,2.20,2.20,13.0,22.6,42.8,238,83,1013.3,88,39842.62
2023-07-22,63,26.3,24.6,25.4,23.90,23.90,23.0,18.9,39.2,230,86,1014.1,96,19170.83
2023-07-23,63,25.7,24.5,25.0,16.00,16.00,18.0,18.1,33.1,250,89,1015.0,99,789.48
2023-07-24,53,27.5,24.8,25.7,4.80,4.80,20.0,19.9,38.9,235,87,1014.2,97,26483.06
2023-07-25,51,27.3,24.5,25.8,1.40,1.40,7.0,20.0,38.9,231,87,1013.2,76,39941.24
2023-07-26,53,27.3,25.1,25.9,1.70,1.70,7.0,18.1,36.0,221,85,1013.1,83,39639.42
2023-07-27,51,27.5,25.2,26.0,0.40,0.40,4.0,22.1,42.1,233,86,1013.2,93,43150.12
2023-07-28,51,26.9,25.0,25.7,0.80,0.80,7.0,22.9,43.2,225,86,1013.6,99,42182.03
2023-07-29,51,26.8,24.7,25.4,0.80,0.80,7.0,17.8,36.4,214,86,1014.3,87,28219.35
2023-07-30,53,27.2,24.8,25.8,2.70,2.70,9.0,19.9,39.2,231,85,1014.6,87,36687.65
2023-07-31,61,26.9,24.9,25.7,2.80,2.80,10.0,23.0,43.6,236,87,1014.5,92,29504.96
2023-08-01,53,26.3,25.2,25.6,4.80,4.80,15.0,26.2,50.8,229,85,1013.8,100,19523.47
2023-08-02,51,26.6,24.8,25.5,1.30,1.30,7.0,26.0,47.2,222,86,1014.5,83,39492.45
2023-08-03,53,26.8,25.0,25.7,2.50,2.50,8.0,18.9,36.7,222,82,1014.8,74,39149.68
2023-08-04,53,27.0,24.9,25.8,1.60,1.60,6.0,19.4,38.2,220,82,1013.9,53,43200.00
2023-08-05,51,27.2,24.5,25.8,1.00,1.00,8.0,21.0,40.0,227,84,1015.0,57,43200.00
2023-08-06,51,27.2,25.0,25.8,1.00,1.00,5.0,22.5,43.2,230,84,1015.3,90,43200.00
2023-08-07,51,27.3,24.5,25.8,1.20,1.20,7.0,21.7,42.1,231,86,1014.4,71,41307.68
2023-08-08,51,27.2,24.9,25.9,2.50,2.50,11.0,25.2,47.2,221,83,1012.9,56,42889.19
2023-08-09,51,26.4,24.5,25.5,3.00,3.00,16.0,24.5,46.1,222,86,1012.5,95,36109.42
2023-08-10,51,26.9,24.5,25.5,1.50,1.50,13.0,21.6,41.4,228,84,1012.9,86,30521.97
2023-08-11,53,27.2,24.8,25.5,1.30,1.30,5.0,19.9,37.8,237,86,1012.4,90,29492.21
2023-08-12,51,26.9,24.7,25.6,0.80,0.80,6.0,24.9,46.1,233,85,1011.2,95,40087.56
2023-08-13,61,26.9,24.9,25.6,3.50,3.50,9.0,25.8,48.6,239,84,1010.9,95,37204.91
2023-08-14,53,26.5,24.5,25.3,2.40,2.40,14.0,20.7,39.2,232,87,1011.9,92,29327.29
2023-08-15,53,26.7,24.4,25.3,1.50,1.50,6.0,15.5,31.0,224,89,1012.8,74,27932.40
2023-08-16,53,27.8,24.1,25.4,1.80,1.80,10.0,16.6,33.5,233,88,1012.2,64,42901.82
2023-08-17,61,27.4,23.9,25.4,4.90,4.90,9.0,17.7,36.7,229,88,1011.0,94,39541.31
2023-08-18,53,26.7,24.6,25.3,2.10,2.10,9.0,25.6,47.2,221,87,1011.3,88,21443.83
2023-08-19,55,26.6,24.2,25.1,2.50,2.50,7.0,20.1,36.0,244,87,1011.6,100,16937.40
2023-08-20,51,27.7,24.2,25.7,0.90,0.90,7.0,20.1,40.0,224,85,1010.6,78,40901.27
2023-08-21,51,27.7,24.9,26.1,0.70,0.70,5.0,17.3,36.0,217,84,1010.8,71,43134.34
2023-08-22,51,27.8,24.8,26.1,0.60,0.60,4.0,20.6,41.0,230,83,1010.4,76,43110.19
2023-08-23,51,27.8,25.3,26.2,0.80,0.80,4.0,21.3,41.4,234,83,1009.9,94,35027.82
2023-08-24,53,28.3,25.1,26.2,0.80,0.80,4.0,19.5,37.4,229,85,1009.7,98,18419.36
2023-08-25,51,28.1,24.4,26.0,1.30,1.30,8.0,18.1,38.5,231,86,1009.9,75,41657.40
2023-08-26,51,27.8,25.1,26.2,0.40,0.40,3.0,22.0,43.2,218,84,1010.7,51,43010.46
2023-08-27,53,27.8,25.1,26.2,1.30,1.30,6.0,22.5,44.6,229,84,1011.9,84,37842.25
2023-08-28,55,27.5,24.9,25.8,6.00,6.00,13.0,16.5,30.2,239,87,1012.8,84,15581.23
2023-08-29,51,27.9,25.0,26.3,0.50,0.50,3.0,21.2,40.7,226,83,1013.2,77,42929.65
2023-08-30,53,27.9,25.1,26.1,1.90,1.90,8.0,23.4,43.2,238,85,1012.8,99,22141.06
2023-08-31,51,27.3,24.8,26.0,1.60,1.60,12.0,19.7,43.2,219,85,1012.9,78,42410.05
2023-09-01,51,27.5,24.9,26.1,2.00,2.00,12.0,20.2,40.3,231,84,1012.5,85,38786.14
2023-09-02,61,26.5,24.5,25.2,6.70,6.70,12.0,20.4,43.6,238,86,1011.6,94,10455.46
2023-09-03,53,26.1,24.0,24.9,3.70,3.70,15.0,18.0,36.0,226,87,1012.6,96,15095.36
2023-09-04,51,27.9,24.0,25.4,2.80,2.80,19.0,16.7,33.1,240,87,1013.1,100,22315.30
2023-09-05,63,26.7,24.1,25.4,9.60,9.60,12.0,20.6,40.3,240,86,1012.5,91,23635.65
2023-09-06,51,27.4,24.6,25.9,1.20,1.20,6.0,17.4,37.4,227,84,1012.3,48,42691.17
2023-09-07,51,27.6,25.0,26.1,1.00,1.00,6.0,19.1,39.2,232,84,1012.0,32,42660.07
2023-09-08,61,28.0,25.3,26.3,3.90,3.90,11.0,22.4,42.5,235,85,1011.7,76,32367.41
2023-09-09,63,26.8,24.1,25.4,12.00,12.00,14.0,19.6,37.1,225,87,1013.4,93,5685.02
2023-09-10,51,27.7,24.6,26.0,0.30,0.30,3.0,17.3,36.0,234,86,1013.1,73,42566.47
2023-09-11,51,27.8,25.4,26.3,0.60,0.60,5.0,22.5,42.8,232,85,1011.7,51,42309.10
2023-09-12,61,27.6,24.9,25.7,6.20,6.20,15.0,26.1,48.6,239,87,1010.6,99,15708.30
2023-09-13,63,26.2,24.8,25.4,19.60,19.60,14.0,17.4,34.2,223,88,1010.8,98,18168.12
2023-09-14,51,27.5,24.9,25.9,1.30,1.30,8.0,17.6,35.3,228,85,1011.0,51,42443.14
2023-09-15,61,27.7,24.6,25.9,7.70,7.70,13.0,25.6,47.5,240,86,1011.1,95,35456.66
2023-09-16,63,25.8,23.9,25.1,17.70,17.70,15.0,21.1,40.3,239,89,1011.6,100,4089.96
2023-09-17,51,27.1,24.9,25.8,2.00,2.00,9.0,22.2,42.1,234,86,1011.9,90,38646.68
2023-09-18,51,27.7,24.8,26.1,0.60,0.60,5.0,16.6,34.6,228,85,1011.3,85,37726.31
2023-09-19,53,27.8,24.6,25.9,1.20,1.20,6.0,16.4,32.8,249,86,1011.0,77,29390.19
2023-09-20,51,28.0,24.4,26.2,0.40,0.40,3.0,16.6,33.8,230,86,1011.0,82,42255.18
2023-09-21,51,28.3,25.6,26.8,0.50,0.50,4.0,17.1,33.8,217,83,1010.6,86,41757.99
2023-09-22,61,27.9,25.0,26.0,6.30,6.30,10.0,14.8,30.6,244,86,1010.7,99,15211.03
2023-09-23,51,27.9,23.9,26.0,0.40,0.40,4.0,15.0,30.6,203,85,1011.2,70,38206.55
2023-09-24,63,26.5,24.4,25.5,9.30,9.30,16.0,14.2,28.8,203,87,1012.5,99,3911.94
2023-09-25,51,28.2,25.0,26.5,0.90,0.90,4.0,15.0,34.2,213,83,1012.6,67,40665.75
2023-09-26,51,28.4,25.4,26.8,0.80,0.80,4.0,17.8,34.9,234,83,1011.3,85,40913.26
2023-09-27,51,28.7,25.7,27.1,0.20,0.20,2.0,20.6,39.2,221,83,1009.7,65,40235.34
2023-09-28,51,28.8,26.2,27.2,0.30,0.30,3.0,20.2,42.1,224,83,1009.8,62,39208.01
2023-09-29,53,28.1,25.6,26.6,2.70,2.70,9.0,14.7,30.2,230,86,1011.1,99,19535.24
2023-09-30,61,28.5,24.9,26.8,3.30,3.30,7.0,15.4,30.2,207,86,1011.1,61,39256.58
2023-10-01,55,28.5,26.0,27.1,2.90,2.90,12.0,20.1,38.9,215,82,1010.6,60,40066.83
2023-10-02,63,28.7,25.5,26.9,6.10,6.10,10.0,19.6,36.7,223,83,1010.4,76,37563.92
2023-10-03,51,28.4,25.5,27.0,0.60,0.60,6.0,17.4,34.2,222,83,1010.3,77,39633.40
2023-10-04,61,29.6,25.3,27.0,3.20,3.20,8.0,13.8,32.8,251,84,1010.4,98,36910.99
2023-10-05,63,28.3,24.5,26.2,7.20,7.20,13.0,9.9,24.8,237,87,1010.6,100,21356.78
2023-10-06,63,29.4,24.2,26.8,7.20,7.20,8.0,11.7,29.5,212,85,1010.4,60,40372.82
2023-10-07,63,28.0,25.4,26.4,7.80,7.80,15.0,12.1,23.8,210,88,1010.6,97,22558.94
2023-10-08,63,28.2,24.9,26.4,8.70,8.70,13.0,16.1,31.0,241,87,1011.6,88,38219.32
2023-10-09,63,28.9,24.6,26.4,5.20,5.20,12.0,19.5,38.2,246,86,1012.1,81,21600.00
2023-10-10,51,28.7,25.1,27.0,0.40,0.40,3.0,11.6,28.8,225,85,1011.7,87,39600.00
2023-10-11,53,28.9,24.7,27.1,1.30,1.30,6.0,17.6,35.3,224,82,1011.3,85,36258.27
2023-10-12,63,28.4,25.0,26.6,17.90,17.90,13.0,15.3,27.7,220,86,1011.2,99,16973.99
2023-10-13,63,29.3,24.4,26.2,8.00,8.00,8.0,14.2,28.4,232,86,1011.4,97,14400.00
2023-10-14,61,29.2,25.7,26.9,3.70,3.70,10.0,14.0,31.0,210,85,1011.5,93,36217.35
2023-10-15,51,29.3,26.1,27.4,0.10,0.10,1.0,14.0,30.6,204,80,1010.6,75,39801.44
2023-10-16,61,28.8,26.1,26.9,3.20,3.20,8.0,17.8,34.6,219,82,1010.8,95,39499.90
2023-10-17,63,26.8,24.4,25.7,8.60,8.60,10.0,13.8,24.5,249,87,1011.7,100,6930.11
2023-10-18,3,28.6,23.7,26.3,0.00,0.00,0.0,16.1,33.1,203,85,1011.6,74,39600.00
2023-10-19,51,29.2,26.3,27.6,0.60,0.60,5.0,16.3,31.7,210,81,1012.0,72,39600.00
2023-10-20,51,29.1,26.1,27.5,0.40,0.40,3.0,16.5,33.5,218,83,1011.3,82,39628.36
2023-10-21,51,29.3,25.8,27.6,0.70,0.70,5.0,15.6,33.5,234,82,1010.8,63,39639.38
2023-10-22,51,29.2,26.4,27.5,1.20,1.20,7.0,13.9,28.4,225,83,1010.0,59,39600.00
2023-10-23,51,29.0,26.6,27.7,1.50,1.50,10.0,16.4,28.8,195,80,1009.9,88,39600.00
2023-10-24,53,28.9,25.9,27.3,1.20,1.20,7.0,15.7,34.9,224,82,1009.8,80,39600.00
2023-10-25,51,29.7,26.6,28.0,0.20,0.20,2.0,18.4,37.8,229,79,1009.9,68,39600.00
2023-10-26,51,29.9,26.9,28.0,0.30,0.30,3.0,18.6,37.1,210,81,1010.4,69,33185.01
2023-10-27,53,29.4,26.6,27.6,1.40,1.40,4.0,14.9,31.3,203,82,1010.6,59,39600.00
2023-10-28,53,30.1,25.8,27.7,0.70,0.70,3.0,15.8,31.7,202,80,1009.2,8,39600.00
2023-10-29,51,30.8,26.0,28.0,0.40,0.40,1.0,13.4,29.9,214,81,1007.8,38,39600.00
2023-10-30,51,30.0,26.8,28.1,0.50,0.50,3.0,15.6,31.3,215,81,1007.3,79,39600.00
2023-10-31,51,30.4,25.4,27.6,0.80,0.80,4.0,16.1,27.7,176,78,1008.3,100,11966.33
2023-11-01,51,30.2,26.8,28.2,1.00,1.00,10.0,14.4,31.0,185,78,1009.8,93,36000.00
2023-11-02,55,30.4,26.5,28.3,1.60,1.60,3.0,17.2,33.8,223,78,1010.2,86,38911.41
2023-11-03,51,30.5,26.6,28.4,0.60,0.60,3.0,17.4,35.6,221,79,1009.6,80,39600.00
2023-11-04,55,29.7,26.2,27.9,1.30,1.30,3.0,19.4,39.2,210,80,1009.6,68,38552.37
2023-11-05,61,30.0,26.4,27.6,2.50,2.50,7.0,11.3,30.2,200,82,1009.9,92,29259.01
2023-11-06,51,29.7,26.1,27.8,1.00,1.00,7.0,9.0,27.0,205,83,1010.3,79,25487.07
2023-11-07,61,28.9,26.2,27.4,4.40,4.40,8.0,14.0,32.4,197,84,1010.0,98,31345.68
2023-11-08,51,29.3,26.4,27.7,1.70,1.70,8.0,16.6,34.2,209,81,1009.7,54,37836.31
2023-11-09,51,29.8,26.0,28.0,0.50,0.50,4.0,16.0,33.5,231,80,1009.6,67,39600.00
2023-11-10,51,30.2,26.6,28.3,0.40,0.40,4.0,16.6,33.8,230,81,1009.8,76,39600.00
2023-11-11,55,30.2,26.9,28.4,1.30,1.30,4.0,17.8,36.4,230,80,1010.3,52,39600.00
2023-11-12,53,30.5,26.3,28.3,1.20,1.20,5.0,16.6,34.2,222,80,1010.4,33,39600.00
2023-11-13,51,30.2,26.6,28.2,0.80,0.80,7.0,12.6,34.6,209,80,1010.5,15,39600.00
2023-11-14,51,31.0,25.9,28.3,0.50,0.50,4.0,16.1,34.6,207,82,1009.4,18,39600.00
2023-11-15,63,30.2,25.6,27.5,3.90,3.90,6.0,22.4,45.4,125,80,1010.0,85,19575.47
2023-11-16,53,30.6,25.7,28.1,0.70,0.70,1.0,13.9,28.4,141,76,1009.5,86,28781.69
2023-11-17,53,30.5,26.5,28.5,1.00,1.00,3.0,14.8,33.1,214,77,1009.5,76,39600.00
2023-11-18,51,30.4,27.4,28.4,0.80,0.80,6.0,15.6,32.8,209,80,1010.2,82,39600.00
2023-11-19,3,30.8,26.0,28.3,0.00,0.00,0.0,17.7,33.1,210,79,1010.1,60,39600.00
2023-11-20,55,30.6,26.4,28.1,1.80,1.80,3.0,16.9,36.0,217,81,1009.9,78,39600.00
2023-11-21,51,30.7,25.8,28.0,0.20,0.20,1.0,19.1,37.4,213,82,1009.4,85,39600.00
2023-11-22,51,30.5,27.0,28.4,0.90,0.90,8.0,23.1,44.6,221,77,1009.7,79,38280.01
2023-11-23,51,30.5,26.9,28.4,0.40,0.40,3.0,18.3,34.6,211,76,1009.9,68,35762.95
2023-11-24,51,30.5,27.3,28.2,0.90,0.90,7.0,15.1,32.8,198,79,1009.3,90,35042.61
2023-11-25,63,28.5,25.2,27.4,9.90,9.90,7.0,18.7,35.3,218,82,1009.0,88,29174.24
2023-11-26,61,28.0,24.5,26.0,8.20,8.20,16.0,9.5,20.9,360,88,1011.1,99,4292.26
2023-11-27,51,29.0,24.1,26.7,0.10,0.10,1.0,12.4,25.6,199,82,1011.1,51,39600.00
2023-11-28,55,30.0,25.4,27.9,1.70,1.70,6.0,14.5,31.3,218,78,1009.9,68,39600.00
2023-11-29,51,29.6,26.2,27.8,0.10,0.10,1.0,14.8,29.2,211,79,1009.8,42,39600.00
2023-11-30,51,30.2,26.2,28.0,0.50,0.50,5.0,14.0,31.3,222,81,1010.1,43,39600.00
2023-12-01,61,30.7,26.2,28.3,1.90,1.90,4.0,16.4,35.3,227,80,1010.5,29,39221.33
2023-12-02,51,30.4,26.9,28.4,1.30,1.30,8.0,17.9,33.1,214,79,1010.4,89,38345.46
2023-12-03,53,30.4,26.4,28.2,1.30,1.30,6.0,16.8,34.9,215,81,1009.8,74,37523.15
2023-12-04,51,30.6,26.1,28.4,0.10,0.10,1.0,14.1,29.5,219,78,1010.1,16,39600.00
2023-12-05,51,30.8,25.5,28.2,0.70,0.70,3.0,15.2,32.8,224,81,1010.1,15,39600.00
2023-12-06,61,29.0,26.1,27.3,2.50,2.50,5.0,16.6,37.8,207,83,1010.6,64,28283.04
2023-12-07,53,29.9,26.5,27.8,1.10,1.10,5.0,16.4,29.5,210,82,1011.3,80,38212.10
2023-12-08,51,30.6,26.6,28.3,0.30,0.30,3.0,17.4,34.2,207,78,1010.9,67,39487.80
2023-12-09,51,30.5,25.5,28.1,0.40,0.40,3.0,16.5,34.2,207,82,1009.0,19,39562.86
2023-12-10,53,30.5,26.2,28.4,1.40,1.40,7.0,15.1,30.6,210,81,1009.2,38,39222.38
2023-12-11,51,31.2,26.2,28.5,0.20,0.20,2.0,19.2,36.4,212,79,1009.5,14,39297.08
2023-12-12,53,30.4,24.6,27.7,1.80,1.80,4.0,14.2,29.5,121,74,1010.3,51,28155.24
2023-12-13,3,32.6,23.8,27.8,0.00,0.00,0.0,15.2,31.3,95,52,1009.6,58,39600.00
2023-12-14,1,32.9,23.4,28.1,0.00,0.00,0.0,16.1,33.8,128,58,1009.1,7,39600.00
2023-12-15,3,33.4,23.4,28.1,0.00,0.00,0.0,18.7,37.8,148,63,1008.5,6,39600.00
2023-12-16,2,31.5,23.5,27.8,0.00,0.00,0.0,15.7,33.8,197,74,1007.8,5,39600.00
2023-12-17,3,32.2,24.4,28.1,0.00,0.00,0.0,17.8,37.1,214,76,1007.8,27,38183.28
2023-12-18,3,32.9,24.7,28.3,0.00,0.00,0.0,22.2,43.2,226,74,1008.2,35,37999.94
2023-12-19,51,31.2,25.4,28.4,0.10,0.10,1.0,18.4,38.2,225,79,1009.1,18,38774.67
2023-12-20,3,32.9,25.1,28.8,0.00,0.00,0.0,17.3,34.9,230,75,1010.2,25,38603.74
2023-12-21,3,32.8,24.3,28.3,0.00,0.00,0.0,15.9,33.5,218,65,1009.6,30,35463.05
2023-12-22,3,32.1,24.8,28.6,0.00,0.00,0.0,16.3,34.9,217,70,1009.8,55,38492.76
2023-12-23,3,33.4,25.3,28.9,0.00,0.00,0.0,18.5,36.7,179,72,1010.1,64,38274.20
2023-12-24,3,33.9,25.1,28.7,0.00,0.00,0.0,19.9,40.0,215,75,1010.5,68,38287.04
2023-12-25,3,32.8,25.1,28.4,0.00,0.00,0.0,18.2,36.4,209,78,1009.9,67,34393.17
2023-12-26,51,31.9,25.5,28.7,0.10,0.10,1.0,17.0,35.6,216,77,1009.9,56,37296.29
2023-12-27,3,31.9,25.4,28.4,0.00,0.00,0.0,14.8,32.4,183,78,1010.3,55,37308.84
2023-12-28,51,32.2,25.6,28.5,0.10,0.10,1.0,19.5,39.2,169,77,1011.2,47,37107.00
2023-12-29,3,32.1,25.0,28.3,0.00,0.00,0.0,16.9,36.0,195,77,1010.4,30,37333.33
2023-12-30,3,31.7,26.0,28.7,0.00,0.00,0.0,16.7,34.9,208,78,1010.1,58,36845.73
2023-12-31,51,31.8,26.3,28.8,0.10,0.10,1.0,18.9,40.0,209,77,1009.9,36,37356.79
2024-01-01,53,31.2,25.7,28.5,1.20,1.20,4.0,15.5,34.2,208,79,1010.6,36,36861.93
2024-01-02,51,31.6,26.0,28.5,0.20,0.20,1.0,17.7,35.3,218,79,1011.3,7,37378.94
2024-01-03,63,30.4,27.0,28.1,8.00,8.00,9.0,19.2,41.8,211,81,1011.5,83,36354.38
2024-01-04,3,30.7,26.4,28.1,0.00,0.00,0.0,17.7,33.5,213,81,1011.2,52,36642.20
2024-01-05,51,30.4,26.1,27.9,0.10,0.10,1.0,16.8,34.2,216,82,1010.8,57,36652.52
2024-01-06,55,30.4,26.7,28.2,1.70,1.70,4.0,14.8,30.2,198,81,1010.9,30,34180.37
2024-01-07,51,31.6,26.6,28.7,0.80,0.80,2.0,15.3,32.0,211,79,1010.2,26,36420.02
2024-01-08,61,30.8,26.1,28.1,2.80,2.80,6.0,15.5,31.7,204,82,1009.6,25,36299.26
2024-01-09,53,30.0,26.8,27.9,1.50,1.50,6.0,22.2,42.8,218,80,1009.8,35,33827.00
2024-01-10,63,29.5,23.3,27.2,6.00,6.00,3.0,17.0,37.1,232,84,1010.9,29,28878.27
2024-01-11,51,30.8,25.7,28.3,0.30,0.30,2.0,15.4,28.8,225,83,1009.7,53,26792.26
2024-01-12,61,31.9,26.5,28.6,1.90,1.90,2.0,15.8,34.6,221,81,1009.3,51,36227.98
2024-01-13,51,31.0,26.2,28.5,0.20,0.20,2.0,20.1,39.6,211,81,1010.2,58,36282.55
2024-01-14,51,30.9,25.7,28.1,0.30,0.30,1.0,21.3,42.5,212,81,1010.9,19,36239.51
2024-01-15,51,30.8,25.8,28.3,1.00,1.00,6.0,22.5,44.3,221,80,1011.9,43,36479.33
2024-01-16,2,31.9,25.3,28.3,0.00,0.00,0.0,19.5,38.5,218,80,1012.2,16,36237.29
2024-01-17,51,32.5,25.3,28.4,0.10,0.10,1.0,19.7,37.4,201,77,1012.2,7,36956.08
2024-01-18,3,32.2,25.1,28.1,0.00,0.00,0.0,18.4,37.1,189,80,1011.2,17,34206.86
2024-01-19,1,31.5,25.5,28.4,0.00,0.00,0.0,16.9,33.5,202,77,1011.2,10,36354.72
2024-01-20,2,32.0,25.7,28.6,0.00,0.00,0.0,18.8,38.5,212,78,1011.7,4,36673.22
2024-01-21,2,31.8,25.8,28.7,0.00,0.00,0.0,20.6,41.0,220,79,1011.3,13,36661.56
2024-01-22,1,31.9,25.8,28.9,0.00,0.00,0.0,19.1,38.2,218,79,1011.4,13,36890.05
2024-01-23,2,32.0,27.4,29.3,0.00,0.00,0.0,17.2,33.5,211,73,1012.0,15,36883.60
2024-01-24,51,31.7,27.4,28.6,0.70,0.70,5.0,16.4,33.5,192,78,1012.0,41,25997.42
2024-01-25,1,35.4,26.1,29.5,0.00,0.00,0.0,23.1,44.6,111,67,1011.6,4,37349.25
2024-01-26,3,34.7,24.8,28.8,0.00,0.00,0.0,19.0,39.6,99,57,1011.5,23,37335.13
2024-01-27,2,33.8,23.5,28.4,0.00,0.00,0.0,17.8,33.1,100,54,1010.9,5,37811.20
2024-01-28,0,33.5,23.2,28.0,0.00,0.00,0.0,19.0,38.2,149,52,1010.8,1,37796.17
2024-01-29,3,32.0,24.2,28.1,0.00,0.00,0.0,18.8,37.1,207,64,1010.9,32,35320.90
2024-01-30,3,32.3,25.2,28.2,0.00,0.00,0.0,17.8,34.6,202,76,1010.6,12,37265.42
2024-01-31,2,31.7,25.9,28.5,0.00,0.00,0.0,18.6,37.1,211,79,1011.2,24,37263.72
2024-02-01,51,31.8,26.6,28.8,0.20,0.20,2.0,18.4,36.0,211,79,1012.0,25,37005.90
2024-02-02,51,32.7,26.5,28.6,0.50,0.50,4.0,18.7,40.0,216,81,1010.6,33,37227.16
2024-02-03,3,33.5,24.7,28.3,0.00,0.00,0.0,16.1,34.2,189,68,1009.5,40,37704.89
2024-02-04,3,33.3,24.3,28.3,0.00,0.00,0.0,17.1,37.1,183,62,1010.3,58,38173.00
2024-02-05,3,33.7,24.2,28.4,0.00,0.00,0.0,16.8,35.6,168,59,1012.1,46,38398.13
2024-02-06,3,34.1,23.6,28.0,0.00,0.00,0.0,20.7,41.8,117,54,1012.2,29,38622.09
2024-02-07,3,34.4,23.2,28.1,0.00,0.00,0.0,17.4,36.0,135,54,1011.5,42,35408.18
2024-02-08,3,32.7,22.9,27.6,0.00,0.00,0.0,19.1,38.5,202,71,1011.0,11,38827.32
2024-02-09,3,31.6,24.7,27.7,0.00,0.00,0.0,18.8,38.2,217,82,1011.0,32,34271.63
2024-02-10,3,31.4,26.1,28.3,0.00,0.00,0.0,19.7,38.9,213,82,1010.6,22,34789.73
2024-02-11,3,31.2,26.7,28.7,0.00,0.00,0.0,16.9,35.3,214,81,1009.8,40,37335.54
2024-02-12,51,31.8,26.6,28.8,0.10,0.10,1.0,17.8,36.7,216,83,1009.3,14,37558.71
2024-02-13,51,31.5,27.6,29.0,0.40,0.40,3.0,20.5,41.8,225,83,1009.8,26,37592.57
2024-02-14,51,31.8,27.7,29.3,0.50,0.50,4.0,22.1,40.7,222,82,1010.1,43,37822.40
2024-02-15,53,30.5,27.8,28.7,1.40,1.40,7.0,21.3,40.0,221,83,1010.0,81,36417.15
2024-02-16,51,31.5,27.2,29.0,0.30,0.30,3.0,22.3,42.5,218,80,1009.9,87,37969.22
2024-02-17,3,31.7,27.7,29.3,0.00,0.00,0.0,19.9,36.7,215,79,1010.1,72,37322.31
2024-02-18,53,32.0,27.4,29.1,1.10,1.10,3.0,18.1,37.1,216,79,1009.8,67,37224.09
2024-02-19,51,31.9,27.8,29.5,0.30,0.30,3.0,17.3,36.7,224,80,1009.1,38,25860.67
2024-02-20,61,31.4,26.8,29.0,1.70,1.70,2.0,20.6,43.2,208,80,1007.8,66,35465.52
2024-02-21,63,31.2,26.8,28.7,8.60,8.60,6.0,19.2,37.4,217,81,1007.1,68,29153.57
2024-02-22,65,31.1,25.9,28.2,10.80,10.80,8.0,21.3,40.7,212,83,1007.2,98,36744.78
2024-02-23,51,30.1,28.0,28.8,0.70,0.70,4.0,21.4,36.4,209,80,1008.5,99,13328.52
2024-02-24,53,31.8,27.6,29.1,1.30,1.30,3.0,16.3,33.1,192,76,1010.1,86,29395.23
2024-02-25,3,31.6,27.6,29.1,0.00,0.00,0.0,17.6,37.1,218,78,1010.8,45,35062.52
2024-02-26,63,31.5,28.0,29.0,4.60,4.60,3.0,15.9,38.5,211,79,1009.6,49,37051.23
2024-02-27,51,31.6,27.7,29.5,0.20,0.20,1.0,19.0,40.0,222,77,1008.6,40,37557.86
2024-02-28,51,32.0,28.5,29.9,0.30,0.30,2.0,22.2,44.3,226,75,1008.0,66,37777.22
2024-02-29,61,31.9,27.3,29.6,2.00,2.00,1.0,24.9,52.9,230,77,1007.7,94,33676.25
2024-03-01,51,30.7,27.0,28.8,1.00,1.00,7.0,30.5,53.3,222,80,1008.2,98,31506.75
2024-03-02,51,31.5,27.9,29.3,0.70,0.70,4.0,22.4,43.6,221,79,1009.3,67,37030.55
2024-03-03,61,31.0,26.2,28.3,3.70,3.70,4.0,19.1,38.2,202,80,1010.0,100,23556.05
2024-03-04,3,31.6,27.1,28.8,0.00,0.00,0.0,21.1,42.5,216,76,1008.9,56,37468.87
2024-03-05,3,31.1,27.2,28.9,0.00,0.00,0.0,19.9,41.0,226,78,1009.1,78,37454.90
2024-03-06,51,31.3,28.1,29.2,0.70,0.70,5.0,21.3,43.2,220,78,1009.5,95,35095.63
2024-03-07,51,31.3,27.6,29.0,0.20,0.20,2.0,20.9,42.8,223,77,1010.6,89,33310.41
2024-03-08,3,30.9,27.7,28.8,0.00,0.00,0.0,20.6,39.6,230,78,1010.4,50,34717.66
2024-03-09,61,30.2,26.3,28.2,2.60,2.60,4.0,18.5,35.6,211,81,1010.0,99,25868.48
2024-03-10,3,31.6,26.9,28.8,0.00,0.00,0.0,15.9,34.6,199,80,1008.9,75,37852.48
2024-03-11,51,31.9,28.1,29.5,0.20,0.20,2.0,20.2,39.2,220,77,1010.3,80,37607.09
2024-03-12,51,31.6,28.2,29.4,0.40,0.40,4.0,22.7,44.3,226,78,1010.7,84,30275.17
2024-03-13,55,31.5,28.1,29.2,1.90,1.90,2.0,20.2,40.3,225,80,1010.5,86,25887.89
2024-03-14,63,31.7,27.2,29.0,6.60,6.60,8.0,21.9,45.7,218,79,1010.8,68,33000.13
2024-03-15,3,32.2,26.1,28.7,0.00,0.00,0.0,19.5,38.5,220,82,1009.3,38,37558.51
2024-03-16,3,31.7,27.7,29.5,0.00,0.00,0.0,17.7,36.7,217,79,1008.6,63,37058.93
2024-03-17,51,32.4,28.4,30.0,0.10,0.10,1.0,18.0,35.6,210,74,1007.7,29,37496.78
2024-03-18,65,32.4,27.7,29.5,9.40,9.40,5.0,22.8,40.0,214,80,1006.9,54,34068.79
2024-03-19,51,31.9,28.3,29.6,0.30,0.30,3.0,20.6,40.3,212,78,1006.8,88,27863.16
2024-03-20,53,32.0,28.4,29.8,1.90,1.90,4.0,18.7,39.2,223,78,1006.8,83,35359.36
2024-03-21,63,32.4,28.6,29.8,7.00,7.00,3.0,17.1,42.5,216,79,1007.5,70,33109.51
2024-03-22,3,32.8,28.2,30.0,0.00,0.00,0.0,22.4,43.9,223,74,1007.1,83,33715.49
2024-03-23,61,32.0,28.1,29.6,3.30,3.30,6.0,22.7,45.0,216,76,1007.6,87,30510.80
2024-03-24,3,31.9,28.0,29.6,0.00,0.00,0.0,18.3,37.4,221,74,1008.2,80,37069.82
2024-03-25,53,32.2,28.6,29.8,0.90,0.90,3.0,18.9,39.2,220,75,1008.9,53,37817.53
2024-03-26,51,32.8,28.5,30.2,0.10,0.10,1.0,18.0,37.8,209,72,1009.1,78,34375.65
2024-03-27,3,32.4,28.7,30.2,0.00,0.00,0.0,20.0,40.7,209,73,1008.4,76,39028.44
2024-03-28,65,33.0,28.5,29.8,12.30,12.30,5.0,24.6,52.9,225,78,1008.8,89,30084.75
2024-03-29,65,32.1,27.3,29.0,14.90,14.90,11.0,23.8,47.5,228,81,1009.0,91,30026.80
2024-03-30,51,32.2,27.8,29.9,0.30,0.30,2.0,24.1,44.6,223,74,1008.9,80,37094.90
2024-03-31,51,32.2,28.7,30.1,0.70,0.70,3.0,18.5,40.0,214,74,1009.2,96,39387.97
2024-04-01,51,31.6,28.7,29.7,1.70,1.70,8.0,21.0,40.7,211,76,1009.8,100,29360.41
2024-04-02,51,32.6,28.7,29.8,0.60,0.60,5.0,21.6,43.2,216,77,1008.5,84,36429.81
2024-04-03,61,31.5,25.5,29.0,2.70,2.70,5.0,22.7,42.8,220,77,1007.6,100,22916.48
2024-04-04,51,32.3,28.4,29.7,0.60,0.60,4.0,17.3,37.1,215,74,1007.8,75,36220.32
2024-04-05,53,31.7,28.0,28.9,2.10,2.10,10.0,23.2,45.7,209,78,1009.2,81,32688.48
2024-04-06,53,31.4,28.0,28.9,1.80,1.80,7.0,18.6,38.2,219,78,1009.8,82,29928.41
2024-04-07,55,32.5,26.6,29.6,1.20,1.20,2.0,20.5,41.4,228,77,1009.4,47,40737.33
2024-04-08,51,31.8,28.3,29.4,0.50,0.50,3.0,23.4,44.3,232,73,1008.8,94,11218.26
2024-04-09,3,32.7,28.2,30.2,0.00,0.00,0.0,15.8,34.9,198,67,1007.9,53,40438.26
2024-04-10,53,32.7,28.4,30.1,1.00,1.00,2.0,15.2,34.9,214,71,1007.7,50,39215.86
2024-04-11,63,31.3,26.7,28.7,5.70,5.70,9.0,21.3,41.4,232,79,1008.8,99,12907.16
2024-04-12,51,32.9,28.2,30.1,0.10,0.10,1.0,20.8,42.8,205,73,1009.2,79,33763.02
2024-04-13,63,32.7,26.1,29.9,8.70,8.70,6.0,20.2,41.8,221,72,1008.9,79,30124.08
2024-04-14,61,31.5,26.7,28.2,3.10,3.10,8.0,14.8,32.0,235,81,1009.5,82,19912.01
2024-04-15,51,32.2,28.2,29.9,0.30,0.30,3.0,13.2,30.2,209,75,1009.3,75,22191.92
2024-04-16,51,31.6,28.9,29.9,0.90,0.90,7.0,16.8,35.6,213,74,1008.8,84,28173.47
2024-04-17,51,32.2,27.5,29.8,0.20,0.20,2.0,19.8,39.2,214,76,1008.0,99,37334.71
2024-04-18,51,32.5,29.3,30.4,1.10,1.10,7.0,22.9,46.1,216,75,1008.6,89,41736.64
2024-04-19,51,32.4,28.8,30.3,1.20,1.20,7.0,21.3,43.6,198,77,1008.7,73,38585.40
2024-04-20,51,32.7,28.9,30.4,0.40,0.40,3.0,19.0,40.3,208,75,1007.5,71,41748.29
2024-04-21,55,31.4,28.1,29.7,3.00,3.00,12.0,20.6,40.7,220,77,1007.3,85,40011.31
2024-04-22,51,33.0,27.1,29.6,0.50,0.50,4.0,19.1,37.8,234,77,1007.9,96,37922.24
2024-04-23,61,30.9,27.5,28.9,2.20,2.20,4.0,17.1,30.2,233,79,1008.6,97,15134.51
2024-04-24,51,31.4,28.1,29.4,0.60,0.60,4.0,18.0,37.1,187,74,1009.2,82,41294.67
2024-04-25,51,31.8,27.9,29.6,0.50,0.50,2.0,20.0,40.0,220,78,1008.4,80,40109.93
2024-04-26,61,31.4,28.3,29.3,2.70,2.70,6.0,21.0,41.8,215,80,1007.6,67,36090.06
2024-04-27,3,32.4,28.5,30.1,0.00,0.00,0.0,16.8,34.9,218,75,1006.7,67,40592.67
2024-04-28,51,32.4,29.0,30.3,0.30,0.30,2.0,21.3,41.8,216,74,1007.2,91,41073.64
2024-04-29,51,32.3,29.0,30.2,0.60,0.60,4.0,21.7,43.9,224,73,1008.2,95,39054.20
2024-04-30,51,33.1,28.4,30.3,0.10,0.10,1.0,21.7,42.8,226,74,1006.9,93,37985.38
2024-05-01,51,32.0,28.1,29.4,0.90,0.90,5.0,24.3,47.5,221,78,1006.8,94,25352.21
2024-05-02,51,31.6,27.6,29.5,1.80,1.80,9.0,18.8,38.2,214,76,1008.0,86,38689.11
2024-05-03,61,32.2,27.5,29.3,2.10,2.10,4.0,27.1,51.5,180,74,1009.8,99,32400.00
2024-05-04,3,32.3,26.6,29.6,0.00,0.00,0.0,16.3,34.6,201,76,1009.5,48,41817.17
2024-05-05,51,32.7,29.2,30.6,0.10,0.10,1.0,17.4,36.7,208,71,1008.1,35,42062.32
2024-05-06,51,32.5,27.9,29.8,0.60,0.60,5.0,20.1,41.0,217,75,1007.4,95,23336.81
2024-05-07,55,32.5,26.2,29.1,3.60,3.60,6.0,19.6,40.0,217,78,1008.3,94,42312.19
2024-05-08,51,32.5,28.8,30.3,0.30,0.30,3.0,18.5,38.5,207,72,1008.3,80,41831.67
2024-05-09,3,32.5,28.1,30.1,0.00,0.00,0.0,19.5,40.0,215,73,1007.9,87,41592.09
2024-05-10,51,32.4,29.4,30.5,0.40,0.40,3.0,19.4,40.0,202,71,1007.8,60,42323.40
2024-05-11,53,32.1,28.7,29.7,1.50,1.50,6.0,15.0,35.6,214,74,1008.6,73,33423.55
2024-05-12,51,31.7,27.3,29.3,1.10,1.10,7.0,16.0,32.0,227,77,1009.5,100,25790.40
2024-05-13,63,30.6,25.6,28.4,8.40,8.40,6.0,16.5,32.0,238,79,1009.8,99,17661.24
2024-05-14,61,31.4,26.3,29.1,1.60,1.60,1.0,16.1,33.8,214,76,1009.4,93,37663.56
2024-05-15,51,32.1,28.7,30.1,0.70,0.70,7.0,18.9,37.1,198,72,1009.3,48,42091.81
2024-05-16,65,31.0,26.1,28.0,20.80,20.80,12.0,16.9,46.1,212,82,1010.5,89,21600.00
2024-05-17,53,31.3,25.5,28.1,2.30,2.30,7.0,17.5,34.6,243,81,1011.3,74,39230.33
2024-05-18,61,31.5,27.2,28.9,4.20,4.20,7.0,17.6,33.1,199,80,1010.2,94,37266.97
2024-05-19,51,31.9,28.1,29.7,0.70,0.70,5.0,18.2,37.4,214,73,1009.2,50,42971.74
2024-05-20,51,31.7,28.2,29.6,0.90,0.90,8.0,18.6,41.0,215,75,1009.8,57,42342.56
2024-05-21,53,32.5,28.2,29.9,0.90,0.90,3.0,21.8,40.7,221,74,1010.8,76,40369.96
2024-05-22,53,31.2,27.2,28.8,1.20,1.20,6.0,20.5,40.0,227,79,1011.2,100,12564.99
2024-05-23,51,31.6,26.3,28.4,0.20,0.20,2.0,20.5,41.4,224,78,1010.6,68,40635.77
2024-05-24,51,31.4,27.2,29.1,0.70,0.70,5.0,22.7,44.6,220,74,1010.7,78,39619.74
2024-05-25,65,28.8,25.7,27.2,28.80,28.80,13.0,14.5,29.2,166,84,1011.6,88,14731.43
2024-05-26,51,30.2,26.6,28.2,0.50,0.50,4.0,19.5,38.2,210,78,1011.6,72,42495.07
2024-05-27,3,30.6,26.1,28.4,0.00,0.00,0.0,20.5,40.3,236,77,1011.8,60,43062.03
2024-05-28,51,31.4,28.1,29.3,0.20,0.20,2.0,19.5,38.5,224,73,1011.9,96,41096.11
2024-05-29,51,30.9,27.2,28.7,0.60,0.60,6.0,18.6,37.4,215,78,1011.9,86,43086.37
2024-05-30,3,31.7,27.7,29.4,0.00,0.00,0.0,22.9,41.4,227,75,1010.9,88,36956.06
2024-05-31,61,29.5,26.2,27.5,6.50,6.50,15.0,23.8,42.8,212,83,1011.9,97,16229.86
2024-06-01,51,29.7,26.4,27.8,0.90,0.90,7.0,16.8,31.7,208,82,1012.7,70,43123.33
2024-06-02,63,28.0,25.1,26.5,11.40,11.40,13.0,13.5,25.6,257,85,1012.5,99,1523.27
2024-06-03,51,29.3,24.8,27.1,1.00,1.00,7.0,14.4,30.2,200,83,1012.5,66,34269.50
2024-06-04,51,28.7,26.3,27.3,0.70,0.70,5.0,20.2,39.2,210,82,1012.2,52,40071.27
2024-06-05,51,29.8,26.1,27.9,0.70,0.70,3.0,16.8,32.8,215,80,1011.7,53,43177.90
2024-06-06,63,29.0,25.4,27.1,8.40,8.40,17.0,22.3,46.4,203,82,1012.6,86,38969.45
2024-06-07,51,29.0,25.7,27.0,2.40,2.40,11.0,13.0,27.7,228,83,1013.8,94,26894.88
2024-06-08,51,29.1,25.8,27.5,1.60,1.60,10.0,16.9,34.2,229,81,1013.4,74,29548.35
2024-06-09,51,28.4,26.5,27.2,1.80,1.80,11.0,19.9,37.8,223,83,1012.2,89,35217.69
2024-06-10,51,29.5,26.8,27.8,1.90,1.90,10.0,19.5,38.5,213,80,1012.6,62,43141.61
2024-06-11,61,27.7,25.1,26.5,6.60,6.60,18.0,18.0,35.6,210,84,1013.3,89,20711.93
2024-06-12,51,29.0,24.4,26.8,0.60,0.60,4.0,15.4,32.4,225,84,1011.9,77,35781.74
2024-06-13,51,29.4,26.3,27.8,0.80,0.80,6.0,19.1,37.8,223,79,1011.5,56,43200.00
2024-06-14,65,27.5,25.0,26.4,27.40,27.40,17.0,17.7,35.3,233,85,1011.7,96,15552.81
2024-06-15,61,27.0,25.0,25.9,10.30,10.30,23.0,17.0,31.7,242,87,1011.6,99,8733.21
2024-06-16,53,27.9,25.0,26.4,2.20,2.20,11.0,9.2,20.5,246,87,1011.3,96,12106.40
2024-06-17,61,28.5,25.7,26.9,2.90,2.90,6.0,16.2,30.6,212,83,1011.4,80,36716.33
2024-06-18,51,28.5,25.7,27.2,2.40,2.40,11.0,13.7,29.9,221,84,1011.2,88,31872.12
2024-06-19,51,29.2,26.0,27.5,1.30,1.30,12.0,20.4,40.0,228,82,1010.3,81,42247.14
2024-06-20,63,27.8,25.3,26.4,7.80,7.80,16.0,17.9,34.6,203,85,1011.1,99,24524.31
2024-06-21,65,28.6,25.1,26.4,10.50,10.50,14.0,17.8,34.6,235,85,1012.2,100,27089.67
2024-06-22,53,28.3,24.8,26.7,3.00,3.00,11.0,17.4,34.9,224,85,1011.7,80,34270.80
2024-06-23,51,28.2,25.7,26.9,0.80,0.80,7.0,15.3,32.0,221,84,1011.5,93,42501.53
2024-06-24,63,28.8,25.5,27.0,5.40,5.40,10.0,18.7,36.7,213,83,1010.9,95,33763.56
2024-06-25,63,26.8,24.7,25.9,18.70,18.70,20.0,16.4,32.8,232,88,1011.2,100,2977.70
2024-06-26,53,28.1,25.1,26.2,7.60,7.60,18.0,15.6,30.6,247,86,1011.1,94,19873.34
2024-06-27,63,28.5,24.6,26.6,10.30,10.30,9.0,14.1,28.4,204,84,1010.7,66,35405.09
2024-06-28,61,28.1,26.1,27.0,3.80,3.80,8.0,18.6,35.6,219,82,1011.1,97,38475.90
2024-06-29,61,27.7,25.4,26.5,8.30,8.30,13.0,19.1,35.6,236,85,1011.2,98,21645.35
2024-06-30,53,28.0,25.1,26.5,1.90,1.90,10.0,17.1,34.2,226,84,1011.5,83,41242.36
2024-07-01,51,28.5,25.1,26.8,1.00,1.00,7.0,19.4,38.2,233,84,1012.4,82,36814.22
2024-07-02,63,27.5,25.3,26.7,5.40,5.40,9.0,21.9,40.3,229,82,1011.9,94,21931.34
2024-07-03,63,26.8,24.8,25.4,33.50,33.50,21.0,22.1,38.9,232,87,1011.7,100,4838.22
2024-07-04,63,27.2,24.0,25.5,15.50,15.50,16.0,17.1,33.5,237,87,1012.7,95,12936.79
2024-07-05,61,28.4,25.8,26.7,5.50,5.50,9.0,15.3,31.0,231,82,1012.6,93,32593.85
2024-07-06,53,27.9,25.8,26.6,2.90,2.90,11.0,16.4,32.8,230,84,1012.0,100,10501.68
2024-07-07,53,27.2,25.3,26.1,1.80,1.80,12.0,21.9,41.8,226,86,1011.9,97,34146.31
2024-07-08,63,26.8,24.9,25.7,8.80,8.80,21.0,17.8,33.8,236,86,1012.0,100,529.77
2024-07-09,51,27.3,24.5,25.9,1.90,1.90,15.0,22.5,42.5,234,84,1011.4,74,43200.00
2024-07-10,51,27.4,25.1,26.1,0.30,0.30,3.0,20.1,39.6,230,82,1012.0,93,39311.40
2024-07-11,51,26.9,25.3,26.0,1.30,1.30,9.0,20.9,39.6,237,83,1012.7,99,22344.93
2024-07-12,61,27.0,25.2,25.9,5.60,5.60,12.0,19.7,37.4,230,84,1012.9,96,29803.99
2024-07-13,51,27.5,25.2,26.0,0.70,0.70,5.0,21.0,40.3,228,84,1013.4,90,37284.49
2024-07-14,51,27.4,25.1,26.1,0.90,0.90,5.0,19.1,37.4,225,83,1013.6,78,43200.00
2024-07-15,51,27.4,25.0,26.0,0.30,0.30,2.0,24.6,47.2,237,82,1014.0,83,41694.11
2024-07-16,51,27.2,24.8,25.9,0.60,0.60,5.0,23.1,44.6,240,84,1013.5,94,34293.72
2024-07-17,51,26.6,25.0,25.7,0.90,0.90,5.0,25.2,46.4,235,84,1013.2,98,36672.06
2024-07-18,51,27.3,24.9,25.8,0.70,0.70,4.0,26.7,50.0,234,83,1013.6,64,40866.55
2024-07-19,51,26.7,24.7,25.5,0.80,0.80,6.0,24.2,45.4,234,83,1013.7,81,33329.24
2024-07-20,53,26.4,24.8,25.3,2.10,2.10,11.0,28.3,52.6,229,85,1012.7,98,36373.49
2024-07-21,53,26.1,24.4,25.1,2.90,2.90,14.0,23.2,45.0,224,84,1013.6,65,38552.55
2024-07-22,51,26.5,24.3,25.3,0.50,0.50,3.0,20.7,40.0,226,84,1014.6,75,42039.65
2024-07-23,51,27.0,24.3,25.4,0.10,0.10,1.0,19.1,37.8,222,83,1015.6,60,41893.30
2024-07-24,51,26.7,24.5,25.3,0.80,0.80,5.0,19.5,38.2,222,84,1015.3,99,42863.66
2024-07-25,51,26.8,24.4,25.4,0.70,0.70,6.0,22.7,43.6,224,82,1014.2,82,39560.81
2024-07-26,51,26.9,24.5,25.4,0.70,0.70,6.0,22.9,43.2,227,83,1013.7,62,42178.22
2024-07-27,51,26.7,24.4,25.4,0.30,0.30,3.0,21.0,40.0,224,82,1013.6,70,42455.56
2024-07-28,51,26.7,24.7,25.4,0.50,0.50,4.0,26.0,48.6,230,82,1013.7,97,36051.44
2024-07-29,51,26.7,24.7,25.5,0.70,0.70,6.0,23.7,44.6,228,83,1013.4,95,34823.67
2024-07-30,51,26.8,24.3,25.3,0.90,0.90,7.0,25.8,48.6,234,82,1013.1,97,36439.98
2024-07-31,51,26.5,24.6,25.3,0.60,0.60,5.0,24.8,47.2,231,82,1012.3,76,26622.17
2024-08-01,51,26.6,24.4,25.2,1.10,1.10,8.0,24.2,45.7,228,83,1012.7,91,30539.34
2024-08-02,51,26.7,24.1,25.2,0.50,0.50,4.0,21.1,41.8,220,84,1012.7,79,43200.00
2024-08-03,51,26.9,24.0,25.2,0.80,0.80,6.0,20.1,39.2,218,83,1013.4,88,43200.00
2024-08-04,51,26.9,24.2,25.4,0.50,0.50,5.0,19.8,39.2,218,80,1014.5,94,42475.00
2024-08-05,51,27.0,24.1,25.3,0.30,0.30,3.0,20.6,38.9,224,81,1014.0,94,42436.98
2024-08-06,53,26.7,24.4,25.3,1.80,1.80,7.0,24.7,46.8,228,81,1012.7,92,37999.76
2024-08-07,51,26.8,24.2,25.3,0.90,0.90,5.0,25.6,48.6,230,82,1011.6,94,35036.17
2024-08-08,53,26.7,24.0,25.2,2.30,2.30,10.0,23.2,43.2,219,83,1011.8,88,30684.65
2024-08-09,51,27.4,24.1,25.4,0.10,0.10,1.0,18.5,37.1,222,83,1012.2,72,43200.00
2024-08-10,51,27.6,24.4,25.5,0.50,0.50,4.0,22.9,43.9,228,81,1012.2,68,41634.25
2024-08-11,53,27.6,24.6,25.7,1.00,1.00,4.0,23.7,46.1,221,78,1012.1,66,43200.00
2024-08-12,51,27.1,24.5,25.8,0.80,0.80,3.0,23.7,44.6,222,80,1011.9,92,34543.56
2024-08-13,51,27.3,24.9,25.8,1.60,1.60,12.0,25.3,47.2,221,82,1012.5,82,38290.16
2024-08-14,51,27.5,24.3,25.7,1.90,1.90,12.0,21.4,42.5,223,81,1013.4,83,41402.18
2024-08-15,51,27.5,24.4,25.6,0.20,0.20,2.0,23.7,45.7,230,81,1013.2,80,42973.35
2024-08-16,51,27.0,24.9,25.6,0.50,0.50,5.0,25.2,47.5,228,81,1012.2,93,25570.35
2024-08-17,51,27.3,24.8,25.8,0.70,0.70,4.0,24.5,47.2,217,80,1012.6,58,34894.17
2024-08-18,51,27.8,24.1,25.7,0.50,0.50,4.0,19.6,41.0,227,83,1013.8,83,43188.32
2024-08-19,51,27.3,24.4,25.1,1.70,1.70,7.0,20.8,40.7,237,84,1013.3,100,7200.00
2024-08-20,53,26.8,24.5,25.3,3.00,3.00,12.0,26.2,49.3,234,85,1012.9,99,9698.38
2024-08-21,51,27.8,24.6,25.7,0.60,0.60,4.0,19.6,39.6,227,83,1013.3,65,43119.12
2024-08-22,51,27.8,24.3,25.6,0.10,0.10,1.0,21.3,41.8,230,83,1012.2,78,40903.67
2024-08-23,61,26.9,24.5,25.2,8.20,8.20,19.0,29.4,54.7,231,86,1011.0,98,16969.37
2024-08-24,53,26.3,24.4,25.0,5.80,5.80,20.0,19.6,38.2,213,87,1013.0,100,5471.14
2024-08-25,51,27.4,24.4,25.3,1.60,1.60,10.0,18.1,35.3,237,87,1013.2,99,30588.89
2024-08-26,63,26.3,24.4,25.2,4.60,4.60,13.0,28.1,51.8,235,87,1011.4,100,22671.20
2024-08-27,51,26.9,24.7,25.5,0.70,0.70,4.0,29.6,54.4,228,85,1011.5,76,39384.99
2024-08-28,61,26.4,24.4,25.0,5.60,5.60,17.0,18.9,36.0,222,89,1013.4,82,17792.88
2024-08-29,51,26.9,24.2,25.3,0.60,0.60,4.0,19.8,39.2,235,86,1013.2,96,34026.49
2024-08-30,51,26.9,24.5,25.4,0.30,0.30,2.0,27.7,52.2,236,84,1012.0,99,37603.90
2024-08-31,51,27.4,24.5,25.6,0.20,0.20,2.0,24.9,48.2,230,82,1011.8,71,42170.88
2024-09-01,51,27.5,24.3,25.4,0.50,0.50,3.0,21.7,42.5,222,81,1012.7,53,42817.06
2024-09-02,3,27.6,23.8,25.4,0.00,0.00,0.0,19.5,39.6,220,82,1012.8,54,42787.34
2024-09-03,51,27.3,24.2,25.4,0.50,0.50,3.0,22.7,44.6,225,81,1012.3,94,42452.26
2024-09-04,51,27.9,24.3,25.7,0.40,0.40,4.0,20.4,41.0,223,80,1012.5,58,42608.52
2024-09-05,2,28.2,24.4,25.8,0.00,0.00,0.0,21.0,42.1,225,81,1012.6,19,42697.50
2024-09-06,3,28.2,24.4,25.8,0.00,0.00,0.0,23.5,46.4,232,81,1012.1,84,42667.52
2024-09-07,53,27.5,24.8,25.6,2.70,2.70,8.0,21.2,41.4,236,82,1012.7,90,32675.28
2024-09-08,3,28.3,23.9,25.8,0.00,0.00,0.0,19.6,40.7,228,79,1012.9,26,42607.80
2024-09-09,3,28.6,24.2,26.1,0.00,0.00,0.0,23.5,46.8,227,79,1012.7,48,42577.96
2024-09-10,61,28.3,25.0,26.3,3.50,3.50,8.0,24.7,47.5,233,82,1011.5,86,40934.24
2024-09-11,53,28.5,24.7,26.3,2.20,2.20,11.0,21.4,44.3,228,81,1011.3,81,38862.01
2024-09-12,53,27.9,25.1,26.2,1.60,1.60,8.0,19.9,41.0,224,82,1012.3,83,39635.59
2024-09-13,61,28.2,24.8,26.0,3.00,3.00,9.0,21.2,40.7,239,83,1012.6,96,41185.83
2024-09-14,63,27.3,23.9,25.3,19.60,19.60,14.0,21.3,41.8,244,88,1012.5,95,25341.03
2024-09-15,51,27.9,24.9,25.9,0.50,0.50,5.0,20.2,40.3,229,84,1012.3,69,38276.13
2024-09-16,51,27.9,24.9,26.1,0.30,0.30,2.0,21.7,42.5,231,82,1012.7,54,41389.36
2024-09-17,63,27.2,24.3,25.5,7.50,7.50,12.0,21.0,40.3,248,87,1012.1,89,19338.79
2024-09-18,51,27.4,24.4,25.9,0.70,0.70,6.0,23.2,44.6,240,83,1011.8,91,32274.36
2024-09-19,51,28.3,24.4,26.2,0.60,0.60,6.0,22.7,44.6,230,81,1011.5,63,41740.35
2024-09-20,51,28.4,25.0,26.3,0.80,0.80,5.0,19.4,38.9,229,81,1011.0,62,41987.42
2024-09-21,53,28.4,24.9,26.2,2.10,2.10,8.0,16.6,38.2,236,82,1010.2,97,38367.84
2024-09-22,51,28.3,25.1,26.3,0.50,0.50,3.0,20.9,42.8,231,83,1010.1,59,41094.06
2024-09-23,51,28.6,24.7,26.4,1.10,1.10,8.0,19.7,40.3,220,80,1011.2,60,40416.14
2024-09-24,51,28.7,25.0,26.5,0.90,0.90,8.0,19.9,40.7,220,81,1011.3,70,38901.30
2024-09-25,61,27.3,24.7,25.5,9.00,9.00,18.0,19.3,36.4,226,86,1011.8,94,14932.12
2024-09-26,55,28.1,24.7,26.1,2.40,2.40,9.0,17.6,36.7,232,83,1012.1,75,37335.11
2024-09-27,53,28.4,25.3,26.6,1.00,1.00,4.0,21.2,44.3,231,81,1011.6,83,40710.01
2024-09-28,51,28.1,25.1,26.3,1.20,1.20,8.0,20.2,41.4,223,81,1011.6,81,39600.00
2024-09-29,51,28.2,25.1,26.5,1.30,1.30,7.0,18.9,37.1,236,81,1011.7,78,37140.32
2024-09-30,51,28.1,25.4,26.5,1.10,1.10,7.0,20.1,41.0,228,80,1010.4,86,38900.75
2024-10-01,63,28.1,24.7,26.3,6.80,6.80,11.0,19.6,39.2,227,82,1009.6,70,39844.26
2024-10-02,51,28.7,25.3,26.7,1.50,1.50,8.0,22.4,43.2,233,82,1009.1,81,40322.92
2024-10-03,63,28.0,25.2,26.3,13.80,13.80,15.0,18.9,38.2,246,84,1009.8,93,27188.74
2024-10-04,61,27.8,25.2,26.3,5.60,5.60,16.0,26.4,49.0,239,84,1010.7,100,19216.08
2024-10-05,61,27.6,24.3,25.4,10.70,10.70,23.0,20.3,39.2,224,87,1012.1,96,16575.78
2024-10-06,53,28.0,24.7,25.9,2.50,2.50,13.0,16.2,31.0,224,85,1012.6,78,34098.03
2024-10-07,61,27.2,24.8,25.8,6.30,6.30,13.0,14.8,29.9,239,86,1012.7,97,13889.01
2024-10-08,51,28.8,24.0,26.0,0.30,0.30,3.0,14.4,29.2,229,85,1012.9,84,33886.56
2024-10-09,53,28.2,24.6,26.1,1.50,1.50,8.0,17.9,34.6,197,85,1012.9,57,27584.13
2024-10-10,51,28.8,24.4,26.5,0.70,0.70,5.0,16.9,34.9,180,83,1011.6,73,33513.01
2024-10-11,51,29.1,25.4,27.1,0.20,0.20,2.0,19.1,37.1,233,79,1011.4,62,39984.76
2024-10-12,61,28.8,25.4,27.0,3.40,3.40,8.0,18.1,33.8,239,81,1011.5,87,36859.46
2024-10-13,63,26.8,24.1,25.5,11.50,11.50,17.0,17.8,35.6,202,88,1012.5,100,3268.80
2024-10-14,63,27.5,24.9,26.0,7.30,7.30,17.0,18.3,36.4,205,84,1012.9,81,34178.72
2024-10-15,51,28.9,24.8,26.6,1.00,1.00,8.0,14.0,28.8,215,82,1012.3,63,39812.80
2024-10-16,53,28.7,25.3,26.8,1.20,1.20,7.0,14.3,30.2,214,82,1012.2,93,34106.65
2024-10-17,65,26.3,24.4,25.4,30.60,30.60,17.0,16.9,33.1,216,87,1013.0,100,0.00
2024-10-18,51,28.0,23.7,26.0,1.00,1.00,7.0,16.3,33.8,229,85,1012.2,73,39600.00
2024-10-19,53,28.4,24.9,26.5,2.40,2.40,10.0,16.7,33.8,234,84,1011.2,87,34570.36
2024-10-20,51,28.8,25.2,26.7,0.50,0.50,3.0,15.9,31.7,233,84,1011.3,69,38182.28
2024-10-21,53,28.6,25.2,26.8,1.70,1.70,9.0,14.8,35.6,233,84,1011.3,57,39645.61
2024-10-22,61,27.7,25.3,26.5,2.80,2.80,7.0,12.2,28.4,215,86,1011.0,88,36384.76
2024-10-23,53,28.8,25.3,26.9,1.60,1.60,7.0,14.3,29.9,217,84,1011.0,59,39600.00
2024-10-24,51,28.6,25.4,27.1,0.40,0.40,3.0,18.6,36.7,231,84,1011.1,60,39600.00
2024-10-25,53,29.3,25.7,27.3,5.40,5.40,14.0,20.8,41.0,226,83,1011.0,96,31607.16
2024-10-26,61,29.3,25.6,27.0,5.20,5.20,8.0,12.6,27.0,206,85,1010.9,75,23543.45
2024-10-27,2,29.0,24.6,27.0,0.00,0.00,0.0,15.3,30.6,221,85,1010.1,21,39600.00
2024-10-28,51,29.1,26.5,27.4,1.40,1.40,7.0,15.7,32.0,216,83,1009.9,63,38443.29
2024-10-29,63,28.7,25.4,26.5,8.00,8.00,9.0,16.2,38.2,199,85,1010.6,88,25446.45
2024-10-30,51,29.2,25.2,27.1,0.70,0.70,7.0,13.4,31.3,203,84,1010.4,63,39600.00
2024-10-31,51,29.4,26.0,27.6,0.40,0.40,4.0,13.0,29.5,204,82,1010.3,45,39600.00
2024-11-01,51,29.3,26.2,27.6,0.80,0.80,5.0,14.5,33.5,214,84,1009.9,38,39600.00
2024-11-02,51,29.3,26.0,27.5,1.80,1.80,10.0,19.7,37.8,206,83,1009.6,37,39600.00
2024-11-03,61,29.6,26.1,27.1,2.80,2.80,6.0,14.0,31.7,194,83,1011.2,66,31411.06
2024-11-04,51,30.2,26.2,27.7,0.30,0.30,2.0,15.8,36.7,200,83,1010.8,31,39600.00
2024-11-05,51,30.1,25.0,27.5,0.30,0.30,2.0,16.6,33.5,208,82,1009.1,31,39600.00
2024-11-06,51,30.1,25.0,27.5,0.30,0.30,3.0,17.1,33.5,212,81,1008.3,11,39600.00
2024-11-07,51,30.9,26.0,27.9,0.30,0.30,3.0,20.2,38.9,198,80,1009.2,82,35938.95
2024-11-08,51,30.5,26.3,28.2,0.30,0.30,1.0,20.8,38.5,222,76,1010.1,71,36633.05
2024-11-09,63,30.5,25.7,27.9,2.70,2.70,2.0,19.8,37.8,222,78,1010.5,86,37862.71
2024-11-10,61,29.9,25.2,27.4,2.80,2.80,2.0,18.5,36.7,174,78,1010.8,85,33553.37
2024-11-11,61,29.5,26.4,27.5,3.00,3.00,8.0,12.6,30.6,166,79,1009.1,19,39600.00
2024-11-12,51,30.5,25.1,27.9,0.30,0.30,2.0,14.2,36.0,215,80,1008.4,76,39600.00
2024-11-13,55,31.1,26.7,28.8,1.10,1.10,2.0,15.7,37.8,221,76,1008.6,81,39600.00
2024-11-14,65,30.9,25.0,27.9,9.70,9.70,7.0,15.9,50.0,224,80,1009.0,49,39600.00
2024-11-15,51,31.2,26.7,28.7,0.50,0.50,4.0,14.3,33.1,201,75,1009.2,57,39600.00
2024-11-16,53,31.6,27.1,28.7,1.20,1.20,8.0,14.1,37.1,194,76,1009.0,19,39600.00
2024-11-17,53,30.5,26.3,28.1,1.50,1.50,9.0,11.4,33.1,215,79,1009.1,73,39600.00
2024-11-18,53,30.3,26.8,28.2,2.20,2.20,10.0,11.3,29.5,208,78,1009.4,19,39600.00
2024-11-19,51,31.8,26.6,28.7,0.80,0.80,5.0,13.1,30.6,212,74,1009.9,47,39600.00
2024-11-20,3,32.9,26.6,29.2,0.00,0.00,0.0,13.2,32.0,226,71,1010.5,72,39600.00
2024-11-21,53,31.6,26.6,28.8,0.90,0.90,5.0,17.9,38.9,221,75,1010.0,27,39600.00
2024-11-22,51,30.1,27.0,28.2,0.40,0.40,4.0,13.3,39.6,208,78,1010.4,46,35946.08
2024-11-23,55,30.8,27.0,28.1,2.50,2.50,6.0,13.8,32.0,201,79,1010.6,69,29372.14
2024-11-24,51,32.4,25.7,28.4,0.30,0.30,1.0,13.0,36.4,210,76,1010.6,44,39600.00
2024-11-25,51,31.6,26.4,28.2,0.20,0.20,2.0,12.4,34.6,225,79,1010.9,15,39600.00
2024-11-26,61,30.5,26.7,28.2,2.20,2.20,4.0,13.0,35.6,221,80,1011.0,17,39600.00
2024-11-27,55,30.6,26.6,28.2,2.00,2.00,5.0,12.4,30.2,216,78,1010.9,19,37961.22
2024-11-28,61,32.1,25.4,28.1,2.50,2.50,7.0,15.5,39.6,185,78,1010.9,18,39269.47
2024-11-29,2,32.5,25.3,28.3,0.00,0.00,0.0,10.4,28.1,159,73,1011.6,12,39600.00
2024-11-30,3,33.8,24.7,28.6,0.00,0.00,0.0,11.0,31.3,187,66,1011.4,74,39600.00
2024-12-01,3,34.1,25.1,29.1,0.00,0.00,0.0,13.3,29.9,219,60,1009.7,25,39600.00
2024-12-02,0,33.4,25.1,28.8,0.00,0.00,0.0,14.3,36.4,220,68,1009.2,2,39600.00
2024-12-03,61,32.2,26.6,29.0,1.40,1.40,2.0,13.8,38.5,224,74,1009.3,28,39600.00
2024-12-04,55,30.6,26.9,28.2,2.80,2.80,6.0,14.2,33.8,210,78,1009.7,52,36000.00
2024-12-05,51,31.3,26.3,28.2,0.40,0.40,2.0,14.1,33.1,217,77,1010.2,17,39600.00
2024-12-06,53,30.4,26.6,27.9,1.70,1.70,5.0,13.2,34.2,208,78,1009.7,40,38805.35
2024-12-07,3,33.2,25.8,28.7,0.00,0.00,0.0,13.5,36.0,193,72,1009.5,45,39600.00
2024-12-08,3,33.7,25.4,29.2,0.00,0.00,0.0,13.3,32.4,204,65,1009.3,19,39600.00
2024-12-09,3,32.9,25.8,28.9,0.00,0.00,0.0,11.0,31.0,211,69,1009.6,93,37126.28
2024-12-10,3,32.2,25.9,28.8,0.00,0.00,0.0,13.9,34.9,221,74,1009.1,51,38018.15
2024-12-11,3,31.8,27.1,29.1,0.00,0.00,0.0,16.6,40.7,225,75,1009.2,92,36568.26
2024-12-12,51,31.8,27.7,29.2,0.30,0.30,3.0,17.1,36.7,219,75,1008.8,73,39008.01
2024-12-13,53,30.0,27.2,28.3,1.60,1.60,4.0,14.3,39.6,215,76,1009.1,35,38859.06
2024-12-14,51,31.9,25.8,28.4,0.10,0.10,1.0,13.1,35.6,204,78,1009.0,17,37353.24
2024-12-15,51,32.1,26.3,28.7,0.30,0.30,3.0,12.6,28.4,214,76,1009.5,11,39230.35
2024-12-16,1,31.9,25.9,28.6,0.00,0.00,0.0,10.3,27.0,223,77,1010.3,4,39306.45
2024-12-17,3,32.2,25.9,28.7,0.00,0.00,0.0,13.9,30.6,224,75,1010.4,24,38440.81
2024-12-18,1,33.8,24.9,28.8,0.00,0.00,0.0,13.7,31.3,223,68,1010.6,6,38982.20
2024-12-19,3,33.7,24.7,28.7,0.00,0.00,0.0,13.3,36.4,56,58,1011.2,33,38811.95
2024-12-20,1,33.6,23.5,27.8,0.00,0.00,0.0,14.1,36.4,24,51,1011.3,2,39600.00
2024-12-21,3,33.8,23.3,27.8,0.00,0.00,0.0,11.5,31.3,15,45,1010.4,38,38206.69
2024-12-22,3,33.2,22.9,27.7,0.00,0.00,0.0,11.6,27.7,7,53,1010.1,12,39283.84
2024-12-23,3,33.1,24.2,28.2,0.00,0.00,0.0,13.2,31.0,214,65,1009.7,24,38894.80
2024-12-24,3,32.1,25.5,28.2,0.00,0.00,0.0,13.0,34.6,207,73,1009.5,43,36569.88
2024-12-25,3,33.0,25.8,28.5,0.00,0.00,0.0,13.6,34.6,215,76,1009.5,18,37874.21
2024-12-26,2,32.8,26.0,28.7,0.00,0.00,0.0,13.8,36.4,228,77,1009.6,19,37363.70
2024-12-27,3,33.0,26.1,28.9,0.00,0.00,0.0,12.6,32.4,219,77,1009.4,41,35897.63
2024-12-28,3,32.9,25.6,28.6,0.00,0.00,0.0,14.0,36.4,217,78,1009.7,55,34463.78
2024-12-29,51,32.0,26.1,28.6,0.10,0.10,1.0,14.8,34.9,211,79,1009.9,37,36085.82
2024-12-30,3,32.2,26.9,28.9,0.00,0.00,0.0,13.9,36.4,199,77,1009.7,82,37102.94
2024-12-31,1,31.6,26.5,28.7,0.00,0.00,0.0,14.3,38.5,209,78,1009.3,11,37114.67
